2026-09-13 09:59:35,321 [INFO] Activator:176 - 


2026-09-13 09:59:35,323 [INFO] Activator:177 - !SESSION log4j initialized
2026-09-13 09:59:38,440 [INFO] LogOutputStream:77 - [STDOUT_REDIRECT] 
2026-09-13 09:59:41,689 [INFO] ApplicationProperties:184 - Using Application install path: C:\ST\STM32CubeIDE_1.19.0\STM32CubeIDE\plugins\com.st.stm32cube.common.mx_6.15.0.202507011659
2026-09-13 09:59:41,712 [INFO] DbMcusXml:78 - Set database path to: C:\ST\STM32CubeIDE_1.19.0\STM32CubeIDE\plugins\com.st.stm32cube.common.mx_6.15.0.202507011659\\db\/mcu/
2026-09-13 09:59:41,713 [INFO] ApiDb:274 - Set plugin database path to: C:\ST\STM32CubeIDE_1.19.0\STM32CubeIDE\plugins\com.st.stm32cube.common.mx_6.15.0.202507011659\\db\/plugins/boardmanager/
2026-09-13 09:59:41,714 [WARN] ApiDb:259 - Overriding images path with different value:  => C:\ST\STM32CubeIDE_1.19.0\STM32CubeIDE\plugins\com.st.stm32cube.common.mx_6.15.0.202507011659\\db\/plugins/mcufinder/images/
2026-09-13 09:59:41,722 [INFO] ApiDb:250 - Set database path to: C:\Users\Lenovo\.stmcufinder\plugins\mcufinder//mcu/
2026-09-13 09:59:41,723 [INFO] DbMcusAds:125 - Set database path to: C:\Users\Lenovo\.stmcufinder\plugins\mcufinder//mcu/
2026-09-13 09:59:41,726 [INFO] CrossReferenceDbSqlite:203 - Set database path to: C:\Users\Lenovo\.stmcufinder\plugins\mcufinder//mcu/cs/
2026-09-13 09:59:41,872 [INFO] RulesReader:64 - Compatibility file has been processed (317 Rules)
2026-09-13 09:59:41,992 [INFO] DbMcusXml:78 - Set database path to: C:\ST\STM32CubeIDE_1.19.0\STM32CubeIDE\plugins\com.st.stm32cube.common.mx_6.15.0.202507011659\\db\/mcu/
2026-09-13 09:59:41,992 [INFO] ApiDb:274 - Set plugin database path to: C:\ST\STM32CubeIDE_1.19.0\STM32CubeIDE\plugins\com.st.stm32cube.common.mx_6.15.0.202507011659\\db\/plugins/boardmanager/
2026-09-13 09:59:41,992 [INFO] ApiDb:261 - Set plugin images path to: C:\ST\STM32CubeIDE_1.19.0\STM32CubeIDE\plugins\com.st.stm32cube.common.mx_6.15.0.202507011659\\db\/plugins/mcufinder/images/
2026-09-13 09:59:41,992 [WARN] DbFile:41 - Overriding database path with different value: C:\Users\Lenovo\.stmcufinder\plugins\mcufinder/ => C:\Users\Lenovo\.stmcufinder\plugins\mcufinder
2026-09-13 09:59:41,992 [INFO] ApiDb:250 - Set database path to: C:\Users\Lenovo\.stmcufinder\plugins\mcufinder//mcu/
2026-09-13 09:59:41,993 [WARN] DbFile:41 - Overriding database path with different value: C:\Users\Lenovo\.stmcufinder\plugins\mcufinder/ => C:\Users\Lenovo\.stmcufinder\plugins\mcufinder
2026-09-13 09:59:41,993 [INFO] DbMcusAds:125 - Set database path to: C:\Users\Lenovo\.stmcufinder\plugins\mcufinder//mcu/
2026-09-13 09:59:41,993 [WARN] DbFile:41 - Overriding database path with different value: C:\Users\Lenovo\.stmcufinder\plugins\mcufinder/ => C:\Users\Lenovo\.stmcufinder\plugins\mcufinder
2026-09-13 09:59:41,993 [WARN] DbFile:41 - Overriding database path with different value: C:\Users\Lenovo\.stmcufinder\plugins\mcufinder/ => C:\Users\Lenovo\.stmcufinder\plugins\mcufinder
2026-09-13 09:59:41,993 [INFO] CrossReferenceDbSqlite:203 - Set database path to: C:\Users\Lenovo\.stmcufinder\plugins\mcufinder//mcu/cs/
2026-09-13 09:59:42,105 [INFO] MainPanel:274 - HeapMemory: 268435456
2026-09-13 09:59:42,211 [INFO] DbMcusXml:78 - Set database path to: C:\ST\STM32CubeIDE_1.19.0\STM32CubeIDE\plugins\com.st.stm32cube.common.mx_6.15.0.202507011659\\db\/mcu/
2026-09-13 09:59:42,211 [INFO] ApiDb:274 - Set plugin database path to: C:\ST\STM32CubeIDE_1.19.0\STM32CubeIDE\plugins\com.st.stm32cube.common.mx_6.15.0.202507011659\\db\/plugins/boardmanager/
2026-09-13 09:59:42,211 [INFO] ApiDb:261 - Set plugin images path to: C:\ST\STM32CubeIDE_1.19.0\STM32CubeIDE\plugins\com.st.stm32cube.common.mx_6.15.0.202507011659\\db\/plugins/mcufinder/images/
2026-09-13 09:59:42,212 [WARN] DbFile:41 - Overriding database path with different value: C:\Users\Lenovo\.stmcufinder\plugins\mcufinder/ => C:\Users\Lenovo\.stmcufinder\plugins\mcufinder
2026-09-13 09:59:42,212 [INFO] ApiDb:250 - Set database path to: C:\Users\Lenovo\.stmcufinder\plugins\mcufinder//mcu/
2026-09-13 09:59:42,212 [WARN] DbFile:41 - Overriding database path with different value: C:\Users\Lenovo\.stmcufinder\plugins\mcufinder/ => C:\Users\Lenovo\.stmcufinder\plugins\mcufinder
2026-09-13 09:59:42,212 [INFO] DbMcusAds:125 - Set database path to: C:\Users\Lenovo\.stmcufinder\plugins\mcufinder//mcu/
2026-09-13 09:59:42,212 [WARN] DbFile:41 - Overriding database path with different value: C:\Users\Lenovo\.stmcufinder\plugins\mcufinder/ => C:\Users\Lenovo\.stmcufinder\plugins\mcufinder
2026-09-13 09:59:42,212 [WARN] DbFile:41 - Overriding database path with different value: C:\Users\Lenovo\.stmcufinder\plugins\mcufinder/ => C:\Users\Lenovo\.stmcufinder\plugins\mcufinder
2026-09-13 09:59:42,212 [INFO] CrossReferenceDbSqlite:203 - Set database path to: C:\Users\Lenovo\.stmcufinder\plugins\mcufinder//mcu/cs/
2026-09-13 09:59:42,239 [INFO] ApplicationProperties:184 - Using Application install path: C:\ST\STM32CubeIDE_1.19.0\STM32CubeIDE\plugins\com.st.stm32cube.common.mx_6.15.0.202507011659
2026-09-13 09:59:42,241 [INFO] PluginManage:196 - Search for loadable plugins [exclusion list=, ]
2026-09-13 09:59:42,242 [INFO] PluginManage:310 - Check plugin analytics
2026-09-13 09:59:42,545 [INFO] AnalyticsPlugin:253 - Accepted Software Licenses: 
2026-09-13 09:59:42,546 [INFO] AnalyticsPlugin:255 - Accepted CMSIS Pack Licenses: 
2026-09-13 09:59:42,546 [INFO] AnalyticsPlugin:257 - Accepted Firmware Licenses: FW.F4.1.28.0
2026-09-13 09:59:42,554 [INFO] PluginManage:359 - Loaded plugin analytics (category:tool,tabindex:-1)
2026-09-13 09:59:42,555 [INFO] PluginManage:310 - Check plugin cadmodel
2026-09-13 09:59:42,585 [INFO] CADModel:105 - Init CAD model plugin
2026-09-13 09:59:42,586 [INFO] PluginManage:359 - Loaded plugin cadmodel (category:power,tabindex:5)
2026-09-13 09:59:42,586 [INFO] PluginManage:310 - Check plugin clock
2026-09-13 09:59:42,645 [INFO] PluginManage:359 - Loaded plugin clock (category:base,tabindex:2)
2026-09-13 09:59:42,645 [INFO] PluginManage:310 - Check plugin ddr
2026-09-13 09:59:42,651 [INFO] PluginManage:359 - Loaded plugin ddr (category:tool,tabindex:6)
2026-09-13 09:59:42,652 [INFO] PluginManage:310 - Check plugin filemanager
2026-09-13 09:59:42,927 [INFO] PluginManage:359 - Loaded plugin filemanager (category:base,tabindex:10)
2026-09-13 09:59:42,928 [INFO] PluginManage:310 - Check plugin ipmanager
2026-09-13 09:59:42,938 [INFO] PluginManage:359 - Loaded plugin ipmanager (category:base,tabindex:5)
2026-09-13 09:59:42,938 [INFO] PluginManage:310 - Check plugin lpbam
2026-09-13 09:59:42,958 [INFO] PluginManage:359 - Loaded plugin lpbam (category:base,tabindex:0)
2026-09-13 09:59:42,958 [INFO] PluginManage:310 - Check plugin memorymap
2026-09-13 09:59:42,990 [INFO] PluginManage:359 - Loaded plugin memorymap (category:base,tabindex:4)
2026-09-13 09:59:42,990 [INFO] PluginManage:310 - Check plugin pinoutandconfiguration
2026-09-13 09:59:43,013 [INFO] PluginManage:359 - Loaded plugin pinoutandconfiguration (category:base,tabindex:1)
2026-09-13 09:59:43,013 [INFO] PluginManage:310 - Check plugin pinoutconfig
2026-09-13 09:59:43,140 [WARN] SupportedApi:132 - Cannot load RTOS API schema: s4s-elt-must-match.1: The content of 'definitions' must match (annotation?, (simpleType | complexType)?, (unique | key | keyref)*)). A problem was found starting at: attribute.
2026-09-13 09:59:43,273 [INFO] PluginManage:359 - Loaded plugin pinoutconfig (category:base,tabindex:0)
2026-09-13 09:59:43,273 [INFO] PluginManage:310 - Check plugin power
2026-09-13 09:59:43,293 [INFO] PluginManage:359 - Loaded plugin power (category:power,tabindex:4)
2026-09-13 09:59:43,293 [INFO] PluginManage:310 - Check plugin projectmanager
2026-09-13 09:59:43,312 [INFO] PluginManage:359 - Loaded plugin projectmanager (category:projectmanager,tabindex:4)
2026-09-13 09:59:43,312 [INFO] PluginManage:310 - Check plugin rif
2026-09-13 09:59:43,338 [INFO] PluginManage:359 - Loaded plugin rif (category:base,tabindex:3)
2026-09-13 09:59:43,338 [INFO] PluginManage:310 - Check plugin thirdparty
2026-09-13 09:59:43,663 [INFO] PluginManage:359 - Loaded plugin thirdparty (category:base,tabindex:-1)
2026-09-13 09:59:43,663 [WARN] IntegrityCheckThread:84 - waiting for thirdparty lock release [integrity check]
2026-09-13 09:59:43,664 [INFO] IntegrityCheckThread:86 - entering critical section [integrity check]
2026-09-13 09:59:43,664 [INFO] PluginManage:310 - Check plugin tools
2026-09-13 09:59:43,664 [INFO] ThirdPartyUpdaterWithRetryManager:70 - Updater plugin not ready yet. [1/15]
2026-09-13 09:59:43,713 [INFO] PluginManage:359 - Loaded plugin tools (category:base,tabindex:7)
2026-09-13 09:59:43,713 [INFO] PluginManage:310 - Check plugin tutovideos
2026-09-13 09:59:43,943 [INFO] PluginManage:359 - Loaded plugin tutovideos (category:base,tabindex:-1)
2026-09-13 09:59:43,943 [INFO] PluginManage:310 - Check plugin updater
2026-09-13 09:59:43,967 [INFO] PluginManage:359 - Loaded plugin updater (category:base,tabindex:12)
2026-09-13 09:59:43,967 [INFO] PluginManage:310 - Check plugin userauth
2026-09-13 09:59:43,970 [INFO] UserAuth:118 - Init User Auth plugin
2026-09-13 09:59:43,970 [INFO] PluginManage:359 - Loaded plugin userauth (category:base,tabindex:14)
2026-09-13 09:59:43,971 [INFO] PluginManage:283 - PluginManage : Loaded plugins [18]
2026-09-13 09:59:44,215 [INFO] PinOutPanel:1589 - setPackage(No Configuration,No Configuration)
2026-09-13 09:59:44,323 [INFO] CADModel:165 - CPN selected for project level
2026-09-13 09:59:44,324 [INFO] CADModel:114 - Register for checkConnection events
2026-09-13 09:59:44,352 [INFO] IPUIPlugin:80 - create IPUIPlugin
2026-09-13 09:59:44,354 [INFO] PluginManager:220 - loadIPPluginJar : add adc
2026-09-13 09:59:44,415 [INFO] IPUIPlugin:80 - create IPUIPlugin
2026-09-13 09:59:44,415 [INFO] PluginManager:220 - loadIPPluginJar : add aes
2026-09-13 09:59:44,484 [INFO] IPUIPlugin:80 - create IPUIPlugin
2026-09-13 09:59:44,485 [INFO] PluginManager:220 - loadIPPluginJar : add can
2026-09-13 09:59:44,523 [INFO] IPUIPlugin:80 - create IPUIPlugin
2026-09-13 09:59:44,524 [INFO] PluginManager:220 - loadIPPluginJar : add comp
2026-09-13 09:59:44,577 [INFO] IPUIPlugin:80 - create IPUIPlugin
2026-09-13 09:59:44,577 [INFO] PluginManager:220 - loadIPPluginJar : add cryp
2026-09-13 09:59:44,594 [INFO] IPUIPlugin:80 - create IPUIPlugin
2026-09-13 09:59:44,594 [INFO] PluginManager:220 - loadIPPluginJar : add ddr_ctrl_phy
2026-09-13 09:59:44,650 [INFO] IPUIPlugin:80 - create IPUIPlugin
2026-09-13 09:59:44,650 [INFO] PluginManager:220 - loadIPPluginJar : add dfsdm
2026-09-13 09:59:44,669 [INFO] IPUIPlugin:80 - create IPUIPlugin
2026-09-13 09:59:44,669 [INFO] PluginManager:220 - loadIPPluginJar : add dma
2026-09-13 09:59:44,720 [INFO] IPUIPlugin:80 - create IPUIPlugin
2026-09-13 09:59:44,720 [INFO] PluginManager:220 - loadIPPluginJar : add dma3
2026-09-13 09:59:44,777 [INFO] IPUIPlugin:80 - create IPUIPlugin
2026-09-13 09:59:44,777 [INFO] PluginManager:220 - loadIPPluginJar : add extmemmanager
2026-09-13 09:59:44,803 [INFO] IPUIPlugin:80 - create IPUIPlugin
2026-09-13 09:59:44,803 [INFO] PluginManager:220 - loadIPPluginJar : add fatfs
2026-09-13 09:59:44,858 [INFO] IPUIPlugin:80 - create IPUIPlugin
2026-09-13 09:59:44,858 [INFO] PluginManager:220 - loadIPPluginJar : add fmc
2026-09-13 09:59:44,880 [INFO] IPUIPlugin:80 - create IPUIPlugin
2026-09-13 09:59:44,881 [INFO] PluginManager:220 - loadIPPluginJar : add freertos
2026-09-13 09:59:44,907 [INFO] IPUIPlugin:80 - create IPUIPlugin
2026-09-13 09:59:44,907 [INFO] PluginManager:220 - loadIPPluginJar : add genericplugin
2026-09-13 09:59:45,030 [INFO] IPUIPlugin:80 - create IPUIPlugin
2026-09-13 09:59:45,030 [INFO] PluginManager:220 - loadIPPluginJar : add gfxmmu
2026-09-13 09:59:45,185 [INFO] IPUIPlugin:80 - create IPUIPlugin
2026-09-13 09:59:45,185 [INFO] PluginManager:220 - loadIPPluginJar : add gic
2026-09-13 09:59:45,201 [INFO] IPUIPlugin:80 - create IPUIPlugin
2026-09-13 09:59:45,201 [INFO] PluginManager:220 - loadIPPluginJar : add gpio
2026-09-13 09:59:45,332 [INFO] IPUIPlugin:80 - create IPUIPlugin
2026-09-13 09:59:45,333 [INFO] PluginManager:220 - loadIPPluginJar : add gtzc
2026-09-13 09:59:45,371 [INFO] IPUIPlugin:80 - create IPUIPlugin
2026-09-13 09:59:45,371 [INFO] PluginManager:220 - loadIPPluginJar : add hash
2026-09-13 09:59:45,458 [INFO] IPUIPlugin:80 - create IPUIPlugin
2026-09-13 09:59:45,458 [INFO] PluginManager:220 - loadIPPluginJar : add i2c
2026-09-13 09:59:45,523 [INFO] IPUIPlugin:80 - create IPUIPlugin
2026-09-13 09:59:45,524 [INFO] PluginManager:220 - loadIPPluginJar : add i2s
2026-09-13 09:59:45,584 [INFO] IPUIPlugin:80 - create IPUIPlugin
2026-09-13 09:59:45,584 [INFO] PluginManager:220 - loadIPPluginJar : add i3c
2026-09-13 09:59:45,717 [INFO] IPUIPlugin:80 - create IPUIPlugin
2026-09-13 09:59:45,717 [INFO] PluginManager:220 - loadIPPluginJar : add ipddr
2026-09-13 09:59:45,838 [INFO] IPUIPlugin:80 - create IPUIPlugin
2026-09-13 09:59:45,839 [INFO] PluginManager:220 - loadIPPluginJar : add linkedlist
2026-09-13 09:59:45,843 [INFO] IPUIPlugin:80 - create IPUIPlugin
2026-09-13 09:59:45,843 [INFO] PluginManager:220 - loadIPPluginJar : add lorawan
2026-09-13 09:59:45,886 [INFO] IPUIPlugin:80 - create IPUIPlugin
2026-09-13 09:59:45,886 [INFO] PluginManager:220 - loadIPPluginJar : add ltdc
2026-09-13 09:59:45,904 [INFO] IPUIPlugin:80 - create IPUIPlugin
2026-09-13 09:59:45,904 [INFO] PluginManager:220 - loadIPPluginJar : add mdma
2026-09-13 09:59:45,920 [INFO] IPUIPlugin:80 - create IPUIPlugin
2026-09-13 09:59:45,920 [INFO] PluginManager:220 - loadIPPluginJar : add nvic
2026-09-13 09:59:45,965 [INFO] IPUIPlugin:80 - create IPUIPlugin
2026-09-13 09:59:45,965 [INFO] PluginManager:220 - loadIPPluginJar : add opamp
2026-09-13 09:59:46,040 [INFO] IPUIPlugin:80 - create IPUIPlugin
2026-09-13 09:59:46,040 [INFO] PluginManager:220 - loadIPPluginJar : add openamp
2026-09-13 09:59:46,092 [INFO] IPUIPlugin:80 - create IPUIPlugin
2026-09-13 09:59:46,092 [INFO] PluginManager:220 - loadIPPluginJar : add pdm2pcm
2026-09-13 09:59:46,110 [INFO] IPUIPlugin:80 - create IPUIPlugin
2026-09-13 09:59:46,113 [INFO] PluginManager:220 - loadIPPluginJar : add plateformsettings
2026-09-13 09:59:46,116 [INFO] IPUIPlugin:80 - create IPUIPlugin
2026-09-13 09:59:46,116 [INFO] PluginManager:220 - loadIPPluginJar : add quadspi
2026-09-13 09:59:46,148 [INFO] IPUIPlugin:80 - create IPUIPlugin
2026-09-13 09:59:46,149 [INFO] PluginManager:220 - loadIPPluginJar : add radio
2026-09-13 09:59:46,162 [INFO] IPUIPlugin:80 - create IPUIPlugin
2026-09-13 09:59:46,162 [INFO] PluginManager:220 - loadIPPluginJar : add resmgrutility
2026-09-13 09:59:46,225 [INFO] IPUIPlugin:80 - create IPUIPlugin
2026-09-13 09:59:46,226 [INFO] PluginManager:220 - loadIPPluginJar : add sai
2026-09-13 09:59:46,274 [INFO] IPUIPlugin:80 - create IPUIPlugin
2026-09-13 09:59:46,274 [INFO] PluginManager:220 - loadIPPluginJar : add spi
2026-09-13 09:59:46,385 [INFO] IPUIPlugin:80 - create IPUIPlugin
2026-09-13 09:59:46,386 [INFO] PluginManager:220 - loadIPPluginJar : add stm32_wpan
2026-09-13 09:59:46,413 [INFO] IPUIPlugin:80 - create IPUIPlugin
2026-09-13 09:59:46,413 [INFO] PluginManager:220 - loadIPPluginJar : add tim
2026-09-13 09:59:46,494 [INFO] IPUIPlugin:80 - create IPUIPlugin
2026-09-13 09:59:46,494 [INFO] PluginManager:220 - loadIPPluginJar : add touchsensing
2026-09-13 09:59:46,522 [INFO] IPUIPlugin:80 - create IPUIPlugin
2026-09-13 09:59:46,523 [INFO] PluginManager:220 - loadIPPluginJar : add tracer_emb
2026-09-13 09:59:46,558 [INFO] IPUIPlugin:80 - create IPUIPlugin
2026-09-13 09:59:46,558 [INFO] PluginManager:220 - loadIPPluginJar : add ts
2026-09-13 09:59:46,561 [INFO] IPUIPlugin:80 - create IPUIPlugin
2026-09-13 09:59:46,561 [INFO] PluginManager:220 - loadIPPluginJar : add tsc
2026-09-13 09:59:46,588 [INFO] IPUIPlugin:80 - create IPUIPlugin
2026-09-13 09:59:46,588 [INFO] PluginManager:220 - loadIPPluginJar : add ucpd
2026-09-13 09:59:46,646 [INFO] IPUIPlugin:80 - create IPUIPlugin
2026-09-13 09:59:46,646 [INFO] PluginManager:220 - loadIPPluginJar : add usart
2026-09-13 09:59:46,666 [INFO] ThirdPartyUpdaterWithRetryManager:70 - Updater plugin not ready yet. [2/15]
2026-09-13 09:59:46,705 [INFO] IPUIPlugin:80 - create IPUIPlugin
2026-09-13 09:59:46,705 [INFO] PluginManager:220 - loadIPPluginJar : add usbx
2026-09-13 09:59:46,854 [FATAL] Updater:351 - Updater called before beeing initialized
2026-09-13 09:59:46,901 [INFO] RulesReader:64 - Compatibility file has been processed (317 Rules)
2026-09-13 09:59:46,926 [INFO] RulesReader:64 - Compatibility file has been processed (317 Rules)
2026-09-13 09:59:46,942 [INFO] CADModel:165 - CPN selected for project level
2026-09-13 09:59:46,942 [INFO] CADModel:114 - Register for checkConnection events
2026-09-13 09:59:46,942 [FATAL] Updater:351 - Updater called before beeing initialized
2026-09-13 09:59:46,942 [ERROR] CADModel:125 - Updater not yet initialized, retry later 
2026-09-13 09:59:47,166 [FATAL] Updater:351 - Updater called before beeing initialized
2026-09-13 09:59:47,168 [INFO] CADModel:165 - CPN selected for project level
2026-09-13 09:59:47,169 [INFO] CADModel:114 - Register for checkConnection events
2026-09-13 09:59:47,169 [FATAL] Updater:351 - Updater called before beeing initialized
2026-09-13 09:59:47,169 [ERROR] CADModel:125 - Updater not yet initialized, retry later 
2026-09-13 09:59:47,174 [FATAL] Updater:351 - Updater called before beeing initialized
2026-09-13 09:59:47,353 [FATAL] Updater:351 - Updater called before beeing initialized
2026-09-13 09:59:47,361 [INFO] DbMcusAds:53 - JSON generation date=Wed Jul 15 15:14:54 IST 2026 (1784108694001)
2026-09-13 09:59:47,362 [FATAL] Updater:351 - Updater called before beeing initialized
2026-09-13 09:59:47,411 [WARN] DetailPanel:346 - Failed to get advertising image, set to default
2026-09-13 09:59:47,534 [FATAL] Updater:351 - Updater called before beeing initialized
2026-09-13 09:59:47,537 [FATAL] Updater:351 - Updater called before beeing initialized
2026-09-13 09:59:47,537 [FATAL] Updater:351 - Updater called before beeing initialized
2026-09-13 09:59:47,537 [WARN] DetailPanel:346 - Failed to get advertising image, set to default
2026-09-13 09:59:47,538 [FATAL] Updater:351 - Updater called before beeing initialized
2026-09-13 09:59:47,612 [ERROR] Updater:1198 - MainUpdater not yet initialized. External WinMGr cannot be set.
2026-09-13 09:59:47,627 [INFO] Updater:1134 - Updater Version found : 6.15.0
2026-09-13 09:59:47,642 [INFO] ApplicationProperties:184 - Using Application install path: C:\ST\STM32CubeIDE_1.19.0\STM32CubeIDE\plugins\com.st.stm32cube.common.mx_6.15.0.202507011659
2026-09-13 09:59:49,228 [ERROR] LogOutputStream:75 - [STDERR_REDIRECT] Sep 13, 2026 9:59:49 AM java.util.prefs.WindowsPreferences <init>
2026-09-13 09:59:49,230 [ERROR] LogOutputStream:75 - [STDERR_REDIRECT] WARNING: Could not open/create prefs root node Software\JavaSoft\Prefs at root 0xffffffff80000002. Windows RegCreateKeyEx(...) returned error code 5.
2026-09-13 09:59:49,230 [ERROR] LogOutputStream:75 - [STDERR_REDIRECT] 
2026-09-13 09:59:49,667 [INFO] ThirdPartyUpdaterWithRetryManager:70 - Updater plugin not ready yet. [3/15]
2026-09-13 09:59:49,961 [INFO] MainUpdater:2872 - connection check result : 10
2026-09-13 09:59:49,962 [INFO] MainUpdater:289 - Updater Check For Update Now.
2026-09-13 09:59:49,962 [INFO] MicroXplorer:498 - Change Database Version : DB.6.0.150
2026-09-13 09:59:49,980 [INFO] McuFinderGlobals:63 - Set McuFinder mode to 2 (CubeIDE integrated)
2026-09-13 09:59:49,983 [INFO] UserAuth:171 - activating auth plugin
2026-09-13 09:59:49,987 [INFO] UserAuth:487 - Internet connection configuration mode: 1
2026-09-13 09:59:50,032 [INFO] JxBrowserEngine:152 - Initiate JxBrowser Engine with user profile folder
2026-09-13 09:59:50,283 [INFO] CheckServerUpdateThread:120 - End of CheckServer Thread
2026-09-13 09:59:51,093 [INFO] WebApp:169 - Instantiating new browser for Auth
2026-09-13 09:59:52,062 [INFO] WebApp:463 - Apply proxy settings
2026-09-13 09:59:52,064 [INFO] WebApp:548 - Chromium requires no authentication
2026-09-13 09:59:52,076 [INFO] WebApp:491 - Direct internet connection detected
2026-09-13 09:59:52,106 [INFO] WebApp:900 - Register for checkConnection events
2026-09-13 09:59:52,106 [INFO] WebApp:463 - Apply proxy settings
2026-09-13 09:59:52,107 [INFO] WebApp:548 - Chromium requires no authentication
2026-09-13 09:59:52,108 [INFO] WebApp:491 - Direct internet connection detected
2026-09-13 09:59:52,341 [INFO] WebApp:225 - Starting web application
2026-09-13 09:59:52,341 [INFO] WebApp:593 - Web application path used C:\ST\STM32CubeIDE_1.19.0\STM32CubeIDE\plugins\com.st.stm32cube.common.mx_6.15.0.202507011659\db\plugins\mcufinder\reactClient1\index.html
2026-09-13 09:59:52,972 [INFO] WebApp:191 - Connection restablished
2026-09-13 09:59:53,399 [ERROR] LogOutputStream:75 - [STDERR_REDIRECT] [Fatal Error] :1:1: Premature end of file.
2026-09-13 09:59:53,401 [ERROR] LogOutputStream:75 - [STDERR_REDIRECT] 
2026-09-13 09:59:53,507 [WARN] PackLoader:240 - Cannot read IP mode file for STMicroelectronics.X-CUBE-AZRTOS-H7.3.5.0
2026-09-13 09:59:53,566 [WARN] PackLoader:240 - Cannot read IP mode file for STMicroelectronics.FP-SNS-MOTENVWB1.1.4.0
2026-09-13 09:59:53,587 [WARN] PackLoader:240 - Cannot read IP mode file for STMicroelectronics.FP-ATR-ASTRA1.2.0.3
2026-09-13 09:59:53,604 [WARN] PackLoader:240 - Cannot read IP mode file for STMicroelectronics.FP-ATR-ASTRA1.2.0.2
2026-09-13 09:59:53,672 [ERROR] Engine:466 - C:\Users\Lenovo\.stm32cubemx\thirdparties\pdsc\STMicroelectronics.X-CUBE-SMBUS.2.1.1.pdsc: PDSC version is not supported
2026-09-13 09:59:53,707 [WARN] PackLoader:240 - Cannot read IP mode file for STMicroelectronics.X-CUBE-SMBUS.2.1.0
2026-09-13 09:59:53,745 [WARN] PackLoader:240 - Cannot read IP mode file for STMicroelectronics.X-CUBE-ST60.1.0.0
2026-09-13 09:59:53,836 [WARN] PackLoader:240 - Cannot read IP mode file for STMicroelectronics.X-CUBE-AZRTOS-F7.1.1.0
2026-09-13 09:59:53,892 [WARN] PackLoader:240 - Cannot read IP mode file for STMicroelectronics.X-CUBE-FREERTOS.1.6.0
2026-09-13 09:59:53,926 [WARN] PackLoader:240 - Cannot read IP mode file for STMicroelectronics.FP-SNS-MOTENV1.5.1.0
2026-09-13 09:59:53,995 [WARN] PackLoader:240 - Cannot read IP mode file for STMicroelectronics.X-CUBE-AZRTOS-H7RS.1.3.0
2026-09-13 09:59:54,038 [WARN] PackLoader:240 - Cannot read IP mode file for WES.I-CUBE-Cesium.1.4.0
2026-09-13 09:59:54,104 [WARN] PackLoader:240 - Cannot read IP mode file for Infineon.AIROC-Wi-Fi-Bluetooth-STM32.1.7.1
2026-09-13 09:59:54,170 [WARN] PackLoader:240 - Cannot read IP mode file for STMicroelectronics.X-CUBE-AZRTOS-H7.3.4.0
2026-09-13 09:59:54,202 [WARN] PackLoader:240 - Cannot read IP mode file for STMicroelectronics.X-CUBE-DISPLAY.3.0.0
2026-09-13 09:59:54,235 [WARN] PackLoader:240 - Cannot read IP mode file for STMicroelectronics.X-CUBE-GNSS1.7.1.1
2026-09-13 09:59:54,260 [WARN] PackLoader:240 - Cannot read IP mode file for STMicroelectronics.FP-SNS-MOTENVWB1.1.5.0
2026-09-13 09:59:54,288 [WARN] PackLoader:240 - Cannot read IP mode file for wolfSSL.I-CUBE-wolfSSL.5.9.1
2026-09-13 09:59:54,302 [ERROR] LogOutputStream:75 - [STDERR_REDIRECT] [Fatal Error] :1:1: Premature end of file.
2026-09-13 09:59:54,303 [ERROR] LogOutputStream:75 - [STDERR_REDIRECT] 
2026-09-13 09:59:54,322 [WARN] PackLoader:240 - Cannot read IP mode file for STMicroelectronics.X-CUBE-NFC10.1.0.0
2026-09-13 09:59:54,361 [WARN] PackLoader:240 - Cannot read IP mode file for STMicroelectronics.X-CUBE-ST60.1.1.0
2026-09-13 09:59:54,388 [WARN] PackLoader:240 - Cannot read IP mode file for emotas.I-CUBE-CANOPEN.1.3.0
2026-09-13 09:59:54,410 [ERROR] Engine:466 - C:\Users\Lenovo\.stm32cubemx\thirdparties\pdsc\STMicroelectronics.X-CUBE-WBA.1.1.0.pdsc: PDSC version is not supported
2026-09-13 09:59:54,430 [WARN] PackLoader:240 - Cannot read IP mode file for STMicroelectronics.X-CUBE-GNSS1.7.1.0
2026-09-13 09:59:54,464 [WARN] PackLoader:240 - Cannot read IP mode file for STMicroelectronics.FP-SNS-STBOX1.2.1.0
2026-09-13 09:59:54,495 [WARN] PackLoader:240 - Cannot read IP mode file for STMicroelectronics.FP-SNS-SMARTAG2.1.2.0
2026-09-13 09:59:54,524 [WARN] PackLoader:240 - Cannot read IP mode file for STMicroelectronics.FP-SNS-FLIGHT1.5.1.0
2026-09-13 09:59:54,560 [INFO] LogOutputStream:77 - [STDOUT_REDIRECT] 1 : Invalid condition id : UX_CORESTACK_Condition cause : null
2026-09-13 09:59:54,561 [INFO] LogOutputStream:77 - [STDOUT_REDIRECT] 1 : Invalid condition id : UX_CORESTACK_Condition cause : null
2026-09-13 09:59:54,563 [INFO] LogOutputStream:77 - [STDOUT_REDIRECT] 1 : Invalid condition id : UX_CORESTACK_Condition cause : null
2026-09-13 09:59:54,565 [INFO] LogOutputStream:77 - [STDOUT_REDIRECT] 1 : Invalid condition id : UX_CORESTACK_Condition cause : null
2026-09-13 09:59:54,567 [INFO] LogOutputStream:77 - [STDOUT_REDIRECT] 1 : Invalid condition id : UX_CORESTACK_Condition cause : null
2026-09-13 09:59:54,570 [WARN] PackLoader:240 - Cannot read IP mode file for STMicroelectronics.X-CUBE-AZRTOS-WL.2.0.0
2026-09-13 09:59:54,593 [WARN] PackLoader:240 - Cannot read IP mode file for STMicroelectronics.FP-SNS-MOTENV1.5.0.0
2026-09-13 09:59:54,638 [WARN] PackLoader:240 - Cannot read IP mode file for STMicroelectronics.X-CUBE-AZRTOS-H7RS.1.2.0
2026-09-13 09:59:54,666 [WARN] PackLoader:240 - Cannot read IP mode file for STMicroelectronics.X-CUBE-BLE2.3.3.0
2026-09-13 09:59:54,803 [WARN] PackLoader:240 - Cannot read IP mode file for Infineon.AIROC-Wi-Fi-Bluetooth-STM32.1.8.0
2026-09-13 09:59:54,843 [WARN] PackLoader:240 - Cannot read IP mode file for STMicroelectronics.X-CUBE-NFC9.1.0.0
2026-09-13 09:59:54,864 [WARN] PackLoader:240 - Cannot read IP mode file for wolfSSL.I-CUBE-wolfSSL.5.8.2
2026-09-13 09:59:54,893 [WARN] PackLoader:240 - Cannot read IP mode file for STMicroelectronics.X-CUBE-BLE1.7.1.0
2026-09-13 09:59:54,918 [WARN] PackLoader:240 - Cannot read IP mode file for wolfSSL.I-CUBE-wolfMQTT.1.19.2
2026-09-13 09:59:54,947 [WARN] PackLoader:240 - Cannot read IP mode file for STMicroelectronics.X-CUBE-FREERTOS.1.4.0
2026-09-13 09:59:54,976 [WARN] PackLoader:240 - Cannot read IP mode file for STMicroelectronics.X-CUBE-EEPRMA1.5.2.0
2026-09-13 09:59:55,005 [WARN] PackLoader:240 - Cannot read IP mode file for STMicroelectronics.X-CUBE-ST67W61.1.1.0
2026-09-13 09:59:55,042 [WARN] PackLoader:240 - Cannot read IP mode file for STMicroelectronics.FP-SNS-STAIOTCFT.1.1.0
2026-09-13 09:59:55,168 [WARN] PackLoader:240 - Cannot read IP mode file for STMicroelectronics.X-CUBE-MEMS1.12.0.0
2026-09-13 09:59:55,342 [ERROR] LogOutputStream:75 - [STDERR_REDIRECT] [Fatal Error] :1:1: Premature end of file.
2026-09-13 09:59:55,344 [ERROR] LogOutputStream:75 - [STDERR_REDIRECT] 
2026-09-13 09:59:55,452 [WARN] PackLoader:240 - Cannot read IP mode file for STMicroelectronics.X-CUBE-AZRTOS-G0.1.1.0
2026-09-13 09:59:55,518 [WARN] PackLoader:240 - Cannot read IP mode file for STMicroelectronics.X-CUBE-SAFEA1.1.2.2
2026-09-13 09:59:55,561 [WARN] PackLoader:240 - Cannot read IP mode file for STMicroelectronics.X-CUBE-NFC4.3.0.0
2026-09-13 09:59:55,594 [WARN] PackLoader:240 - Cannot read IP mode file for EmbeddedOffice.I-CUBE-FS-RTOS.1.0.1
2026-09-13 09:59:55,627 [WARN] PackLoader:240 - Cannot read IP mode file for STMicroelectronics.X-CUBE-WB05N.2.0.0
2026-09-13 09:59:55,652 [WARN] PackLoader:240 - Cannot read IP mode file for wolfSSL.I-CUBE-wolfTPM.3.8.0
2026-09-13 09:59:55,678 [WARN] PackLoader:240 - Cannot read IP mode file for STMicroelectronics.X-CUBE-TCPP.4.2.0
2026-09-13 09:59:55,714 [WARN] PackLoader:240 - Cannot read IP mode file for RealThread.X-CUBE-RT-Thread_Nano.4.1.1
2026-09-13 09:59:55,738 [WARN] PackLoader:240 - Cannot read IP mode file for STMicroelectronics.FP-ATR-SIGFOX1.3.2.0
2026-09-13 09:59:55,767 [WARN] PackLoader:240 - Cannot read IP mode file for STMicroelectronics.X-CUBE-FREERTOS.1.5.0
2026-09-13 09:59:55,801 [WARN] PackLoader:240 - Cannot read IP mode file for ITTIA_DB.I-CUBE-ITTIADB.8.9.0
2026-09-13 09:59:55,832 [WARN] PackLoader:240 - Cannot read IP mode file for STMicroelectronics.X-CUBE-NFC6.3.2.0
2026-09-13 09:59:55,867 [WARN] PackLoader:240 - Cannot read IP mode file for STMicroelectronics.X-CUBE-ST67W61.1.0.0
2026-09-13 09:59:55,897 [WARN] PackLoader:240 - Cannot read IP mode file for STMicroelectronics.X-CUBE-AI.10.2.1
2026-09-13 09:59:55,922 [WARN] PackLoader:240 - Cannot read IP mode file for STMicroelectronics.X-CUBE-AI.10.2.0
2026-09-13 09:59:56,005 [WARN] PackLoader:240 - Cannot read IP mode file for STMicroelectronics.X-CUBE-MEMS1.12.1.0
2026-09-13 09:59:56,177 [WARN] PackLoader:240 - Cannot read IP mode file for SEGGER.I-CUBE-embOS.1.3.1
2026-09-13 09:59:56,249 [WARN] PackLoader:240 - Cannot read IP mode file for STMicroelectronics.X-CUBE-ALGOBUILD.1.4.0
2026-09-13 09:59:56,302 [ERROR] LogOutputStream:75 - [STDERR_REDIRECT] [Fatal Error] :1:1: Premature end of file.
2026-09-13 09:59:56,303 [ERROR] LogOutputStream:75 - [STDERR_REDIRECT] 
2026-09-13 09:59:56,334 [WARN] PackLoader:240 - Cannot read IP mode file for STMicroelectronics.X-CUBE-MEMS1.11.3.0
2026-09-13 09:59:56,509 [ERROR] Engine:466 - C:\Users\Lenovo\.stm32cubemx\thirdparties\pdsc\STMicroelectronics.FP-SNS-STAIOTCFT.2.0.0.pdsc: PDSC version is not supported
2026-09-13 09:59:56,535 [WARN] PackLoader:240 - Cannot read IP mode file for STMicroelectronics.X-CUBE-NFC13.1.0.0
2026-09-13 09:59:56,559 [WARN] PackLoader:240 - Cannot read IP mode file for STMicroelectronics.X-CUBE-PM33A1.1.0.0
2026-09-13 09:59:56,598 [WARN] PackLoader:240 - Cannot read IP mode file for STMicroelectronics.X-CUBE-AZRTOS-F4.1.1.0
2026-09-13 09:59:56,608 [WARN] PackLoader:240 - Cannot read IP mode file for Avnet-IotConnect.X-CUBE-IoTC-DA16k-PMOD.1.0.0
2026-09-13 09:59:56,629 [WARN] PackLoader:240 - Cannot read IP mode file for STMicroelectronics.X-CUBE-ISPU.2.1.0
2026-09-13 09:59:56,660 [WARN] PackLoader:240 - Cannot read IP mode file for STMicroelectronics.X-CUBE-IPS.3.2.0
2026-09-13 09:59:56,681 [WARN] PackLoader:240 - Cannot read IP mode file for STMicroelectronics.eDS-WB_DPC_TT-BIDIR.2.1.1
2026-09-13 09:59:56,704 [WARN] PackLoader:240 - Cannot read IP mode file for STMicroelectronics.X-CUBE-NFC12.1.0.0
2026-09-13 09:59:56,747 [WARN] PackLoader:240 - Cannot read IP mode file for STMicroelectronics.X-CUBE-AZRTOS-L5.2.0.0
2026-09-13 09:59:56,781 [WARN] PackLoader:240 - Cannot read IP mode file for STMicroelectronics.X-CUBE-NFC6.3.1.0
2026-09-13 09:59:56,811 [WARN] PackLoader:240 - Cannot read IP mode file for STMicroelectronics.X-CUBE-ALGOBUILD.1.5.0
2026-09-13 09:59:56,837 [WARN] PackLoader:240 - Cannot read IP mode file for STMicroelectronics.eDS-WB_DPC_VIENNA.1.2.0
2026-09-13 09:59:56,932 [WARN] PackLoader:240 - Cannot read IP mode file for STMicroelectronics.X-CUBE-MEMS1.13.0.0
2026-09-13 09:59:57,100 [WARN] PackLoader:240 - Cannot read IP mode file for STMicroelectronics.eDS-WB_DPC_3PH2L-BIDIR.1.1.1
2026-09-13 09:59:57,124 [ERROR] Engine:466 - C:\Users\Lenovo\.stm32cubemx\thirdparties\pdsc\STMicroelectronics.X-CUBE-ST67W61.1.3.0.pdsc: PDSC version is not supported
2026-09-13 09:59:57,147 [WARN] PackLoader:240 - Cannot read IP mode file for STMicroelectronics.X-CUBE-FREERTOS.1.3.1
2026-09-13 09:59:57,181 [WARN] PackLoader:240 - Cannot read IP mode file for STMicroelectronics.X-CUBE-TOUCHGFX.4.26.0
2026-09-13 09:59:57,204 [WARN] PackLoader:240 - Cannot read IP mode file for STMicroelectronics.X-CUBE-TOUCHGFX.4.26.1
2026-09-13 09:59:57,231 [WARN] PackLoader:240 - Cannot read IP mode file for STMicroelectronics.FP-SNS-STAIOTCFT.1.0.0
2026-09-13 09:59:57,256 [WARN] PackLoader:240 - Cannot read IP mode file for STMicroelectronics.X-CUBE-DPower.1.3.0
2026-09-13 09:59:57,306 [ERROR] LogOutputStream:75 - [STDERR_REDIRECT] [Fatal Error] :1:1: Premature end of file.
2026-09-13 09:59:57,307 [ERROR] LogOutputStream:75 - [STDERR_REDIRECT] 
2026-09-13 09:59:57,315 [WARN] ConditionMgr:438 - getConditionDescription Invalid condition id : LAN8742 Phy interface Condition cause : null
2026-09-13 09:59:57,317 [WARN] PackLoader:240 - Cannot read IP mode file for STMicroelectronics.X-CUBE-AZRTOS-L4.2.0.0
2026-09-13 09:59:57,318 [WARN] ConditionMgr:1044 - genDependencies : Invalid condition id : LAN8742 Phy interface Condition cause : null
2026-09-13 09:59:57,319 [WARN] ConditionMgr:1044 - genDependencies : Invalid condition id : LAN8742 Phy interface Condition cause : null
2026-09-13 09:59:57,320 [WARN] ConditionMgr:1044 - genDependencies : Invalid condition id : LAN8742 Phy interface Condition cause : null
2026-09-13 09:59:57,347 [WARN] PackLoader:240 - Cannot read IP mode file for STMicroelectronics.X-CUBE-SFXS2LP1.4.0.0
2026-09-13 09:59:57,371 [WARN] PackLoader:240 - Cannot read IP mode file for STMicroelectronics.X-CUBE-WB05N.2.1.0
2026-09-13 09:59:57,399 [WARN] PackLoader:240 - Cannot read IP mode file for STMicroelectronics.X-CUBE-ST67W61.1.2.0
2026-09-13 09:59:57,429 [WARN] PackLoader:240 - Cannot read IP mode file for STMicroelectronics.X-CUBE-BLEMGR.4.1.0
2026-09-13 09:59:57,465 [WARN] ConditionMgr:438 - getConditionDescription Invalid condition id : UX DEVICE CLASS RTOS Condition cause : null
2026-09-13 09:59:57,465 [WARN] ConditionMgr:438 - getConditionDescription Invalid condition id : UX DEVICE CLASS RTOS Condition cause : null
2026-09-13 09:59:57,468 [WARN] PackLoader:240 - Cannot read IP mode file for STMicroelectronics.X-CUBE-AZRTOS-WB.2.0.0
2026-09-13 09:59:57,468 [WARN] ConditionMgr:1044 - genDependencies : Invalid condition id : UX DEVICE CLASS RTOS Condition cause : null
2026-09-13 09:59:57,468 [WARN] ConditionMgr:1044 - genDependencies : Invalid condition id : UX DEVICE CLASS RTOS Condition cause : null
2026-09-13 09:59:57,468 [WARN] ConditionMgr:1044 - genDependencies : Invalid condition id : UX DEVICE CLASS RTOS Condition cause : null
2026-09-13 09:59:57,469 [WARN] ConditionMgr:1044 - genDependencies : Invalid condition id : UX DEVICE CLASS RTOS Condition cause : null
2026-09-13 09:59:57,469 [WARN] ConditionMgr:1044 - genDependencies : Invalid condition id : UX DEVICE CLASS RTOS Condition cause : null
2026-09-13 09:59:57,490 [WARN] PackLoader:240 - Cannot read IP mode file for STMicroelectronics.X-CUBE-GNSS1.7.0.1
2026-09-13 09:59:57,514 [WARN] PackLoader:240 - Cannot read IP mode file for STMicroelectronics.X-CUBE-TOUCHGFX.4.25.0
2026-09-13 09:59:57,532 [WARN] ConditionMgr:438 - getConditionDescription Invalid condition id : Cortex-A Device cause : null
2026-09-13 09:59:57,548 [WARN] ConditionMgr:1044 - genDependencies : Invalid condition id : Cortex-A Device cause : null
2026-09-13 09:59:57,548 [WARN] ConditionMgr:1044 - genDependencies : Invalid condition id : Cortex-A Device cause : null
2026-09-13 09:59:57,548 [WARN] ConditionMgr:1044 - genDependencies : Invalid condition id : Cortex-A Device cause : null
2026-09-13 09:59:57,571 [WARN] PackLoader:240 - Cannot read IP mode file for STMicroelectronics.X-CUBE-STSE01.2.0.0
2026-09-13 09:59:57,602 [WARN] PackLoader:240 - Cannot read IP mode file for STMicroelectronics.X-CUBE-SUBG2.5.0.0
2026-09-13 09:59:57,646 [WARN] PackLoader:240 - Cannot read IP mode file for STMicroelectronics.X-CUBE-AZRTOS-H7RS.1.1.0
2026-09-13 09:59:57,671 [WARN] PackLoader:240 - Cannot read IP mode file for Cesanta.I-CUBE-Mongoose.7.13.0
2026-09-13 09:59:57,698 [WARN] PackLoader:240 - Cannot read IP mode file for STMicroelectronics.X-CUBE-AZRTOS-G4.2.0.0
2026-09-13 09:59:57,717 [WARN] PackLoader:240 - Cannot read IP mode file for wolfSSL.I-CUBE-wolfSSH.1.4.20
2026-09-13 09:59:57,732 [WARN] PackLoader:240 - Cannot read IP mode file for STMicroelectronics.X-CUBE-NFC7.2.0.0
2026-09-13 09:59:57,754 [WARN] PackLoader:240 - Cannot read IP mode file for STMicroelectronics.X-CUBE-IPS.3.1.0
2026-09-13 09:59:57,778 [ERROR] Engine:466 - C:\Users\Lenovo\.stm32cubemx\thirdparties\pdsc\STMicroelectronics.X-CUBE-BLEMGR.4.2.0.pdsc: PDSC version is not supported
2026-09-13 09:59:57,800 [WARN] PackLoader:240 - Cannot read IP mode file for STMicroelectronics.X-CUBE-ALS.1.0.2
2026-09-13 09:59:57,825 [WARN] PackLoader:240 - Cannot read IP mode file for STMicroelectronics.X-CUBE-STSE01.1.0.0
2026-09-13 09:59:57,855 [WARN] PackLoader:240 - Cannot read IP mode file for STMicroelectronics.X-CUBE-TOF1.3.4.3
2026-09-13 09:59:57,865 [INFO] ThirdParty:978 - Integrity check success = true
2026-09-13 09:59:57,865 [INFO] IntegrityCheckThread:100 - exiting critical section [integrity check]
2026-09-13 09:59:57,865 [INFO] IntegrityCheckThread:103 - End integrity checks thread
2026-09-13 09:59:58,283 [ERROR] LogOutputStream:75 - [STDERR_REDIRECT] [Fatal Error] :1:1: Premature end of file.
2026-09-13 09:59:58,284 [ERROR] LogOutputStream:75 - [STDERR_REDIRECT] 
2026-09-13 09:59:59,271 [ERROR] LogOutputStream:75 - [STDERR_REDIRECT] [Fatal Error] :1:1: Premature end of file.
2026-09-13 09:59:59,271 [ERROR] LogOutputStream:75 - [STDERR_REDIRECT] 
2026-09-13 10:00:00,284 [ERROR] LogOutputStream:75 - [STDERR_REDIRECT] [Fatal Error] :1:1: Premature end of file.
2026-09-13 10:00:00,284 [ERROR] LogOutputStream:75 - [STDERR_REDIRECT] 
2026-09-13 10:00:01,287 [ERROR] LogOutputStream:75 - [STDERR_REDIRECT] [Fatal Error] :1:1: Premature end of file.
2026-09-13 10:00:01,287 [ERROR] LogOutputStream:75 - [STDERR_REDIRECT] 
2026-09-13 10:00:02,290 [ERROR] LogOutputStream:75 - [STDERR_REDIRECT] [Fatal Error] :1:1: Premature end of file.
2026-09-13 10:00:02,290 [ERROR] LogOutputStream:75 - [STDERR_REDIRECT] 
2026-09-13 10:00:03,290 [ERROR] LogOutputStream:75 - [STDERR_REDIRECT] [Fatal Error] :1:1: Premature end of file.
2026-09-13 10:00:03,290 [ERROR] LogOutputStream:75 - [STDERR_REDIRECT] 
2026-09-13 10:00:04,286 [ERROR] LogOutputStream:75 - [STDERR_REDIRECT] [Fatal Error] :1:1: Premature end of file.
2026-09-13 10:00:04,286 [ERROR] LogOutputStream:75 - [STDERR_REDIRECT] 
2026-09-13 10:00:05,291 [ERROR] LogOutputStream:75 - [STDERR_REDIRECT] [Fatal Error] :1:1: Premature end of file.
2026-09-13 10:00:05,291 [ERROR] LogOutputStream:75 - [STDERR_REDIRECT] 
2026-09-13 10:00:06,293 [ERROR] LogOutputStream:75 - [STDERR_REDIRECT] [Fatal Error] :1:1: Premature end of file.
2026-09-13 10:00:06,293 [ERROR] LogOutputStream:75 - [STDERR_REDIRECT] 
2026-09-13 10:00:07,289 [ERROR] LogOutputStream:75 - [STDERR_REDIRECT] [Fatal Error] :1:1: Premature end of file.
2026-09-13 10:00:07,289 [ERROR] LogOutputStream:75 - [STDERR_REDIRECT] 
2026-09-13 10:00:08,366 [ERROR] LogOutputStream:75 - [STDERR_REDIRECT] [Fatal Error] :1:1: Premature end of file.
2026-09-13 10:00:08,367 [ERROR] LogOutputStream:75 - [STDERR_REDIRECT] 
2026-09-13 10:00:09,282 [ERROR] LogOutputStream:75 - [STDERR_REDIRECT] [Fatal Error] :1:1: Premature end of file.
2026-09-13 10:00:09,283 [ERROR] LogOutputStream:75 - [STDERR_REDIRECT] 
2026-09-13 10:00:10,286 [ERROR] LogOutputStream:75 - [STDERR_REDIRECT] [Fatal Error] :1:1: Premature end of file.
2026-09-13 10:00:10,286 [ERROR] LogOutputStream:75 - [STDERR_REDIRECT] 
2026-09-13 10:00:11,281 [ERROR] LogOutputStream:75 - [STDERR_REDIRECT] [Fatal Error] :1:1: Premature end of file.
2026-09-13 10:00:11,281 [ERROR] LogOutputStream:75 - [STDERR_REDIRECT] 
2026-09-13 10:00:12,283 [ERROR] LogOutputStream:75 - [STDERR_REDIRECT] [Fatal Error] :1:1: Premature end of file.
2026-09-13 10:00:12,284 [ERROR] LogOutputStream:75 - [STDERR_REDIRECT] 
2026-09-13 10:00:13,283 [ERROR] LogOutputStream:75 - [STDERR_REDIRECT] [Fatal Error] :1:1: Premature end of file.
2026-09-13 10:00:13,283 [ERROR] LogOutputStream:75 - [STDERR_REDIRECT] 
2026-09-13 10:00:14,283 [ERROR] LogOutputStream:75 - [STDERR_REDIRECT] [Fatal Error] :1:1: Premature end of file.
2026-09-13 10:00:14,284 [ERROR] LogOutputStream:75 - [STDERR_REDIRECT] 
2026-09-13 10:00:15,283 [ERROR] LogOutputStream:75 - [STDERR_REDIRECT] [Fatal Error] :1:1: Premature end of file.
2026-09-13 10:00:15,283 [ERROR] LogOutputStream:75 - [STDERR_REDIRECT] 
2026-09-13 10:00:16,286 [ERROR] LogOutputStream:75 - [STDERR_REDIRECT] [Fatal Error] :1:1: Premature end of file.
2026-09-13 10:00:16,286 [ERROR] LogOutputStream:75 - [STDERR_REDIRECT] 
2026-09-13 10:00:17,283 [ERROR] LogOutputStream:75 - [STDERR_REDIRECT] [Fatal Error] :1:1: Premature end of file.
2026-09-13 10:00:17,283 [ERROR] LogOutputStream:75 - [STDERR_REDIRECT] 
2026-09-13 10:00:18,284 [ERROR] LogOutputStream:75 - [STDERR_REDIRECT] [Fatal Error] :1:1: Premature end of file.
2026-09-13 10:00:18,285 [ERROR] LogOutputStream:75 - [STDERR_REDIRECT] 
2026-09-13 10:00:19,284 [ERROR] LogOutputStream:75 - [STDERR_REDIRECT] [Fatal Error] :1:1: Premature end of file.
2026-09-13 10:00:19,285 [ERROR] LogOutputStream:75 - [STDERR_REDIRECT] 
2026-09-13 10:00:20,287 [ERROR] LogOutputStream:75 - [STDERR_REDIRECT] [Fatal Error] :1:1: Premature end of file.
2026-09-13 10:00:20,287 [ERROR] LogOutputStream:75 - [STDERR_REDIRECT] 
2026-09-13 10:00:21,285 [ERROR] LogOutputStream:75 - [STDERR_REDIRECT] [Fatal Error] :1:1: Premature end of file.
2026-09-13 10:00:21,285 [ERROR] LogOutputStream:75 - [STDERR_REDIRECT] 
2026-09-13 10:00:22,284 [ERROR] LogOutputStream:75 - [STDERR_REDIRECT] [Fatal Error] :1:1: Premature end of file.
2026-09-13 10:00:22,284 [ERROR] LogOutputStream:75 - [STDERR_REDIRECT] 
2026-09-13 10:00:23,285 [ERROR] LogOutputStream:75 - [STDERR_REDIRECT] [Fatal Error] :1:1: Premature end of file.
2026-09-13 10:00:23,285 [ERROR] LogOutputStream:75 - [STDERR_REDIRECT] 
2026-09-13 10:00:24,286 [ERROR] LogOutputStream:75 - [STDERR_REDIRECT] [Fatal Error] :1:1: Premature end of file.
2026-09-13 10:00:24,286 [ERROR] LogOutputStream:75 - [STDERR_REDIRECT] 
2026-09-13 10:00:25,287 [ERROR] LogOutputStream:75 - [STDERR_REDIRECT] [Fatal Error] :1:1: Premature end of file.
2026-09-13 10:00:25,288 [ERROR] LogOutputStream:75 - [STDERR_REDIRECT] 
2026-09-13 10:00:26,286 [ERROR] LogOutputStream:75 - [STDERR_REDIRECT] [Fatal Error] :1:1: Premature end of file.
2026-09-13 10:00:26,286 [ERROR] LogOutputStream:75 - [STDERR_REDIRECT] 
2026-09-13 10:00:27,285 [ERROR] LogOutputStream:75 - [STDERR_REDIRECT] [Fatal Error] :1:1: Premature end of file.
2026-09-13 10:00:27,286 [ERROR] LogOutputStream:75 - [STDERR_REDIRECT] 
2026-09-13 10:00:28,285 [ERROR] LogOutputStream:75 - [STDERR_REDIRECT] [Fatal Error] :1:1: Premature end of file.
2026-09-13 10:00:28,285 [ERROR] LogOutputStream:75 - [STDERR_REDIRECT] 
2026-09-13 10:00:29,287 [ERROR] LogOutputStream:75 - [STDERR_REDIRECT] [Fatal Error] :1:1: Premature end of file.
2026-09-13 10:00:29,287 [ERROR] LogOutputStream:75 - [STDERR_REDIRECT] 
2026-09-13 10:00:30,284 [ERROR] LogOutputStream:75 - [STDERR_REDIRECT] [Fatal Error] :1:1: Premature end of file.
2026-09-13 10:00:30,284 [ERROR] LogOutputStream:75 - [STDERR_REDIRECT] 
2026-09-13 10:00:31,281 [ERROR] LogOutputStream:75 - [STDERR_REDIRECT] [Fatal Error] :1:1: Premature end of file.
2026-09-13 10:00:31,282 [ERROR] LogOutputStream:75 - [STDERR_REDIRECT] 
2026-09-13 10:00:32,285 [ERROR] LogOutputStream:75 - [STDERR_REDIRECT] [Fatal Error] :1:1: Premature end of file.
2026-09-13 10:00:32,285 [ERROR] LogOutputStream:75 - [STDERR_REDIRECT] 
2026-09-13 10:00:33,283 [ERROR] LogOutputStream:75 - [STDERR_REDIRECT] [Fatal Error] :1:1: Premature end of file.
2026-09-13 10:00:33,283 [ERROR] LogOutputStream:75 - [STDERR_REDIRECT] 
2026-09-13 10:00:34,284 [ERROR] LogOutputStream:75 - [STDERR_REDIRECT] [Fatal Error] :1:1: Premature end of file.
2026-09-13 10:00:34,284 [ERROR] LogOutputStream:75 - [STDERR_REDIRECT] 
2026-09-13 10:00:35,289 [ERROR] LogOutputStream:75 - [STDERR_REDIRECT] [Fatal Error] :1:1: Premature end of file.
2026-09-13 10:00:35,290 [ERROR] LogOutputStream:75 - [STDERR_REDIRECT] 
2026-09-13 10:00:36,291 [ERROR] LogOutputStream:75 - [STDERR_REDIRECT] [Fatal Error] :1:1: Premature end of file.
2026-09-13 10:00:36,291 [ERROR] LogOutputStream:75 - [STDERR_REDIRECT] 
2026-09-13 10:00:37,291 [ERROR] LogOutputStream:75 - [STDERR_REDIRECT] [Fatal Error] :1:1: Premature end of file.
2026-09-13 10:00:37,292 [ERROR] LogOutputStream:75 - [STDERR_REDIRECT] 
2026-09-13 10:00:38,287 [ERROR] LogOutputStream:75 - [STDERR_REDIRECT] [Fatal Error] :1:1: Premature end of file.
2026-09-13 10:00:38,288 [ERROR] LogOutputStream:75 - [STDERR_REDIRECT] 
2026-09-13 10:00:39,289 [ERROR] LogOutputStream:75 - [STDERR_REDIRECT] [Fatal Error] :1:1: Premature end of file.
2026-09-13 10:00:39,289 [ERROR] LogOutputStream:75 - [STDERR_REDIRECT] 
2026-09-13 10:00:40,283 [ERROR] LogOutputStream:75 - [STDERR_REDIRECT] [Fatal Error] :1:1: Premature end of file.
2026-09-13 10:00:40,283 [ERROR] LogOutputStream:75 - [STDERR_REDIRECT] 
2026-09-13 10:00:41,295 [ERROR] LogOutputStream:75 - [STDERR_REDIRECT] [Fatal Error] :1:1: Premature end of file.
2026-09-13 10:00:41,296 [ERROR] LogOutputStream:75 - [STDERR_REDIRECT] 
2026-09-13 10:00:42,284 [ERROR] LogOutputStream:75 - [STDERR_REDIRECT] [Fatal Error] :1:1: Premature end of file.
2026-09-13 10:00:42,285 [ERROR] LogOutputStream:75 - [STDERR_REDIRECT] 
2026-09-13 10:00:43,281 [ERROR] LogOutputStream:75 - [STDERR_REDIRECT] [Fatal Error] :1:1: Premature end of file.
2026-09-13 10:00:43,281 [ERROR] LogOutputStream:75 - [STDERR_REDIRECT] 
2026-09-13 10:00:44,284 [ERROR] LogOutputStream:75 - [STDERR_REDIRECT] [Fatal Error] :1:1: Premature end of file.
2026-09-13 10:00:44,285 [ERROR] LogOutputStream:75 - [STDERR_REDIRECT] 
2026-09-13 10:00:45,286 [ERROR] LogOutputStream:75 - [STDERR_REDIRECT] [Fatal Error] :1:1: Premature end of file.
2026-09-13 10:00:45,286 [ERROR] LogOutputStream:75 - [STDERR_REDIRECT] 
2026-09-13 10:00:46,302 [ERROR] LogOutputStream:75 - [STDERR_REDIRECT] [Fatal Error] :1:1: Premature end of file.
2026-09-13 10:00:46,302 [ERROR] LogOutputStream:75 - [STDERR_REDIRECT] 
2026-09-13 10:00:47,307 [ERROR] LogOutputStream:75 - [STDERR_REDIRECT] [Fatal Error] :1:1: Premature end of file.
2026-09-13 10:00:47,308 [ERROR] LogOutputStream:75 - [STDERR_REDIRECT] 
2026-09-13 10:00:48,282 [ERROR] LogOutputStream:75 - [STDERR_REDIRECT] [Fatal Error] :1:1: Premature end of file.
2026-09-13 10:00:48,283 [ERROR] LogOutputStream:75 - [STDERR_REDIRECT] 
2026-09-13 10:00:49,287 [ERROR] LogOutputStream:75 - [STDERR_REDIRECT] [Fatal Error] :1:1: Premature end of file.
2026-09-13 10:00:49,287 [ERROR] LogOutputStream:75 - [STDERR_REDIRECT] 
2026-09-13 10:00:50,284 [ERROR] LogOutputStream:75 - [STDERR_REDIRECT] [Fatal Error] :1:1: Premature end of file.
2026-09-13 10:00:50,284 [ERROR] LogOutputStream:75 - [STDERR_REDIRECT] 
2026-09-13 10:00:51,283 [ERROR] LogOutputStream:75 - [STDERR_REDIRECT] [Fatal Error] :1:1: Premature end of file.
2026-09-13 10:00:51,284 [ERROR] LogOutputStream:75 - [STDERR_REDIRECT] 
2026-09-13 10:00:52,283 [ERROR] LogOutputStream:75 - [STDERR_REDIRECT] [Fatal Error] :1:1: Premature end of file.
2026-09-13 10:00:52,283 [ERROR] LogOutputStream:75 - [STDERR_REDIRECT] 
2026-09-13 10:00:53,296 [ERROR] LogOutputStream:75 - [STDERR_REDIRECT] [Fatal Error] :1:1: Premature end of file.
2026-09-13 10:00:53,297 [ERROR] LogOutputStream:75 - [STDERR_REDIRECT] 
2026-09-13 10:00:54,287 [ERROR] LogOutputStream:75 - [STDERR_REDIRECT] [Fatal Error] :1:1: Premature end of file.
2026-09-13 10:00:54,287 [ERROR] LogOutputStream:75 - [STDERR_REDIRECT] 
2026-09-13 10:00:55,294 [ERROR] LogOutputStream:75 - [STDERR_REDIRECT] [Fatal Error] :1:1: Premature end of file.
2026-09-13 10:00:55,294 [ERROR] LogOutputStream:75 - [STDERR_REDIRECT] 
2026-09-13 10:00:56,287 [ERROR] LogOutputStream:75 - [STDERR_REDIRECT] [Fatal Error] :1:1: Premature end of file.
2026-09-13 10:00:56,287 [ERROR] LogOutputStream:75 - [STDERR_REDIRECT] 
2026-09-13 10:00:57,300 [ERROR] LogOutputStream:75 - [STDERR_REDIRECT] [Fatal Error] :1:1: Premature end of file.
2026-09-13 10:00:57,300 [ERROR] LogOutputStream:75 - [STDERR_REDIRECT] 
2026-09-13 10:00:58,303 [ERROR] LogOutputStream:75 - [STDERR_REDIRECT] [Fatal Error] :1:1: Premature end of file.
2026-09-13 10:00:58,303 [ERROR] LogOutputStream:75 - [STDERR_REDIRECT] 
2026-09-13 10:00:59,295 [ERROR] LogOutputStream:75 - [STDERR_REDIRECT] [Fatal Error] :1:1: Premature end of file.
2026-09-13 10:00:59,297 [ERROR] LogOutputStream:75 - [STDERR_REDIRECT] 
2026-09-13 10:01:00,288 [ERROR] LogOutputStream:75 - [STDERR_REDIRECT] [Fatal Error] :1:1: Premature end of file.
2026-09-13 10:01:00,288 [ERROR] LogOutputStream:75 - [STDERR_REDIRECT] 
2026-09-13 10:01:01,286 [ERROR] LogOutputStream:75 - [STDERR_REDIRECT] [Fatal Error] :1:1: Premature end of file.
2026-09-13 10:01:01,287 [ERROR] LogOutputStream:75 - [STDERR_REDIRECT] 
2026-09-13 10:01:02,285 [ERROR] LogOutputStream:75 - [STDERR_REDIRECT] [Fatal Error] :1:1: Premature end of file.
2026-09-13 10:01:02,285 [ERROR] LogOutputStream:75 - [STDERR_REDIRECT] 
2026-09-13 10:01:03,282 [ERROR] LogOutputStream:75 - [STDERR_REDIRECT] [Fatal Error] :1:1: Premature end of file.
2026-09-13 10:01:03,282 [ERROR] LogOutputStream:75 - [STDERR_REDIRECT] 
2026-09-13 10:01:04,286 [ERROR] LogOutputStream:75 - [STDERR_REDIRECT] [Fatal Error] :1:1: Premature end of file.
2026-09-13 10:01:04,286 [ERROR] LogOutputStream:75 - [STDERR_REDIRECT] 
2026-09-13 10:01:05,285 [ERROR] LogOutputStream:75 - [STDERR_REDIRECT] [Fatal Error] :1:1: Premature end of file.
2026-09-13 10:01:05,285 [ERROR] LogOutputStream:75 - [STDERR_REDIRECT] 
2026-09-13 10:01:06,287 [ERROR] LogOutputStream:75 - [STDERR_REDIRECT] [Fatal Error] :1:1: Premature end of file.
2026-09-13 10:01:06,287 [ERROR] LogOutputStream:75 - [STDERR_REDIRECT] 
2026-09-13 10:01:07,285 [ERROR] LogOutputStream:75 - [STDERR_REDIRECT] [Fatal Error] :1:1: Premature end of file.
2026-09-13 10:01:07,286 [ERROR] LogOutputStream:75 - [STDERR_REDIRECT] 
2026-09-13 10:01:08,284 [ERROR] LogOutputStream:75 - [STDERR_REDIRECT] [Fatal Error] :1:1: Premature end of file.
2026-09-13 10:01:08,285 [ERROR] LogOutputStream:75 - [STDERR_REDIRECT] 
2026-09-13 10:01:09,285 [ERROR] LogOutputStream:75 - [STDERR_REDIRECT] [Fatal Error] :1:1: Premature end of file.
2026-09-13 10:01:09,285 [ERROR] LogOutputStream:75 - [STDERR_REDIRECT] 
2026-09-13 10:01:10,286 [ERROR] LogOutputStream:75 - [STDERR_REDIRECT] [Fatal Error] :1:1: Premature end of file.
2026-09-13 10:01:10,286 [ERROR] LogOutputStream:75 - [STDERR_REDIRECT] 
2026-09-13 10:01:11,285 [ERROR] LogOutputStream:75 - [STDERR_REDIRECT] [Fatal Error] :1:1: Premature end of file.
2026-09-13 10:01:11,285 [ERROR] LogOutputStream:75 - [STDERR_REDIRECT] 
2026-09-13 10:01:12,302 [ERROR] LogOutputStream:75 - [STDERR_REDIRECT] [Fatal Error] :1:1: Premature end of file.
2026-09-13 10:01:12,302 [ERROR] LogOutputStream:75 - [STDERR_REDIRECT] 
2026-09-13 10:01:13,289 [ERROR] LogOutputStream:75 - [STDERR_REDIRECT] [Fatal Error] :1:1: Premature end of file.
2026-09-13 10:01:13,290 [ERROR] LogOutputStream:75 - [STDERR_REDIRECT] 
2026-09-13 10:01:14,329 [ERROR] LogOutputStream:75 - [STDERR_REDIRECT] [Fatal Error] :1:1: Premature end of file.
2026-09-13 10:01:14,330 [ERROR] LogOutputStream:75 - [STDERR_REDIRECT] 
2026-09-13 10:01:15,293 [ERROR] LogOutputStream:75 - [STDERR_REDIRECT] [Fatal Error] :1:1: Premature end of file.
2026-09-13 10:01:15,293 [ERROR] LogOutputStream:75 - [STDERR_REDIRECT] 
2026-09-13 10:01:16,291 [ERROR] LogOutputStream:75 - [STDERR_REDIRECT] [Fatal Error] :1:1: Premature end of file.
2026-09-13 10:01:16,292 [ERROR] LogOutputStream:75 - [STDERR_REDIRECT] 
2026-09-13 10:01:17,292 [ERROR] LogOutputStream:75 - [STDERR_REDIRECT] [Fatal Error] :1:1: Premature end of file.
2026-09-13 10:01:17,292 [ERROR] LogOutputStream:75 - [STDERR_REDIRECT] 
2026-09-13 10:01:18,299 [ERROR] LogOutputStream:75 - [STDERR_REDIRECT] [Fatal Error] :1:1: Premature end of file.
2026-09-13 10:01:18,299 [ERROR] LogOutputStream:75 - [STDERR_REDIRECT] 
2026-09-13 10:01:19,286 [ERROR] LogOutputStream:75 - [STDERR_REDIRECT] [Fatal Error] :1:1: Premature end of file.
2026-09-13 10:01:19,286 [ERROR] LogOutputStream:75 - [STDERR_REDIRECT] 
2026-09-13 10:01:20,285 [ERROR] LogOutputStream:75 - [STDERR_REDIRECT] [Fatal Error] :1:1: Premature end of file.
2026-09-13 10:01:20,285 [ERROR] LogOutputStream:75 - [STDERR_REDIRECT] 
2026-09-13 10:01:21,285 [ERROR] LogOutputStream:75 - [STDERR_REDIRECT] [Fatal Error] :1:1: Premature end of file.
2026-09-13 10:01:21,285 [ERROR] LogOutputStream:75 - [STDERR_REDIRECT] 
2026-09-13 10:01:22,288 [ERROR] LogOutputStream:75 - [STDERR_REDIRECT] [Fatal Error] :1:1: Premature end of file.
2026-09-13 10:01:22,288 [ERROR] LogOutputStream:75 - [STDERR_REDIRECT] 
2026-09-13 10:01:23,289 [ERROR] LogOutputStream:75 - [STDERR_REDIRECT] [Fatal Error] :1:1: Premature end of file.
2026-09-13 10:01:23,290 [ERROR] LogOutputStream:75 - [STDERR_REDIRECT] 
2026-09-13 10:01:24,287 [ERROR] LogOutputStream:75 - [STDERR_REDIRECT] [Fatal Error] :1:1: Premature end of file.
2026-09-13 10:01:24,287 [ERROR] LogOutputStream:75 - [STDERR_REDIRECT] 
2026-09-13 10:01:25,289 [ERROR] LogOutputStream:75 - [STDERR_REDIRECT] [Fatal Error] :1:1: Premature end of file.
2026-09-13 10:01:25,289 [ERROR] LogOutputStream:75 - [STDERR_REDIRECT] 
2026-09-13 10:01:26,295 [ERROR] LogOutputStream:75 - [STDERR_REDIRECT] [Fatal Error] :1:1: Premature end of file.
2026-09-13 10:01:26,297 [ERROR] LogOutputStream:75 - [STDERR_REDIRECT] 
2026-09-13 10:01:27,295 [ERROR] LogOutputStream:75 - [STDERR_REDIRECT] [Fatal Error] :1:1: Premature end of file.
2026-09-13 10:01:27,295 [ERROR] LogOutputStream:75 - [STDERR_REDIRECT] 
2026-09-13 10:01:28,296 [ERROR] LogOutputStream:75 - [STDERR_REDIRECT] [Fatal Error] :1:1: Premature end of file.
2026-09-13 10:01:28,296 [ERROR] LogOutputStream:75 - [STDERR_REDIRECT] 
2026-09-13 10:01:29,301 [ERROR] LogOutputStream:75 - [STDERR_REDIRECT] [Fatal Error] :1:1: Premature end of file.
2026-09-13 10:01:29,302 [ERROR] LogOutputStream:75 - [STDERR_REDIRECT] 
2026-09-13 10:01:30,291 [ERROR] LogOutputStream:75 - [STDERR_REDIRECT] [Fatal Error] :1:1: Premature end of file.
2026-09-13 10:01:30,292 [ERROR] LogOutputStream:75 - [STDERR_REDIRECT] 
2026-09-13 10:01:31,300 [ERROR] LogOutputStream:75 - [STDERR_REDIRECT] [Fatal Error] :1:1: Premature end of file.
2026-09-13 10:01:31,301 [ERROR] LogOutputStream:75 - [STDERR_REDIRECT] 
2026-09-13 10:01:32,308 [ERROR] LogOutputStream:75 - [STDERR_REDIRECT] [Fatal Error] :1:1: Premature end of file.
2026-09-13 10:01:32,309 [ERROR] LogOutputStream:75 - [STDERR_REDIRECT] 
2026-09-13 10:01:33,290 [ERROR] LogOutputStream:75 - [STDERR_REDIRECT] [Fatal Error] :1:1: Premature end of file.
2026-09-13 10:01:33,290 [ERROR] LogOutputStream:75 - [STDERR_REDIRECT] 
2026-09-13 10:01:34,287 [ERROR] LogOutputStream:75 - [STDERR_REDIRECT] [Fatal Error] :1:1: Premature end of file.
2026-09-13 10:01:34,288 [ERROR] LogOutputStream:75 - [STDERR_REDIRECT] 
2026-09-13 10:01:35,283 [ERROR] LogOutputStream:75 - [STDERR_REDIRECT] [Fatal Error] :1:1: Premature end of file.
2026-09-13 10:01:35,283 [ERROR] LogOutputStream:75 - [STDERR_REDIRECT] 
2026-09-13 10:01:36,295 [ERROR] LogOutputStream:75 - [STDERR_REDIRECT] [Fatal Error] :1:1: Premature end of file.
2026-09-13 10:01:36,295 [ERROR] LogOutputStream:75 - [STDERR_REDIRECT] 
2026-09-13 10:01:37,311 [ERROR] LogOutputStream:75 - [STDERR_REDIRECT] [Fatal Error] :1:1: Premature end of file.
2026-09-13 10:01:37,312 [ERROR] LogOutputStream:75 - [STDERR_REDIRECT] 
2026-09-13 10:01:38,299 [ERROR] LogOutputStream:75 - [STDERR_REDIRECT] [Fatal Error] :1:1: Premature end of file.
2026-09-13 10:01:38,300 [ERROR] LogOutputStream:75 - [STDERR_REDIRECT] 
2026-09-13 10:01:39,285 [ERROR] LogOutputStream:75 - [STDERR_REDIRECT] [Fatal Error] :1:1: Premature end of file.
2026-09-13 10:01:39,285 [ERROR] LogOutputStream:75 - [STDERR_REDIRECT] 
2026-09-13 10:01:40,285 [ERROR] LogOutputStream:75 - [STDERR_REDIRECT] [Fatal Error] :1:1: Premature end of file.
2026-09-13 10:01:40,285 [ERROR] LogOutputStream:75 - [STDERR_REDIRECT] 
2026-09-13 10:01:41,282 [ERROR] LogOutputStream:75 - [STDERR_REDIRECT] [Fatal Error] :1:1: Premature end of file.
2026-09-13 10:01:41,282 [ERROR] LogOutputStream:75 - [STDERR_REDIRECT] 
2026-09-13 10:01:42,290 [ERROR] LogOutputStream:75 - [STDERR_REDIRECT] [Fatal Error] :1:1: Premature end of file.
2026-09-13 10:01:42,290 [ERROR] LogOutputStream:75 - [STDERR_REDIRECT] 
2026-09-13 10:01:43,290 [ERROR] LogOutputStream:75 - [STDERR_REDIRECT] [Fatal Error] :1:1: Premature end of file.
2026-09-13 10:01:43,290 [ERROR] LogOutputStream:75 - [STDERR_REDIRECT] 
2026-09-13 10:01:44,284 [ERROR] LogOutputStream:75 - [STDERR_REDIRECT] [Fatal Error] :1:1: Premature end of file.
2026-09-13 10:01:44,285 [ERROR] LogOutputStream:75 - [STDERR_REDIRECT] 
2026-09-13 10:01:45,290 [ERROR] LogOutputStream:75 - [STDERR_REDIRECT] [Fatal Error] :1:1: Premature end of file.
2026-09-13 10:01:45,291 [ERROR] LogOutputStream:75 - [STDERR_REDIRECT] 
2026-09-13 10:01:46,292 [ERROR] LogOutputStream:75 - [STDERR_REDIRECT] [Fatal Error] :1:1: Premature end of file.
2026-09-13 10:01:46,292 [ERROR] LogOutputStream:75 - [STDERR_REDIRECT] 
2026-09-13 10:01:47,295 [ERROR] LogOutputStream:75 - [STDERR_REDIRECT] [Fatal Error] :1:1: Premature end of file.
2026-09-13 10:01:47,295 [ERROR] LogOutputStream:75 - [STDERR_REDIRECT] 
2026-09-13 10:01:48,285 [ERROR] LogOutputStream:75 - [STDERR_REDIRECT] [Fatal Error] :1:1: Premature end of file.
2026-09-13 10:01:48,286 [ERROR] LogOutputStream:75 - [STDERR_REDIRECT] 
2026-09-13 10:01:49,280 [ERROR] LogOutputStream:75 - [STDERR_REDIRECT] [Fatal Error] :1:1: Premature end of file.
2026-09-13 10:01:49,281 [ERROR] LogOutputStream:75 - [STDERR_REDIRECT] 
2026-09-13 10:01:50,287 [ERROR] LogOutputStream:75 - [STDERR_REDIRECT] [Fatal Error] :1:1: Premature end of file.
2026-09-13 10:01:50,287 [ERROR] LogOutputStream:75 - [STDERR_REDIRECT] 
2026-09-13 10:01:51,282 [ERROR] LogOutputStream:75 - [STDERR_REDIRECT] [Fatal Error] :1:1: Premature end of file.
2026-09-13 10:01:51,284 [ERROR] LogOutputStream:75 - [STDERR_REDIRECT] 
2026-09-13 10:01:52,286 [ERROR] LogOutputStream:75 - [STDERR_REDIRECT] [Fatal Error] :1:1: Premature end of file.
2026-09-13 10:01:52,286 [ERROR] LogOutputStream:75 - [STDERR_REDIRECT] 
2026-09-13 10:01:53,283 [ERROR] LogOutputStream:75 - [STDERR_REDIRECT] [Fatal Error] :1:1: Premature end of file.
2026-09-13 10:01:53,284 [ERROR] LogOutputStream:75 - [STDERR_REDIRECT] 
2026-09-13 10:01:54,285 [ERROR] LogOutputStream:75 - [STDERR_REDIRECT] [Fatal Error] :1:1: Premature end of file.
2026-09-13 10:01:54,285 [ERROR] LogOutputStream:75 - [STDERR_REDIRECT] 
2026-09-13 10:01:55,285 [ERROR] LogOutputStream:75 - [STDERR_REDIRECT] [Fatal Error] :1:1: Premature end of file.
2026-09-13 10:01:55,285 [ERROR] LogOutputStream:75 - [STDERR_REDIRECT] 
2026-09-13 10:01:56,280 [ERROR] LogOutputStream:75 - [STDERR_REDIRECT] [Fatal Error] :1:1: Premature end of file.
2026-09-13 10:01:56,280 [ERROR] LogOutputStream:75 - [STDERR_REDIRECT] 
2026-09-13 10:01:57,285 [ERROR] LogOutputStream:75 - [STDERR_REDIRECT] [Fatal Error] :1:1: Premature end of file.
2026-09-13 10:01:57,285 [ERROR] LogOutputStream:75 - [STDERR_REDIRECT] 
2026-09-13 10:01:58,283 [ERROR] LogOutputStream:75 - [STDERR_REDIRECT] [Fatal Error] :1:1: Premature end of file.
2026-09-13 10:01:58,283 [ERROR] LogOutputStream:75 - [STDERR_REDIRECT] 
2026-09-13 10:01:59,284 [ERROR] LogOutputStream:75 - [STDERR_REDIRECT] [Fatal Error] :1:1: Premature end of file.
2026-09-13 10:01:59,284 [ERROR] LogOutputStream:75 - [STDERR_REDIRECT] 
2026-09-13 10:02:00,288 [ERROR] LogOutputStream:75 - [STDERR_REDIRECT] [Fatal Error] :1:1: Premature end of file.
2026-09-13 10:02:00,288 [ERROR] LogOutputStream:75 - [STDERR_REDIRECT] 
2026-09-13 10:02:01,365 [ERROR] LogOutputStream:75 - [STDERR_REDIRECT] [Fatal Error] :1:1: Premature end of file.
2026-09-13 10:02:01,366 [ERROR] LogOutputStream:75 - [STDERR_REDIRECT] 
2026-09-13 10:02:02,291 [ERROR] LogOutputStream:75 - [STDERR_REDIRECT] [Fatal Error] :1:1: Premature end of file.
2026-09-13 10:02:02,292 [ERROR] LogOutputStream:75 - [STDERR_REDIRECT] 
2026-09-13 10:02:03,288 [ERROR] LogOutputStream:75 - [STDERR_REDIRECT] [Fatal Error] :1:1: Premature end of file.
2026-09-13 10:02:03,289 [ERROR] LogOutputStream:75 - [STDERR_REDIRECT] 
2026-09-13 10:02:04,289 [ERROR] LogOutputStream:75 - [STDERR_REDIRECT] [Fatal Error] :1:1: Premature end of file.
2026-09-13 10:02:04,290 [ERROR] LogOutputStream:75 - [STDERR_REDIRECT] 
2026-09-13 10:02:05,273 [ERROR] LogOutputStream:75 - [STDERR_REDIRECT] [Fatal Error] :1:1: Premature end of file.
2026-09-13 10:02:05,273 [ERROR] LogOutputStream:75 - [STDERR_REDIRECT] 
2026-09-13 10:02:06,302 [ERROR] LogOutputStream:75 - [STDERR_REDIRECT] [Fatal Error] :1:1: Premature end of file.
2026-09-13 10:02:06,303 [ERROR] LogOutputStream:75 - [STDERR_REDIRECT] 
2026-09-13 10:02:07,282 [ERROR] LogOutputStream:75 - [STDERR_REDIRECT] [Fatal Error] :1:1: Premature end of file.
2026-09-13 10:02:07,282 [ERROR] LogOutputStream:75 - [STDERR_REDIRECT] 
2026-09-13 10:02:08,302 [ERROR] LogOutputStream:75 - [STDERR_REDIRECT] [Fatal Error] :1:1: Premature end of file.
2026-09-13 10:02:08,303 [ERROR] LogOutputStream:75 - [STDERR_REDIRECT] 
2026-09-13 10:02:09,288 [ERROR] LogOutputStream:75 - [STDERR_REDIRECT] [Fatal Error] :1:1: Premature end of file.
2026-09-13 10:02:09,288 [ERROR] LogOutputStream:75 - [STDERR_REDIRECT] 
2026-09-13 10:02:10,291 [ERROR] LogOutputStream:75 - [STDERR_REDIRECT] [Fatal Error] :1:1: Premature end of file.
2026-09-13 10:02:10,291 [ERROR] LogOutputStream:75 - [STDERR_REDIRECT] 
2026-09-13 10:02:11,289 [ERROR] LogOutputStream:75 - [STDERR_REDIRECT] [Fatal Error] :1:1: Premature end of file.
2026-09-13 10:02:11,290 [ERROR] LogOutputStream:75 - [STDERR_REDIRECT] 
2026-09-13 10:02:12,272 [ERROR] LogOutputStream:75 - [STDERR_REDIRECT] [Fatal Error] :1:1: Premature end of file.
2026-09-13 10:02:12,272 [ERROR] LogOutputStream:75 - [STDERR_REDIRECT] 
2026-09-13 10:02:13,272 [ERROR] LogOutputStream:75 - [STDERR_REDIRECT] [Fatal Error] :1:1: Premature end of file.
2026-09-13 10:02:13,272 [ERROR] LogOutputStream:75 - [STDERR_REDIRECT] 
2026-09-13 10:02:14,300 [ERROR] LogOutputStream:75 - [STDERR_REDIRECT] [Fatal Error] :1:1: Premature end of file.
2026-09-13 10:02:14,302 [ERROR] LogOutputStream:75 - [STDERR_REDIRECT] 
2026-09-13 10:02:15,283 [ERROR] LogOutputStream:75 - [STDERR_REDIRECT] [Fatal Error] :1:1: Premature end of file.
2026-09-13 10:02:15,283 [ERROR] LogOutputStream:75 - [STDERR_REDIRECT] 
2026-09-13 10:02:16,281 [ERROR] LogOutputStream:75 - [STDERR_REDIRECT] [Fatal Error] :1:1: Premature end of file.
2026-09-13 10:02:16,282 [ERROR] LogOutputStream:75 - [STDERR_REDIRECT] 
2026-09-13 10:02:17,287 [ERROR] LogOutputStream:75 - [STDERR_REDIRECT] [Fatal Error] :1:1: Premature end of file.
2026-09-13 10:02:17,289 [ERROR] LogOutputStream:75 - [STDERR_REDIRECT] 
2026-09-13 10:02:18,282 [ERROR] LogOutputStream:75 - [STDERR_REDIRECT] [Fatal Error] :1:1: Premature end of file.
2026-09-13 10:02:18,282 [ERROR] LogOutputStream:75 - [STDERR_REDIRECT] 
2026-09-13 10:02:19,280 [ERROR] LogOutputStream:75 - [STDERR_REDIRECT] [Fatal Error] :1:1: Premature end of file.
2026-09-13 10:02:19,280 [ERROR] LogOutputStream:75 - [STDERR_REDIRECT] 
2026-09-13 10:02:20,283 [ERROR] LogOutputStream:75 - [STDERR_REDIRECT] [Fatal Error] :1:1: Premature end of file.
2026-09-13 10:02:20,285 [ERROR] LogOutputStream:75 - [STDERR_REDIRECT] 
2026-09-13 10:02:21,281 [ERROR] LogOutputStream:75 - [STDERR_REDIRECT] [Fatal Error] :1:1: Premature end of file.
2026-09-13 10:02:21,281 [ERROR] LogOutputStream:75 - [STDERR_REDIRECT] 
2026-09-13 10:02:22,281 [ERROR] LogOutputStream:75 - [STDERR_REDIRECT] [Fatal Error] :1:1: Premature end of file.
2026-09-13 10:02:22,281 [ERROR] LogOutputStream:75 - [STDERR_REDIRECT] 
2026-09-13 10:02:23,279 [ERROR] LogOutputStream:75 - [STDERR_REDIRECT] [Fatal Error] :1:1: Premature end of file.
2026-09-13 10:02:23,279 [ERROR] LogOutputStream:75 - [STDERR_REDIRECT] 
2026-09-13 10:02:24,282 [ERROR] LogOutputStream:75 - [STDERR_REDIRECT] [Fatal Error] :1:1: Premature end of file.
2026-09-13 10:02:24,282 [ERROR] LogOutputStream:75 - [STDERR_REDIRECT] 
2026-09-13 10:02:25,286 [ERROR] LogOutputStream:75 - [STDERR_REDIRECT] [Fatal Error] :1:1: Premature end of file.
2026-09-13 10:02:25,286 [ERROR] LogOutputStream:75 - [STDERR_REDIRECT] 
2026-09-13 10:02:26,289 [ERROR] LogOutputStream:75 - [STDERR_REDIRECT] [Fatal Error] :1:1: Premature end of file.
2026-09-13 10:02:26,289 [ERROR] LogOutputStream:75 - [STDERR_REDIRECT] 
2026-09-13 10:02:27,281 [ERROR] LogOutputStream:75 - [STDERR_REDIRECT] [Fatal Error] :1:1: Premature end of file.
2026-09-13 10:02:27,281 [ERROR] LogOutputStream:75 - [STDERR_REDIRECT] 
2026-09-13 10:02:28,283 [ERROR] LogOutputStream:75 - [STDERR_REDIRECT] [Fatal Error] :1:1: Premature end of file.
2026-09-13 10:02:28,283 [ERROR] LogOutputStream:75 - [STDERR_REDIRECT] 
2026-09-13 10:02:29,285 [ERROR] LogOutputStream:75 - [STDERR_REDIRECT] [Fatal Error] :1:1: Premature end of file.
2026-09-13 10:02:29,285 [ERROR] LogOutputStream:75 - [STDERR_REDIRECT] 
2026-09-13 10:02:30,285 [ERROR] LogOutputStream:75 - [STDERR_REDIRECT] [Fatal Error] :1:1: Premature end of file.
2026-09-13 10:02:30,285 [ERROR] LogOutputStream:75 - [STDERR_REDIRECT] 
2026-09-13 10:02:31,284 [ERROR] LogOutputStream:75 - [STDERR_REDIRECT] [Fatal Error] :1:1: Premature end of file.
2026-09-13 10:02:31,285 [ERROR] LogOutputStream:75 - [STDERR_REDIRECT] 
2026-09-13 10:02:32,280 [ERROR] LogOutputStream:75 - [STDERR_REDIRECT] [Fatal Error] :1:1: Premature end of file.
2026-09-13 10:02:32,280 [ERROR] LogOutputStream:75 - [STDERR_REDIRECT] 
2026-09-13 10:02:33,281 [ERROR] LogOutputStream:75 - [STDERR_REDIRECT] [Fatal Error] :1:1: Premature end of file.
2026-09-13 10:02:33,281 [ERROR] LogOutputStream:75 - [STDERR_REDIRECT] 
2026-09-13 10:02:34,281 [ERROR] LogOutputStream:75 - [STDERR_REDIRECT] [Fatal Error] :1:1: Premature end of file.
2026-09-13 10:02:34,281 [ERROR] LogOutputStream:75 - [STDERR_REDIRECT] 
2026-09-13 10:02:35,285 [ERROR] LogOutputStream:75 - [STDERR_REDIRECT] [Fatal Error] :1:1: Premature end of file.
2026-09-13 10:02:35,285 [ERROR] LogOutputStream:75 - [STDERR_REDIRECT] 
2026-09-13 10:02:36,282 [ERROR] LogOutputStream:75 - [STDERR_REDIRECT] [Fatal Error] :1:1: Premature end of file.
2026-09-13 10:02:36,287 [ERROR] LogOutputStream:75 - [STDERR_REDIRECT] 
2026-09-13 10:02:37,281 [ERROR] LogOutputStream:75 - [STDERR_REDIRECT] [Fatal Error] :1:1: Premature end of file.
2026-09-13 10:02:37,281 [ERROR] LogOutputStream:75 - [STDERR_REDIRECT] 
2026-09-13 10:02:38,285 [ERROR] LogOutputStream:75 - [STDERR_REDIRECT] [Fatal Error] :1:1: Premature end of file.
2026-09-13 10:02:38,285 [ERROR] LogOutputStream:75 - [STDERR_REDIRECT] 
2026-09-13 10:02:39,283 [ERROR] LogOutputStream:75 - [STDERR_REDIRECT] [Fatal Error] :1:1: Premature end of file.
2026-09-13 10:02:39,283 [ERROR] LogOutputStream:75 - [STDERR_REDIRECT] 
2026-09-13 10:02:40,284 [ERROR] LogOutputStream:75 - [STDERR_REDIRECT] [Fatal Error] :1:1: Premature end of file.
2026-09-13 10:02:40,284 [ERROR] LogOutputStream:75 - [STDERR_REDIRECT] 
2026-09-13 10:02:41,277 [ERROR] LogOutputStream:75 - [STDERR_REDIRECT] [Fatal Error] :1:1: Premature end of file.
2026-09-13 10:02:41,278 [ERROR] LogOutputStream:75 - [STDERR_REDIRECT] 
2026-09-13 10:02:42,280 [ERROR] LogOutputStream:75 - [STDERR_REDIRECT] [Fatal Error] :1:1: Premature end of file.
2026-09-13 10:02:42,280 [ERROR] LogOutputStream:75 - [STDERR_REDIRECT] 
2026-09-13 10:02:43,284 [ERROR] LogOutputStream:75 - [STDERR_REDIRECT] [Fatal Error] :1:1: Premature end of file.
2026-09-13 10:02:43,284 [ERROR] LogOutputStream:75 - [STDERR_REDIRECT] 
2026-09-13 10:02:44,298 [ERROR] LogOutputStream:75 - [STDERR_REDIRECT] [Fatal Error] :1:1: Premature end of file.
2026-09-13 10:02:44,298 [ERROR] LogOutputStream:75 - [STDERR_REDIRECT] 
2026-09-13 10:02:45,281 [ERROR] LogOutputStream:75 - [STDERR_REDIRECT] [Fatal Error] :1:1: Premature end of file.
2026-09-13 10:02:45,281 [ERROR] LogOutputStream:75 - [STDERR_REDIRECT] 
2026-09-13 10:02:46,283 [ERROR] LogOutputStream:75 - [STDERR_REDIRECT] [Fatal Error] :1:1: Premature end of file.
2026-09-13 10:02:46,283 [ERROR] LogOutputStream:75 - [STDERR_REDIRECT] 
2026-09-13 10:02:47,282 [ERROR] LogOutputStream:75 - [STDERR_REDIRECT] [Fatal Error] :1:1: Premature end of file.
2026-09-13 10:02:47,282 [ERROR] LogOutputStream:75 - [STDERR_REDIRECT] 
2026-09-13 10:02:48,281 [ERROR] LogOutputStream:75 - [STDERR_REDIRECT] [Fatal Error] :1:1: Premature end of file.
2026-09-13 10:02:48,281 [ERROR] LogOutputStream:75 - [STDERR_REDIRECT] 
2026-09-13 10:02:49,280 [ERROR] LogOutputStream:75 - [STDERR_REDIRECT] [Fatal Error] :1:1: Premature end of file.
2026-09-13 10:02:49,280 [ERROR] LogOutputStream:75 - [STDERR_REDIRECT] 
2026-09-13 10:02:50,281 [ERROR] LogOutputStream:75 - [STDERR_REDIRECT] [Fatal Error] :1:1: Premature end of file.
2026-09-13 10:02:50,281 [ERROR] LogOutputStream:75 - [STDERR_REDIRECT] 
2026-09-13 10:02:51,286 [ERROR] LogOutputStream:75 - [STDERR_REDIRECT] [Fatal Error] :1:1: Premature end of file.
2026-09-13 10:02:51,286 [ERROR] LogOutputStream:75 - [STDERR_REDIRECT] 
2026-09-13 10:02:52,284 [ERROR] LogOutputStream:75 - [STDERR_REDIRECT] [Fatal Error] :1:1: Premature end of file.
2026-09-13 10:02:52,284 [ERROR] LogOutputStream:75 - [STDERR_REDIRECT] 
2026-09-13 10:02:53,279 [ERROR] LogOutputStream:75 - [STDERR_REDIRECT] [Fatal Error] :1:1: Premature end of file.
2026-09-13 10:02:53,279 [ERROR] LogOutputStream:75 - [STDERR_REDIRECT] 
2026-09-13 10:02:54,281 [ERROR] LogOutputStream:75 - [STDERR_REDIRECT] [Fatal Error] :1:1: Premature end of file.
2026-09-13 10:02:54,281 [ERROR] LogOutputStream:75 - [STDERR_REDIRECT] 
2026-09-13 10:02:55,286 [ERROR] LogOutputStream:75 - [STDERR_REDIRECT] [Fatal Error] :1:1: Premature end of file.
2026-09-13 10:02:55,287 [ERROR] LogOutputStream:75 - [STDERR_REDIRECT] 
2026-09-13 10:02:56,281 [ERROR] LogOutputStream:75 - [STDERR_REDIRECT] [Fatal Error] :1:1: Premature end of file.
2026-09-13 10:02:56,281 [ERROR] LogOutputStream:75 - [STDERR_REDIRECT] 
2026-09-13 10:02:57,282 [ERROR] LogOutputStream:75 - [STDERR_REDIRECT] [Fatal Error] :1:1: Premature end of file.
2026-09-13 10:02:57,282 [ERROR] LogOutputStream:75 - [STDERR_REDIRECT] 
2026-09-13 10:02:58,298 [ERROR] LogOutputStream:75 - [STDERR_REDIRECT] [Fatal Error] :1:1: Premature end of file.
2026-09-13 10:02:58,299 [ERROR] LogOutputStream:75 - [STDERR_REDIRECT] 
2026-09-13 10:02:59,283 [ERROR] LogOutputStream:75 - [STDERR_REDIRECT] [Fatal Error] :1:1: Premature end of file.
2026-09-13 10:02:59,283 [ERROR] LogOutputStream:75 - [STDERR_REDIRECT] 
2026-09-13 10:03:00,286 [ERROR] LogOutputStream:75 - [STDERR_REDIRECT] [Fatal Error] :1:1: Premature end of file.
2026-09-13 10:03:00,287 [ERROR] LogOutputStream:75 - [STDERR_REDIRECT] 
2026-09-13 10:03:01,287 [ERROR] LogOutputStream:75 - [STDERR_REDIRECT] [Fatal Error] :1:1: Premature end of file.
2026-09-13 10:03:01,287 [ERROR] LogOutputStream:75 - [STDERR_REDIRECT] 
2026-09-13 10:03:02,302 [ERROR] LogOutputStream:75 - [STDERR_REDIRECT] [Fatal Error] :1:1: Premature end of file.
2026-09-13 10:03:02,303 [ERROR] LogOutputStream:75 - [STDERR_REDIRECT] 
2026-09-13 10:03:03,292 [ERROR] LogOutputStream:75 - [STDERR_REDIRECT] [Fatal Error] :1:1: Premature end of file.
2026-09-13 10:03:03,292 [ERROR] LogOutputStream:75 - [STDERR_REDIRECT] 
2026-09-13 10:03:04,287 [ERROR] LogOutputStream:75 - [STDERR_REDIRECT] [Fatal Error] :1:1: Premature end of file.
2026-09-13 10:03:04,287 [ERROR] LogOutputStream:75 - [STDERR_REDIRECT] 
2026-09-13 10:03:05,288 [ERROR] LogOutputStream:75 - [STDERR_REDIRECT] [Fatal Error] :1:1: Premature end of file.
2026-09-13 10:03:05,289 [ERROR] LogOutputStream:75 - [STDERR_REDIRECT] 
2026-09-13 10:03:06,293 [ERROR] LogOutputStream:75 - [STDERR_REDIRECT] [Fatal Error] :1:1: Premature end of file.
2026-09-13 10:03:06,293 [ERROR] LogOutputStream:75 - [STDERR_REDIRECT] 
2026-09-13 10:03:07,291 [ERROR] LogOutputStream:75 - [STDERR_REDIRECT] [Fatal Error] :1:1: Premature end of file.
2026-09-13 10:03:07,291 [ERROR] LogOutputStream:75 - [STDERR_REDIRECT] 
2026-09-13 10:03:08,291 [ERROR] LogOutputStream:75 - [STDERR_REDIRECT] [Fatal Error] :1:1: Premature end of file.
2026-09-13 10:03:08,292 [ERROR] LogOutputStream:75 - [STDERR_REDIRECT] 
2026-09-13 10:03:09,291 [ERROR] LogOutputStream:75 - [STDERR_REDIRECT] [Fatal Error] :1:1: Premature end of file.
2026-09-13 10:03:09,291 [ERROR] LogOutputStream:75 - [STDERR_REDIRECT] 
2026-09-13 10:03:10,286 [ERROR] LogOutputStream:75 - [STDERR_REDIRECT] [Fatal Error] :1:1: Premature end of file.
2026-09-13 10:03:10,287 [ERROR] LogOutputStream:75 - [STDERR_REDIRECT] 
2026-09-13 10:03:11,289 [ERROR] LogOutputStream:75 - [STDERR_REDIRECT] [Fatal Error] :1:1: Premature end of file.
2026-09-13 10:03:11,289 [ERROR] LogOutputStream:75 - [STDERR_REDIRECT] 
2026-09-13 10:03:12,293 [ERROR] LogOutputStream:75 - [STDERR_REDIRECT] [Fatal Error] :1:1: Premature end of file.
2026-09-13 10:03:12,293 [ERROR] LogOutputStream:75 - [STDERR_REDIRECT] 
2026-09-13 10:03:13,285 [ERROR] LogOutputStream:75 - [STDERR_REDIRECT] [Fatal Error] :1:1: Premature end of file.
2026-09-13 10:03:13,285 [ERROR] LogOutputStream:75 - [STDERR_REDIRECT] 
2026-09-13 10:03:14,293 [ERROR] LogOutputStream:75 - [STDERR_REDIRECT] [Fatal Error] :1:1: Premature end of file.
2026-09-13 10:03:14,294 [ERROR] LogOutputStream:75 - [STDERR_REDIRECT] 
2026-09-13 10:03:15,296 [ERROR] LogOutputStream:75 - [STDERR_REDIRECT] [Fatal Error] :1:1: Premature end of file.
2026-09-13 10:03:15,296 [ERROR] LogOutputStream:75 - [STDERR_REDIRECT] 
2026-09-13 10:03:16,290 [ERROR] LogOutputStream:75 - [STDERR_REDIRECT] [Fatal Error] :1:1: Premature end of file.
2026-09-13 10:03:16,290 [ERROR] LogOutputStream:75 - [STDERR_REDIRECT] 
2026-09-13 10:03:17,276 [ERROR] LogOutputStream:75 - [STDERR_REDIRECT] [Fatal Error] :1:1: Premature end of file.
2026-09-13 10:03:17,277 [ERROR] LogOutputStream:75 - [STDERR_REDIRECT] 
2026-09-13 10:03:18,278 [ERROR] LogOutputStream:75 - [STDERR_REDIRECT] [Fatal Error] :1:1: Premature end of file.
2026-09-13 10:03:18,278 [ERROR] LogOutputStream:75 - [STDERR_REDIRECT] 
2026-09-13 10:03:19,287 [ERROR] LogOutputStream:75 - [STDERR_REDIRECT] [Fatal Error] :1:1: Premature end of file.
2026-09-13 10:03:19,287 [ERROR] LogOutputStream:75 - [STDERR_REDIRECT] 
2026-09-13 10:03:20,282 [ERROR] LogOutputStream:75 - [STDERR_REDIRECT] [Fatal Error] :1:1: Premature end of file.
2026-09-13 10:03:20,282 [ERROR] LogOutputStream:75 - [STDERR_REDIRECT] 
2026-09-13 10:03:21,282 [ERROR] LogOutputStream:75 - [STDERR_REDIRECT] [Fatal Error] :1:1: Premature end of file.
2026-09-13 10:03:21,282 [ERROR] LogOutputStream:75 - [STDERR_REDIRECT] 
2026-09-13 10:03:22,281 [ERROR] LogOutputStream:75 - [STDERR_REDIRECT] [Fatal Error] :1:1: Premature end of file.
2026-09-13 10:03:22,281 [ERROR] LogOutputStream:75 - [STDERR_REDIRECT] 
2026-09-13 10:03:23,308 [ERROR] LogOutputStream:75 - [STDERR_REDIRECT] [Fatal Error] :1:1: Premature end of file.
2026-09-13 10:03:23,309 [ERROR] LogOutputStream:75 - [STDERR_REDIRECT] 
2026-09-13 10:03:24,286 [ERROR] LogOutputStream:75 - [STDERR_REDIRECT] [Fatal Error] :1:1: Premature end of file.
2026-09-13 10:03:24,287 [ERROR] LogOutputStream:75 - [STDERR_REDIRECT] 
2026-09-13 10:03:25,285 [ERROR] LogOutputStream:75 - [STDERR_REDIRECT] [Fatal Error] :1:1: Premature end of file.
2026-09-13 10:03:25,286 [ERROR] LogOutputStream:75 - [STDERR_REDIRECT] 
2026-09-13 10:03:26,289 [ERROR] LogOutputStream:75 - [STDERR_REDIRECT] [Fatal Error] :1:1: Premature end of file.
2026-09-13 10:03:26,289 [ERROR] LogOutputStream:75 - [STDERR_REDIRECT] 
2026-09-13 10:03:27,294 [ERROR] LogOutputStream:75 - [STDERR_REDIRECT] [Fatal Error] :1:1: Premature end of file.
2026-09-13 10:03:27,296 [ERROR] LogOutputStream:75 - [STDERR_REDIRECT] 
2026-09-13 10:03:28,283 [ERROR] LogOutputStream:75 - [STDERR_REDIRECT] [Fatal Error] :1:1: Premature end of file.
2026-09-13 10:03:28,283 [ERROR] LogOutputStream:75 - [STDERR_REDIRECT] 
2026-09-13 10:03:29,290 [ERROR] LogOutputStream:75 - [STDERR_REDIRECT] [Fatal Error] :1:1: Premature end of file.
2026-09-13 10:03:29,290 [ERROR] LogOutputStream:75 - [STDERR_REDIRECT] 
2026-09-13 10:03:30,289 [ERROR] LogOutputStream:75 - [STDERR_REDIRECT] [Fatal Error] :1:1: Premature end of file.
2026-09-13 10:03:30,290 [ERROR] LogOutputStream:75 - [STDERR_REDIRECT] 
2026-09-13 10:03:31,284 [ERROR] LogOutputStream:75 - [STDERR_REDIRECT] [Fatal Error] :1:1: Premature end of file.
2026-09-13 10:03:31,284 [ERROR] LogOutputStream:75 - [STDERR_REDIRECT] 
2026-09-13 10:03:32,290 [ERROR] LogOutputStream:75 - [STDERR_REDIRECT] [Fatal Error] :1:1: Premature end of file.
2026-09-13 10:03:32,290 [ERROR] LogOutputStream:75 - [STDERR_REDIRECT] 
2026-09-13 10:03:33,272 [ERROR] LogOutputStream:75 - [STDERR_REDIRECT] [Fatal Error] :1:1: Premature end of file.
2026-09-13 10:03:33,272 [ERROR] LogOutputStream:75 - [STDERR_REDIRECT] 
2026-09-13 10:03:34,284 [ERROR] LogOutputStream:75 - [STDERR_REDIRECT] [Fatal Error] :1:1: Premature end of file.
2026-09-13 10:03:34,284 [ERROR] LogOutputStream:75 - [STDERR_REDIRECT] 
2026-09-13 10:03:35,287 [ERROR] LogOutputStream:75 - [STDERR_REDIRECT] [Fatal Error] :1:1: Premature end of file.
2026-09-13 10:03:35,287 [ERROR] LogOutputStream:75 - [STDERR_REDIRECT] 
2026-09-13 10:03:36,284 [ERROR] LogOutputStream:75 - [STDERR_REDIRECT] [Fatal Error] :1:1: Premature end of file.
2026-09-13 10:03:36,284 [ERROR] LogOutputStream:75 - [STDERR_REDIRECT] 
2026-09-13 10:03:37,286 [ERROR] LogOutputStream:75 - [STDERR_REDIRECT] [Fatal Error] :1:1: Premature end of file.
2026-09-13 10:03:37,286 [ERROR] LogOutputStream:75 - [STDERR_REDIRECT] 
2026-09-13 10:03:38,285 [ERROR] LogOutputStream:75 - [STDERR_REDIRECT] [Fatal Error] :1:1: Premature end of file.
2026-09-13 10:03:38,285 [ERROR] LogOutputStream:75 - [STDERR_REDIRECT] 
2026-09-13 10:03:39,282 [ERROR] LogOutputStream:75 - [STDERR_REDIRECT] [Fatal Error] :1:1: Premature end of file.
2026-09-13 10:03:39,283 [ERROR] LogOutputStream:75 - [STDERR_REDIRECT] 
2026-09-13 10:03:40,284 [ERROR] LogOutputStream:75 - [STDERR_REDIRECT] [Fatal Error] :1:1: Premature end of file.
2026-09-13 10:03:40,284 [ERROR] LogOutputStream:75 - [STDERR_REDIRECT] 
2026-09-13 10:03:41,287 [ERROR] LogOutputStream:75 - [STDERR_REDIRECT] [Fatal Error] :1:1: Premature end of file.
2026-09-13 10:03:41,287 [ERROR] LogOutputStream:75 - [STDERR_REDIRECT] 
2026-09-13 10:03:42,281 [ERROR] LogOutputStream:75 - [STDERR_REDIRECT] [Fatal Error] :1:1: Premature end of file.
2026-09-13 10:03:42,281 [ERROR] LogOutputStream:75 - [STDERR_REDIRECT] 
2026-09-13 10:03:43,296 [ERROR] LogOutputStream:75 - [STDERR_REDIRECT] [Fatal Error] :1:1: Premature end of file.
2026-09-13 10:03:43,297 [ERROR] LogOutputStream:75 - [STDERR_REDIRECT] 
2026-09-13 10:03:44,285 [ERROR] LogOutputStream:75 - [STDERR_REDIRECT] [Fatal Error] :1:1: Premature end of file.
2026-09-13 10:03:44,286 [ERROR] LogOutputStream:75 - [STDERR_REDIRECT] 
2026-09-13 10:03:45,283 [ERROR] LogOutputStream:75 - [STDERR_REDIRECT] [Fatal Error] :1:1: Premature end of file.
2026-09-13 10:03:45,284 [ERROR] LogOutputStream:75 - [STDERR_REDIRECT] 
2026-09-13 10:03:46,281 [ERROR] LogOutputStream:75 - [STDERR_REDIRECT] [Fatal Error] :1:1: Premature end of file.
2026-09-13 10:03:46,281 [ERROR] LogOutputStream:75 - [STDERR_REDIRECT] 
2026-09-13 10:03:47,280 [ERROR] LogOutputStream:75 - [STDERR_REDIRECT] [Fatal Error] :1:1: Premature end of file.
2026-09-13 10:03:47,280 [ERROR] LogOutputStream:75 - [STDERR_REDIRECT] 
2026-09-13 10:03:48,283 [ERROR] LogOutputStream:75 - [STDERR_REDIRECT] [Fatal Error] :1:1: Premature end of file.
2026-09-13 10:03:48,283 [ERROR] LogOutputStream:75 - [STDERR_REDIRECT] 
2026-09-13 10:03:49,286 [ERROR] LogOutputStream:75 - [STDERR_REDIRECT] [Fatal Error] :1:1: Premature end of file.
2026-09-13 10:03:49,286 [ERROR] LogOutputStream:75 - [STDERR_REDIRECT] 
2026-09-13 10:03:50,284 [ERROR] LogOutputStream:75 - [STDERR_REDIRECT] [Fatal Error] :1:1: Premature end of file.
2026-09-13 10:03:50,285 [ERROR] LogOutputStream:75 - [STDERR_REDIRECT] 
2026-09-13 10:03:51,294 [ERROR] LogOutputStream:75 - [STDERR_REDIRECT] [Fatal Error] :1:1: Premature end of file.
2026-09-13 10:03:51,294 [ERROR] LogOutputStream:75 - [STDERR_REDIRECT] 
2026-09-13 10:03:52,282 [ERROR] LogOutputStream:75 - [STDERR_REDIRECT] [Fatal Error] :1:1: Premature end of file.
2026-09-13 10:03:52,282 [ERROR] LogOutputStream:75 - [STDERR_REDIRECT] 
2026-09-13 10:03:53,284 [ERROR] LogOutputStream:75 - [STDERR_REDIRECT] [Fatal Error] :1:1: Premature end of file.
2026-09-13 10:03:53,284 [ERROR] LogOutputStream:75 - [STDERR_REDIRECT] 
2026-09-13 10:03:54,285 [ERROR] LogOutputStream:75 - [STDERR_REDIRECT] [Fatal Error] :1:1: Premature end of file.
2026-09-13 10:03:54,286 [ERROR] LogOutputStream:75 - [STDERR_REDIRECT] 
2026-09-13 10:03:55,287 [ERROR] LogOutputStream:75 - [STDERR_REDIRECT] [Fatal Error] :1:1: Premature end of file.
2026-09-13 10:03:55,287 [ERROR] LogOutputStream:75 - [STDERR_REDIRECT] 
2026-09-13 10:03:56,282 [ERROR] LogOutputStream:75 - [STDERR_REDIRECT] [Fatal Error] :1:1: Premature end of file.
2026-09-13 10:03:56,283 [ERROR] LogOutputStream:75 - [STDERR_REDIRECT] 
2026-09-13 10:03:57,281 [ERROR] LogOutputStream:75 - [STDERR_REDIRECT] [Fatal Error] :1:1: Premature end of file.
2026-09-13 10:03:57,281 [ERROR] LogOutputStream:75 - [STDERR_REDIRECT] 
2026-09-13 10:03:58,285 [ERROR] LogOutputStream:75 - [STDERR_REDIRECT] [Fatal Error] :1:1: Premature end of file.
2026-09-13 10:03:58,286 [ERROR] LogOutputStream:75 - [STDERR_REDIRECT] 
2026-09-13 10:03:59,282 [ERROR] LogOutputStream:75 - [STDERR_REDIRECT] [Fatal Error] :1:1: Premature end of file.
2026-09-13 10:03:59,282 [ERROR] LogOutputStream:75 - [STDERR_REDIRECT] 
2026-09-13 10:04:00,285 [ERROR] LogOutputStream:75 - [STDERR_REDIRECT] [Fatal Error] :1:1: Premature end of file.
2026-09-13 10:04:00,285 [ERROR] LogOutputStream:75 - [STDERR_REDIRECT] 
2026-09-13 10:04:01,278 [ERROR] LogOutputStream:75 - [STDERR_REDIRECT] [Fatal Error] :1:1: Premature end of file.
2026-09-13 10:04:01,278 [ERROR] LogOutputStream:75 - [STDERR_REDIRECT] 
2026-09-13 10:04:02,280 [ERROR] LogOutputStream:75 - [STDERR_REDIRECT] [Fatal Error] :1:1: Premature end of file.
2026-09-13 10:04:02,280 [ERROR] LogOutputStream:75 - [STDERR_REDIRECT] 
2026-09-13 10:04:03,281 [ERROR] LogOutputStream:75 - [STDERR_REDIRECT] [Fatal Error] :1:1: Premature end of file.
2026-09-13 10:04:03,282 [ERROR] LogOutputStream:75 - [STDERR_REDIRECT] 
2026-09-13 10:04:04,286 [ERROR] LogOutputStream:75 - [STDERR_REDIRECT] [Fatal Error] :1:1: Premature end of file.
2026-09-13 10:04:04,286 [ERROR] LogOutputStream:75 - [STDERR_REDIRECT] 
2026-09-13 10:04:05,281 [ERROR] LogOutputStream:75 - [STDERR_REDIRECT] [Fatal Error] :1:1: Premature end of file.
2026-09-13 10:04:05,281 [ERROR] LogOutputStream:75 - [STDERR_REDIRECT] 
2026-09-13 10:04:06,283 [ERROR] LogOutputStream:75 - [STDERR_REDIRECT] [Fatal Error] :1:1: Premature end of file.
2026-09-13 10:04:06,283 [ERROR] LogOutputStream:75 - [STDERR_REDIRECT] 
2026-09-13 10:04:07,283 [ERROR] LogOutputStream:75 - [STDERR_REDIRECT] [Fatal Error] :1:1: Premature end of file.
2026-09-13 10:04:07,284 [ERROR] LogOutputStream:75 - [STDERR_REDIRECT] 
2026-09-13 10:04:08,281 [ERROR] LogOutputStream:75 - [STDERR_REDIRECT] [Fatal Error] :1:1: Premature end of file.
2026-09-13 10:04:08,281 [ERROR] LogOutputStream:75 - [STDERR_REDIRECT] 
2026-09-13 10:04:09,284 [ERROR] LogOutputStream:75 - [STDERR_REDIRECT] [Fatal Error] :1:1: Premature end of file.
2026-09-13 10:04:09,284 [ERROR] LogOutputStream:75 - [STDERR_REDIRECT] 
2026-09-13 10:04:10,286 [ERROR] LogOutputStream:75 - [STDERR_REDIRECT] [Fatal Error] :1:1: Premature end of file.
2026-09-13 10:04:10,287 [ERROR] LogOutputStream:75 - [STDERR_REDIRECT] 
2026-09-13 10:04:11,280 [ERROR] LogOutputStream:75 - [STDERR_REDIRECT] [Fatal Error] :1:1: Premature end of file.
2026-09-13 10:04:11,280 [ERROR] LogOutputStream:75 - [STDERR_REDIRECT] 
2026-09-13 10:04:12,285 [ERROR] LogOutputStream:75 - [STDERR_REDIRECT] [Fatal Error] :1:1: Premature end of file.
2026-09-13 10:04:12,287 [ERROR] LogOutputStream:75 - [STDERR_REDIRECT] 
2026-09-13 10:04:13,283 [ERROR] LogOutputStream:75 - [STDERR_REDIRECT] [Fatal Error] :1:1: Premature end of file.
2026-09-13 10:04:13,283 [ERROR] LogOutputStream:75 - [STDERR_REDIRECT] 
2026-09-13 10:04:14,286 [ERROR] LogOutputStream:75 - [STDERR_REDIRECT] [Fatal Error] :1:1: Premature end of file.
2026-09-13 10:04:14,286 [ERROR] LogOutputStream:75 - [STDERR_REDIRECT] 
2026-09-13 10:04:15,281 [ERROR] LogOutputStream:75 - [STDERR_REDIRECT] [Fatal Error] :1:1: Premature end of file.
2026-09-13 10:04:15,282 [ERROR] LogOutputStream:75 - [STDERR_REDIRECT] 
2026-09-13 10:04:16,279 [ERROR] LogOutputStream:75 - [STDERR_REDIRECT] [Fatal Error] :1:1: Premature end of file.
2026-09-13 10:04:16,279 [ERROR] LogOutputStream:75 - [STDERR_REDIRECT] 
2026-09-13 10:04:17,281 [ERROR] LogOutputStream:75 - [STDERR_REDIRECT] [Fatal Error] :1:1: Premature end of file.
2026-09-13 10:04:17,281 [ERROR] LogOutputStream:75 - [STDERR_REDIRECT] 
2026-09-13 10:04:18,281 [ERROR] LogOutputStream:75 - [STDERR_REDIRECT] [Fatal Error] :1:1: Premature end of file.
2026-09-13 10:04:18,281 [ERROR] LogOutputStream:75 - [STDERR_REDIRECT] 
2026-09-13 10:04:19,281 [ERROR] LogOutputStream:75 - [STDERR_REDIRECT] [Fatal Error] :1:1: Premature end of file.
2026-09-13 10:04:19,281 [ERROR] LogOutputStream:75 - [STDERR_REDIRECT] 
2026-09-13 10:04:20,286 [ERROR] LogOutputStream:75 - [STDERR_REDIRECT] [Fatal Error] :1:1: Premature end of file.
2026-09-13 10:04:20,286 [ERROR] LogOutputStream:75 - [STDERR_REDIRECT] 
2026-09-13 10:04:21,283 [ERROR] LogOutputStream:75 - [STDERR_REDIRECT] [Fatal Error] :1:1: Premature end of file.
2026-09-13 10:04:21,283 [ERROR] LogOutputStream:75 - [STDERR_REDIRECT] 
2026-09-13 10:04:22,283 [ERROR] LogOutputStream:75 - [STDERR_REDIRECT] [Fatal Error] :1:1: Premature end of file.
2026-09-13 10:04:22,283 [ERROR] LogOutputStream:75 - [STDERR_REDIRECT] 
2026-09-13 10:04:23,279 [ERROR] LogOutputStream:75 - [STDERR_REDIRECT] [Fatal Error] :1:1: Premature end of file.
2026-09-13 10:04:23,280 [ERROR] LogOutputStream:75 - [STDERR_REDIRECT] 
2026-09-13 10:04:24,282 [ERROR] LogOutputStream:75 - [STDERR_REDIRECT] [Fatal Error] :1:1: Premature end of file.
2026-09-13 10:04:24,282 [ERROR] LogOutputStream:75 - [STDERR_REDIRECT] 
2026-09-13 10:04:25,280 [ERROR] LogOutputStream:75 - [STDERR_REDIRECT] [Fatal Error] :1:1: Premature end of file.
2026-09-13 10:04:25,280 [ERROR] LogOutputStream:75 - [STDERR_REDIRECT] 
2026-09-13 10:04:26,281 [ERROR] LogOutputStream:75 - [STDERR_REDIRECT] [Fatal Error] :1:1: Premature end of file.
2026-09-13 10:04:26,281 [ERROR] LogOutputStream:75 - [STDERR_REDIRECT] 
2026-09-13 10:04:27,283 [ERROR] LogOutputStream:75 - [STDERR_REDIRECT] [Fatal Error] :1:1: Premature end of file.
2026-09-13 10:04:27,283 [ERROR] LogOutputStream:75 - [STDERR_REDIRECT] 
2026-09-13 10:04:28,286 [ERROR] LogOutputStream:75 - [STDERR_REDIRECT] [Fatal Error] :1:1: Premature end of file.
2026-09-13 10:04:28,286 [ERROR] LogOutputStream:75 - [STDERR_REDIRECT] 
2026-09-13 10:04:29,279 [ERROR] LogOutputStream:75 - [STDERR_REDIRECT] [Fatal Error] :1:1: Premature end of file.
2026-09-13 10:04:29,280 [ERROR] LogOutputStream:75 - [STDERR_REDIRECT] 
2026-09-13 10:04:30,280 [ERROR] LogOutputStream:75 - [STDERR_REDIRECT] [Fatal Error] :1:1: Premature end of file.
2026-09-13 10:04:30,280 [ERROR] LogOutputStream:75 - [STDERR_REDIRECT] 
2026-09-13 10:04:31,319 [ERROR] LogOutputStream:75 - [STDERR_REDIRECT] [Fatal Error] :1:1: Premature end of file.
2026-09-13 10:04:31,321 [ERROR] LogOutputStream:75 - [STDERR_REDIRECT] 
2026-09-13 10:04:32,282 [ERROR] LogOutputStream:75 - [STDERR_REDIRECT] [Fatal Error] :1:1: Premature end of file.
2026-09-13 10:04:32,283 [ERROR] LogOutputStream:75 - [STDERR_REDIRECT] 
2026-09-13 10:04:33,287 [ERROR] LogOutputStream:75 - [STDERR_REDIRECT] [Fatal Error] :1:1: Premature end of file.
2026-09-13 10:04:33,288 [ERROR] LogOutputStream:75 - [STDERR_REDIRECT] 
2026-09-13 10:04:34,283 [ERROR] LogOutputStream:75 - [STDERR_REDIRECT] [Fatal Error] :1:1: Premature end of file.
2026-09-13 10:04:34,284 [ERROR] LogOutputStream:75 - [STDERR_REDIRECT] 
2026-09-13 10:04:35,285 [ERROR] LogOutputStream:75 - [STDERR_REDIRECT] [Fatal Error] :1:1: Premature end of file.
2026-09-13 10:04:35,285 [ERROR] LogOutputStream:75 - [STDERR_REDIRECT] 
2026-09-13 10:04:36,286 [ERROR] LogOutputStream:75 - [STDERR_REDIRECT] [Fatal Error] :1:1: Premature end of file.
2026-09-13 10:04:36,286 [ERROR] LogOutputStream:75 - [STDERR_REDIRECT] 
2026-09-13 10:04:37,281 [ERROR] LogOutputStream:75 - [STDERR_REDIRECT] [Fatal Error] :1:1: Premature end of file.
2026-09-13 10:04:37,281 [ERROR] LogOutputStream:75 - [STDERR_REDIRECT] 
2026-09-13 10:04:38,282 [ERROR] LogOutputStream:75 - [STDERR_REDIRECT] [Fatal Error] :1:1: Premature end of file.
2026-09-13 10:04:38,283 [ERROR] LogOutputStream:75 - [STDERR_REDIRECT] 
2026-09-13 10:04:39,281 [ERROR] LogOutputStream:75 - [STDERR_REDIRECT] [Fatal Error] :1:1: Premature end of file.
2026-09-13 10:04:39,281 [ERROR] LogOutputStream:75 - [STDERR_REDIRECT] 
2026-09-13 10:04:40,291 [ERROR] LogOutputStream:75 - [STDERR_REDIRECT] [Fatal Error] :1:1: Premature end of file.
2026-09-13 10:04:40,291 [ERROR] LogOutputStream:75 - [STDERR_REDIRECT] 
2026-09-13 10:04:41,289 [ERROR] LogOutputStream:75 - [STDERR_REDIRECT] [Fatal Error] :1:1: Premature end of file.
2026-09-13 10:04:41,289 [ERROR] LogOutputStream:75 - [STDERR_REDIRECT] 
2026-09-13 10:04:42,285 [ERROR] LogOutputStream:75 - [STDERR_REDIRECT] [Fatal Error] :1:1: Premature end of file.
2026-09-13 10:04:42,286 [ERROR] LogOutputStream:75 - [STDERR_REDIRECT] 
2026-09-13 10:04:43,289 [ERROR] LogOutputStream:75 - [STDERR_REDIRECT] [Fatal Error] :1:1: Premature end of file.
2026-09-13 10:04:43,289 [ERROR] LogOutputStream:75 - [STDERR_REDIRECT] 
2026-09-13 10:04:44,284 [ERROR] LogOutputStream:75 - [STDERR_REDIRECT] [Fatal Error] :1:1: Premature end of file.
2026-09-13 10:04:44,284 [ERROR] LogOutputStream:75 - [STDERR_REDIRECT] 
2026-09-13 10:04:45,293 [ERROR] LogOutputStream:75 - [STDERR_REDIRECT] [Fatal Error] :1:1: Premature end of file.
2026-09-13 10:04:45,293 [ERROR] LogOutputStream:75 - [STDERR_REDIRECT] 
2026-09-13 10:04:46,285 [ERROR] LogOutputStream:75 - [STDERR_REDIRECT] [Fatal Error] :1:1: Premature end of file.
2026-09-13 10:04:46,286 [ERROR] LogOutputStream:75 - [STDERR_REDIRECT] 
2026-09-13 10:04:47,284 [ERROR] LogOutputStream:75 - [STDERR_REDIRECT] [Fatal Error] :1:1: Premature end of file.
2026-09-13 10:04:47,284 [ERROR] LogOutputStream:75 - [STDERR_REDIRECT] 
2026-09-13 10:04:48,282 [ERROR] LogOutputStream:75 - [STDERR_REDIRECT] [Fatal Error] :1:1: Premature end of file.
2026-09-13 10:04:48,282 [ERROR] LogOutputStream:75 - [STDERR_REDIRECT] 
2026-09-13 10:04:49,281 [ERROR] LogOutputStream:75 - [STDERR_REDIRECT] [Fatal Error] :1:1: Premature end of file.
2026-09-13 10:04:49,282 [ERROR] LogOutputStream:75 - [STDERR_REDIRECT] 
2026-09-13 10:04:50,283 [ERROR] LogOutputStream:75 - [STDERR_REDIRECT] [Fatal Error] :1:1: Premature end of file.
2026-09-13 10:04:50,283 [ERROR] LogOutputStream:75 - [STDERR_REDIRECT] 
2026-09-13 10:04:51,279 [ERROR] LogOutputStream:75 - [STDERR_REDIRECT] [Fatal Error] :1:1: Premature end of file.
2026-09-13 10:04:51,279 [ERROR] LogOutputStream:75 - [STDERR_REDIRECT] 
2026-09-13 10:04:52,281 [ERROR] LogOutputStream:75 - [STDERR_REDIRECT] [Fatal Error] :1:1: Premature end of file.
2026-09-13 10:04:52,281 [ERROR] LogOutputStream:75 - [STDERR_REDIRECT] 
2026-09-13 10:04:53,283 [ERROR] LogOutputStream:75 - [STDERR_REDIRECT] [Fatal Error] :1:1: Premature end of file.
2026-09-13 10:04:53,283 [ERROR] LogOutputStream:75 - [STDERR_REDIRECT] 
2026-09-13 10:04:54,285 [ERROR] LogOutputStream:75 - [STDERR_REDIRECT] [Fatal Error] :1:1: Premature end of file.
2026-09-13 10:04:54,285 [ERROR] LogOutputStream:75 - [STDERR_REDIRECT] 
2026-09-13 10:04:55,292 [ERROR] LogOutputStream:75 - [STDERR_REDIRECT] [Fatal Error] :1:1: Premature end of file.
2026-09-13 10:04:55,293 [ERROR] LogOutputStream:75 - [STDERR_REDIRECT] 
2026-09-13 10:04:56,289 [ERROR] LogOutputStream:75 - [STDERR_REDIRECT] [Fatal Error] :1:1: Premature end of file.
2026-09-13 10:04:56,289 [ERROR] LogOutputStream:75 - [STDERR_REDIRECT] 
2026-09-13 10:04:57,293 [ERROR] LogOutputStream:75 - [STDERR_REDIRECT] [Fatal Error] :1:1: Premature end of file.
2026-09-13 10:04:57,293 [ERROR] LogOutputStream:75 - [STDERR_REDIRECT] 
2026-09-13 10:04:58,288 [ERROR] LogOutputStream:75 - [STDERR_REDIRECT] [Fatal Error] :1:1: Premature end of file.
2026-09-13 10:04:58,289 [ERROR] LogOutputStream:75 - [STDERR_REDIRECT] 
2026-09-13 10:04:59,280 [ERROR] LogOutputStream:75 - [STDERR_REDIRECT] [Fatal Error] :1:1: Premature end of file.
2026-09-13 10:04:59,280 [ERROR] LogOutputStream:75 - [STDERR_REDIRECT] 
2026-09-13 10:05:00,285 [ERROR] LogOutputStream:75 - [STDERR_REDIRECT] [Fatal Error] :1:1: Premature end of file.
2026-09-13 10:05:00,285 [ERROR] LogOutputStream:75 - [STDERR_REDIRECT] 
2026-09-13 10:05:01,282 [ERROR] LogOutputStream:75 - [STDERR_REDIRECT] [Fatal Error] :1:1: Premature end of file.
2026-09-13 10:05:01,282 [ERROR] LogOutputStream:75 - [STDERR_REDIRECT] 
2026-09-13 10:05:02,282 [ERROR] LogOutputStream:75 - [STDERR_REDIRECT] [Fatal Error] :1:1: Premature end of file.
2026-09-13 10:05:02,283 [ERROR] LogOutputStream:75 - [STDERR_REDIRECT] 
2026-09-13 10:05:03,280 [ERROR] LogOutputStream:75 - [STDERR_REDIRECT] [Fatal Error] :1:1: Premature end of file.
2026-09-13 10:05:03,280 [ERROR] LogOutputStream:75 - [STDERR_REDIRECT] 
2026-09-13 10:05:04,281 [ERROR] LogOutputStream:75 - [STDERR_REDIRECT] [Fatal Error] :1:1: Premature end of file.
2026-09-13 10:05:04,281 [ERROR] LogOutputStream:75 - [STDERR_REDIRECT] 
2026-09-13 10:05:05,288 [ERROR] LogOutputStream:75 - [STDERR_REDIRECT] [Fatal Error] :1:1: Premature end of file.
2026-09-13 10:05:05,289 [ERROR] LogOutputStream:75 - [STDERR_REDIRECT] 
2026-09-13 10:05:06,287 [ERROR] LogOutputStream:75 - [STDERR_REDIRECT] [Fatal Error] :1:1: Premature end of file.
2026-09-13 10:05:06,287 [ERROR] LogOutputStream:75 - [STDERR_REDIRECT] 
2026-09-13 10:05:07,284 [ERROR] LogOutputStream:75 - [STDERR_REDIRECT] [Fatal Error] :1:1: Premature end of file.
2026-09-13 10:05:07,285 [ERROR] LogOutputStream:75 - [STDERR_REDIRECT] 
2026-09-13 10:05:08,289 [ERROR] LogOutputStream:75 - [STDERR_REDIRECT] [Fatal Error] :1:1: Premature end of file.
2026-09-13 10:05:08,289 [ERROR] LogOutputStream:75 - [STDERR_REDIRECT] 
2026-09-13 10:05:09,282 [ERROR] LogOutputStream:75 - [STDERR_REDIRECT] [Fatal Error] :1:1: Premature end of file.
2026-09-13 10:05:09,282 [ERROR] LogOutputStream:75 - [STDERR_REDIRECT] 
2026-09-13 10:05:10,288 [ERROR] LogOutputStream:75 - [STDERR_REDIRECT] [Fatal Error] :1:1: Premature end of file.
2026-09-13 10:05:10,289 [ERROR] LogOutputStream:75 - [STDERR_REDIRECT] 
2026-09-13 10:05:11,284 [ERROR] LogOutputStream:75 - [STDERR_REDIRECT] [Fatal Error] :1:1: Premature end of file.
2026-09-13 10:05:11,284 [ERROR] LogOutputStream:75 - [STDERR_REDIRECT] 
2026-09-13 10:05:12,282 [ERROR] LogOutputStream:75 - [STDERR_REDIRECT] [Fatal Error] :1:1: Premature end of file.
2026-09-13 10:05:12,282 [ERROR] LogOutputStream:75 - [STDERR_REDIRECT] 
2026-09-13 10:05:13,280 [ERROR] LogOutputStream:75 - [STDERR_REDIRECT] [Fatal Error] :1:1: Premature end of file.
2026-09-13 10:05:13,280 [ERROR] LogOutputStream:75 - [STDERR_REDIRECT] 
2026-09-13 10:05:14,281 [ERROR] LogOutputStream:75 - [STDERR_REDIRECT] [Fatal Error] :1:1: Premature end of file.
2026-09-13 10:05:14,282 [ERROR] LogOutputStream:75 - [STDERR_REDIRECT] 
2026-09-13 10:05:15,281 [ERROR] LogOutputStream:75 - [STDERR_REDIRECT] [Fatal Error] :1:1: Premature end of file.
2026-09-13 10:05:15,281 [ERROR] LogOutputStream:75 - [STDERR_REDIRECT] 
2026-09-13 10:05:16,284 [ERROR] LogOutputStream:75 - [STDERR_REDIRECT] [Fatal Error] :1:1: Premature end of file.
2026-09-13 10:05:16,284 [ERROR] LogOutputStream:75 - [STDERR_REDIRECT] 
2026-09-13 10:05:17,280 [ERROR] LogOutputStream:75 - [STDERR_REDIRECT] [Fatal Error] :1:1: Premature end of file.
2026-09-13 10:05:17,281 [ERROR] LogOutputStream:75 - [STDERR_REDIRECT] 
2026-09-13 10:05:18,287 [ERROR] LogOutputStream:75 - [STDERR_REDIRECT] [Fatal Error] :1:1: Premature end of file.
2026-09-13 10:05:18,287 [ERROR] LogOutputStream:75 - [STDERR_REDIRECT] 
2026-09-13 10:05:19,282 [ERROR] LogOutputStream:75 - [STDERR_REDIRECT] [Fatal Error] :1:1: Premature end of file.
2026-09-13 10:05:19,282 [ERROR] LogOutputStream:75 - [STDERR_REDIRECT] 
2026-09-13 10:05:20,281 [ERROR] LogOutputStream:75 - [STDERR_REDIRECT] [Fatal Error] :1:1: Premature end of file.
2026-09-13 10:05:20,281 [ERROR] LogOutputStream:75 - [STDERR_REDIRECT] 
2026-09-13 10:05:21,283 [ERROR] LogOutputStream:75 - [STDERR_REDIRECT] [Fatal Error] :1:1: Premature end of file.
2026-09-13 10:05:21,283 [ERROR] LogOutputStream:75 - [STDERR_REDIRECT] 
2026-09-13 10:05:22,280 [ERROR] LogOutputStream:75 - [STDERR_REDIRECT] [Fatal Error] :1:1: Premature end of file.
2026-09-13 10:05:22,280 [ERROR] LogOutputStream:75 - [STDERR_REDIRECT] 
2026-09-13 10:05:23,280 [ERROR] LogOutputStream:75 - [STDERR_REDIRECT] [Fatal Error] :1:1: Premature end of file.
2026-09-13 10:05:23,280 [ERROR] LogOutputStream:75 - [STDERR_REDIRECT] 
2026-09-13 10:05:24,284 [ERROR] LogOutputStream:75 - [STDERR_REDIRECT] [Fatal Error] :1:1: Premature end of file.
2026-09-13 10:05:24,284 [ERROR] LogOutputStream:75 - [STDERR_REDIRECT] 
2026-09-13 10:05:25,286 [ERROR] LogOutputStream:75 - [STDERR_REDIRECT] [Fatal Error] :1:1: Premature end of file.
2026-09-13 10:05:25,288 [ERROR] LogOutputStream:75 - [STDERR_REDIRECT] 
2026-09-13 10:05:26,281 [ERROR] LogOutputStream:75 - [STDERR_REDIRECT] [Fatal Error] :1:1: Premature end of file.
2026-09-13 10:05:26,281 [ERROR] LogOutputStream:75 - [STDERR_REDIRECT] 
2026-09-13 10:05:27,294 [ERROR] LogOutputStream:75 - [STDERR_REDIRECT] [Fatal Error] :1:1: Premature end of file.
2026-09-13 10:05:27,294 [ERROR] LogOutputStream:75 - [STDERR_REDIRECT] 
2026-09-13 10:05:28,293 [ERROR] LogOutputStream:75 - [STDERR_REDIRECT] [Fatal Error] :1:1: Premature end of file.
2026-09-13 10:05:28,293 [ERROR] LogOutputStream:75 - [STDERR_REDIRECT] 
2026-09-13 10:05:29,288 [ERROR] LogOutputStream:75 - [STDERR_REDIRECT] [Fatal Error] :1:1: Premature end of file.
2026-09-13 10:05:29,288 [ERROR] LogOutputStream:75 - [STDERR_REDIRECT] 
2026-09-13 10:05:30,281 [ERROR] LogOutputStream:75 - [STDERR_REDIRECT] [Fatal Error] :1:1: Premature end of file.
2026-09-13 10:05:30,282 [ERROR] LogOutputStream:75 - [STDERR_REDIRECT] 
2026-09-13 10:05:31,285 [ERROR] LogOutputStream:75 - [STDERR_REDIRECT] [Fatal Error] :1:1: Premature end of file.
2026-09-13 10:05:31,285 [ERROR] LogOutputStream:75 - [STDERR_REDIRECT] 
2026-09-13 10:05:32,288 [ERROR] LogOutputStream:75 - [STDERR_REDIRECT] [Fatal Error] :1:1: Premature end of file.
2026-09-13 10:05:32,288 [ERROR] LogOutputStream:75 - [STDERR_REDIRECT] 
2026-09-13 10:05:33,292 [ERROR] LogOutputStream:75 - [STDERR_REDIRECT] [Fatal Error] :1:1: Premature end of file.
2026-09-13 10:05:33,292 [ERROR] LogOutputStream:75 - [STDERR_REDIRECT] 
2026-09-13 10:05:34,288 [ERROR] LogOutputStream:75 - [STDERR_REDIRECT] [Fatal Error] :1:1: Premature end of file.
2026-09-13 10:05:34,288 [ERROR] LogOutputStream:75 - [STDERR_REDIRECT] 
2026-09-13 10:05:35,284 [ERROR] LogOutputStream:75 - [STDERR_REDIRECT] [Fatal Error] :1:1: Premature end of file.
2026-09-13 10:05:35,284 [ERROR] LogOutputStream:75 - [STDERR_REDIRECT] 
2026-09-13 10:05:36,282 [ERROR] LogOutputStream:75 - [STDERR_REDIRECT] [Fatal Error] :1:1: Premature end of file.
2026-09-13 10:05:36,282 [ERROR] LogOutputStream:75 - [STDERR_REDIRECT] 
2026-09-13 10:05:37,291 [ERROR] LogOutputStream:75 - [STDERR_REDIRECT] [Fatal Error] :1:1: Premature end of file.
2026-09-13 10:05:37,291 [ERROR] LogOutputStream:75 - [STDERR_REDIRECT] 
2026-09-13 10:05:38,286 [ERROR] LogOutputStream:75 - [STDERR_REDIRECT] [Fatal Error] :1:1: Premature end of file.
2026-09-13 10:05:38,286 [ERROR] LogOutputStream:75 - [STDERR_REDIRECT] 
2026-09-13 10:05:39,285 [ERROR] LogOutputStream:75 - [STDERR_REDIRECT] [Fatal Error] :1:1: Premature end of file.
2026-09-13 10:05:39,285 [ERROR] LogOutputStream:75 - [STDERR_REDIRECT] 
2026-09-13 10:05:40,286 [ERROR] LogOutputStream:75 - [STDERR_REDIRECT] [Fatal Error] :1:1: Premature end of file.
2026-09-13 10:05:40,287 [ERROR] LogOutputStream:75 - [STDERR_REDIRECT] 
2026-09-13 10:05:41,282 [ERROR] LogOutputStream:75 - [STDERR_REDIRECT] [Fatal Error] :1:1: Premature end of file.
2026-09-13 10:05:41,283 [ERROR] LogOutputStream:75 - [STDERR_REDIRECT] 
2026-09-13 10:05:42,286 [ERROR] LogOutputStream:75 - [STDERR_REDIRECT] [Fatal Error] :1:1: Premature end of file.
2026-09-13 10:05:42,286 [ERROR] LogOutputStream:75 - [STDERR_REDIRECT] 
2026-09-13 10:05:43,288 [ERROR] LogOutputStream:75 - [STDERR_REDIRECT] [Fatal Error] :1:1: Premature end of file.
2026-09-13 10:05:43,288 [ERROR] LogOutputStream:75 - [STDERR_REDIRECT] 
2026-09-13 10:05:44,290 [ERROR] LogOutputStream:75 - [STDERR_REDIRECT] [Fatal Error] :1:1: Premature end of file.
2026-09-13 10:05:44,290 [ERROR] LogOutputStream:75 - [STDERR_REDIRECT] 
2026-09-13 10:05:45,288 [ERROR] LogOutputStream:75 - [STDERR_REDIRECT] [Fatal Error] :1:1: Premature end of file.
2026-09-13 10:05:45,288 [ERROR] LogOutputStream:75 - [STDERR_REDIRECT] 
2026-09-13 10:05:46,291 [ERROR] LogOutputStream:75 - [STDERR_REDIRECT] [Fatal Error] :1:1: Premature end of file.
2026-09-13 10:05:46,292 [ERROR] LogOutputStream:75 - [STDERR_REDIRECT] 
2026-09-13 10:05:47,283 [ERROR] LogOutputStream:75 - [STDERR_REDIRECT] [Fatal Error] :1:1: Premature end of file.
2026-09-13 10:05:47,283 [ERROR] LogOutputStream:75 - [STDERR_REDIRECT] 
2026-09-13 10:05:48,287 [ERROR] LogOutputStream:75 - [STDERR_REDIRECT] [Fatal Error] :1:1: Premature end of file.
2026-09-13 10:05:48,287 [ERROR] LogOutputStream:75 - [STDERR_REDIRECT] 
2026-09-13 10:05:49,291 [ERROR] LogOutputStream:75 - [STDERR_REDIRECT] [Fatal Error] :1:1: Premature end of file.
2026-09-13 10:05:49,291 [ERROR] LogOutputStream:75 - [STDERR_REDIRECT] 
2026-09-13 10:05:50,291 [ERROR] LogOutputStream:75 - [STDERR_REDIRECT] [Fatal Error] :1:1: Premature end of file.
2026-09-13 10:05:50,291 [ERROR] LogOutputStream:75 - [STDERR_REDIRECT] 
2026-09-13 10:05:51,287 [ERROR] LogOutputStream:75 - [STDERR_REDIRECT] [Fatal Error] :1:1: Premature end of file.
2026-09-13 10:05:51,287 [ERROR] LogOutputStream:75 - [STDERR_REDIRECT] 
2026-09-13 10:05:52,282 [ERROR] LogOutputStream:75 - [STDERR_REDIRECT] [Fatal Error] :1:1: Premature end of file.
2026-09-13 10:05:52,282 [ERROR] LogOutputStream:75 - [STDERR_REDIRECT] 
2026-09-13 10:05:53,285 [ERROR] LogOutputStream:75 - [STDERR_REDIRECT] [Fatal Error] :1:1: Premature end of file.
2026-09-13 10:05:53,285 [ERROR] LogOutputStream:75 - [STDERR_REDIRECT] 
2026-09-13 10:05:54,284 [ERROR] LogOutputStream:75 - [STDERR_REDIRECT] [Fatal Error] :1:1: Premature end of file.
2026-09-13 10:05:54,284 [ERROR] LogOutputStream:75 - [STDERR_REDIRECT] 
2026-09-13 10:05:55,297 [ERROR] LogOutputStream:75 - [STDERR_REDIRECT] [Fatal Error] :1:1: Premature end of file.
2026-09-13 10:05:55,297 [ERROR] LogOutputStream:75 - [STDERR_REDIRECT] 
2026-09-13 10:05:56,283 [ERROR] LogOutputStream:75 - [STDERR_REDIRECT] [Fatal Error] :1:1: Premature end of file.
2026-09-13 10:05:56,283 [ERROR] LogOutputStream:75 - [STDERR_REDIRECT] 
2026-09-13 10:05:57,285 [ERROR] LogOutputStream:75 - [STDERR_REDIRECT] [Fatal Error] :1:1: Premature end of file.
2026-09-13 10:05:57,285 [ERROR] LogOutputStream:75 - [STDERR_REDIRECT] 
2026-09-13 10:05:58,296 [ERROR] LogOutputStream:75 - [STDERR_REDIRECT] [Fatal Error] :1:1: Premature end of file.
2026-09-13 10:05:58,296 [ERROR] LogOutputStream:75 - [STDERR_REDIRECT] 
2026-09-13 10:05:59,288 [ERROR] LogOutputStream:75 - [STDERR_REDIRECT] [Fatal Error] :1:1: Premature end of file.
2026-09-13 10:05:59,288 [ERROR] LogOutputStream:75 - [STDERR_REDIRECT] 
2026-09-13 10:06:00,282 [ERROR] LogOutputStream:75 - [STDERR_REDIRECT] [Fatal Error] :1:1: Premature end of file.
2026-09-13 10:06:00,282 [ERROR] LogOutputStream:75 - [STDERR_REDIRECT] 
2026-09-13 10:06:01,285 [ERROR] LogOutputStream:75 - [STDERR_REDIRECT] [Fatal Error] :1:1: Premature end of file.
2026-09-13 10:06:01,285 [ERROR] LogOutputStream:75 - [STDERR_REDIRECT] 
2026-09-13 10:06:02,286 [ERROR] LogOutputStream:75 - [STDERR_REDIRECT] [Fatal Error] :1:1: Premature end of file.
2026-09-13 10:06:02,286 [ERROR] LogOutputStream:75 - [STDERR_REDIRECT] 
2026-09-13 10:06:03,286 [ERROR] LogOutputStream:75 - [STDERR_REDIRECT] [Fatal Error] :1:1: Premature end of file.
2026-09-13 10:06:03,286 [ERROR] LogOutputStream:75 - [STDERR_REDIRECT] 
2026-09-13 10:06:04,285 [ERROR] LogOutputStream:75 - [STDERR_REDIRECT] [Fatal Error] :1:1: Premature end of file.
2026-09-13 10:06:04,285 [ERROR] LogOutputStream:75 - [STDERR_REDIRECT] 
2026-09-13 10:06:05,282 [ERROR] LogOutputStream:75 - [STDERR_REDIRECT] [Fatal Error] :1:1: Premature end of file.
2026-09-13 10:06:05,282 [ERROR] LogOutputStream:75 - [STDERR_REDIRECT] 
2026-09-13 10:06:06,285 [ERROR] LogOutputStream:75 - [STDERR_REDIRECT] [Fatal Error] :1:1: Premature end of file.
2026-09-13 10:06:06,285 [ERROR] LogOutputStream:75 - [STDERR_REDIRECT] 
2026-09-13 10:06:07,286 [ERROR] LogOutputStream:75 - [STDERR_REDIRECT] [Fatal Error] :1:1: Premature end of file.
2026-09-13 10:06:07,286 [ERROR] LogOutputStream:75 - [STDERR_REDIRECT] 
2026-09-13 10:06:08,285 [ERROR] LogOutputStream:75 - [STDERR_REDIRECT] [Fatal Error] :1:1: Premature end of file.
2026-09-13 10:06:08,285 [ERROR] LogOutputStream:75 - [STDERR_REDIRECT] 
2026-09-13 10:06:09,290 [ERROR] LogOutputStream:75 - [STDERR_REDIRECT] [Fatal Error] :1:1: Premature end of file.
2026-09-13 10:06:09,290 [ERROR] LogOutputStream:75 - [STDERR_REDIRECT] 
2026-09-13 10:06:10,285 [ERROR] LogOutputStream:75 - [STDERR_REDIRECT] [Fatal Error] :1:1: Premature end of file.
2026-09-13 10:06:10,286 [ERROR] LogOutputStream:75 - [STDERR_REDIRECT] 
2026-09-13 10:06:11,283 [ERROR] LogOutputStream:75 - [STDERR_REDIRECT] [Fatal Error] :1:1: Premature end of file.
2026-09-13 10:06:11,283 [ERROR] LogOutputStream:75 - [STDERR_REDIRECT] 
2026-09-13 10:06:12,283 [ERROR] LogOutputStream:75 - [STDERR_REDIRECT] [Fatal Error] :1:1: Premature end of file.
2026-09-13 10:06:12,284 [ERROR] LogOutputStream:75 - [STDERR_REDIRECT] 
2026-09-13 10:06:13,285 [ERROR] LogOutputStream:75 - [STDERR_REDIRECT] [Fatal Error] :1:1: Premature end of file.
2026-09-13 10:06:13,285 [ERROR] LogOutputStream:75 - [STDERR_REDIRECT] 
2026-09-13 10:06:14,291 [ERROR] LogOutputStream:75 - [STDERR_REDIRECT] [Fatal Error] :1:1: Premature end of file.
2026-09-13 10:06:14,292 [ERROR] LogOutputStream:75 - [STDERR_REDIRECT] 
2026-09-13 10:06:15,289 [ERROR] LogOutputStream:75 - [STDERR_REDIRECT] [Fatal Error] :1:1: Premature end of file.
2026-09-13 10:06:15,289 [ERROR] LogOutputStream:75 - [STDERR_REDIRECT] 
2026-09-13 10:06:16,287 [ERROR] LogOutputStream:75 - [STDERR_REDIRECT] [Fatal Error] :1:1: Premature end of file.
2026-09-13 10:06:16,288 [ERROR] LogOutputStream:75 - [STDERR_REDIRECT] 
2026-09-13 10:06:17,285 [ERROR] LogOutputStream:75 - [STDERR_REDIRECT] [Fatal Error] :1:1: Premature end of file.
2026-09-13 10:06:17,286 [ERROR] LogOutputStream:75 - [STDERR_REDIRECT] 
2026-09-13 10:06:18,282 [ERROR] LogOutputStream:75 - [STDERR_REDIRECT] [Fatal Error] :1:1: Premature end of file.
2026-09-13 10:06:18,282 [ERROR] LogOutputStream:75 - [STDERR_REDIRECT] 
2026-09-13 10:06:19,284 [ERROR] LogOutputStream:75 - [STDERR_REDIRECT] [Fatal Error] :1:1: Premature end of file.
2026-09-13 10:06:19,286 [ERROR] LogOutputStream:75 - [STDERR_REDIRECT] 
2026-09-13 10:06:20,292 [ERROR] LogOutputStream:75 - [STDERR_REDIRECT] [Fatal Error] :1:1: Premature end of file.
2026-09-13 10:06:20,292 [ERROR] LogOutputStream:75 - [STDERR_REDIRECT] 
2026-09-13 10:06:21,291 [ERROR] LogOutputStream:75 - [STDERR_REDIRECT] [Fatal Error] :1:1: Premature end of file.
2026-09-13 10:06:21,292 [ERROR] LogOutputStream:75 - [STDERR_REDIRECT] 
2026-09-13 10:06:22,283 [ERROR] LogOutputStream:75 - [STDERR_REDIRECT] [Fatal Error] :1:1: Premature end of file.
2026-09-13 10:06:22,283 [ERROR] LogOutputStream:75 - [STDERR_REDIRECT] 
2026-09-13 10:06:23,283 [ERROR] LogOutputStream:75 - [STDERR_REDIRECT] [Fatal Error] :1:1: Premature end of file.
2026-09-13 10:06:23,284 [ERROR] LogOutputStream:75 - [STDERR_REDIRECT] 
2026-09-13 10:06:24,281 [ERROR] LogOutputStream:75 - [STDERR_REDIRECT] [Fatal Error] :1:1: Premature end of file.
2026-09-13 10:06:24,282 [ERROR] LogOutputStream:75 - [STDERR_REDIRECT] 
2026-09-13 10:06:25,285 [ERROR] LogOutputStream:75 - [STDERR_REDIRECT] [Fatal Error] :1:1: Premature end of file.
2026-09-13 10:06:25,285 [ERROR] LogOutputStream:75 - [STDERR_REDIRECT] 
2026-09-13 10:06:26,279 [ERROR] LogOutputStream:75 - [STDERR_REDIRECT] [Fatal Error] :1:1: Premature end of file.
2026-09-13 10:06:26,279 [ERROR] LogOutputStream:75 - [STDERR_REDIRECT] 
2026-09-13 10:06:27,278 [ERROR] LogOutputStream:75 - [STDERR_REDIRECT] [Fatal Error] :1:1: Premature end of file.
2026-09-13 10:06:27,279 [ERROR] LogOutputStream:75 - [STDERR_REDIRECT] 
2026-09-13 10:06:28,289 [ERROR] LogOutputStream:75 - [STDERR_REDIRECT] [Fatal Error] :1:1: Premature end of file.
2026-09-13 10:06:28,289 [ERROR] LogOutputStream:75 - [STDERR_REDIRECT] 
2026-09-13 10:06:29,282 [ERROR] LogOutputStream:75 - [STDERR_REDIRECT] [Fatal Error] :1:1: Premature end of file.
2026-09-13 10:06:29,284 [ERROR] LogOutputStream:75 - [STDERR_REDIRECT] 
2026-09-13 10:06:30,285 [ERROR] LogOutputStream:75 - [STDERR_REDIRECT] [Fatal Error] :1:1: Premature end of file.
2026-09-13 10:06:30,285 [ERROR] LogOutputStream:75 - [STDERR_REDIRECT] 
2026-09-13 10:06:31,285 [ERROR] LogOutputStream:75 - [STDERR_REDIRECT] [Fatal Error] :1:1: Premature end of file.
2026-09-13 10:06:31,285 [ERROR] LogOutputStream:75 - [STDERR_REDIRECT] 
2026-09-13 10:06:32,286 [ERROR] LogOutputStream:75 - [STDERR_REDIRECT] [Fatal Error] :1:1: Premature end of file.
2026-09-13 10:06:32,286 [ERROR] LogOutputStream:75 - [STDERR_REDIRECT] 
2026-09-13 10:06:33,281 [ERROR] LogOutputStream:75 - [STDERR_REDIRECT] [Fatal Error] :1:1: Premature end of file.
2026-09-13 10:06:33,282 [ERROR] LogOutputStream:75 - [STDERR_REDIRECT] 
2026-09-13 10:06:34,286 [ERROR] LogOutputStream:75 - [STDERR_REDIRECT] [Fatal Error] :1:1: Premature end of file.
2026-09-13 10:06:34,286 [ERROR] LogOutputStream:75 - [STDERR_REDIRECT] 
2026-09-13 10:06:35,279 [ERROR] LogOutputStream:75 - [STDERR_REDIRECT] [Fatal Error] :1:1: Premature end of file.
2026-09-13 10:06:35,279 [ERROR] LogOutputStream:75 - [STDERR_REDIRECT] 
2026-09-13 10:06:36,287 [ERROR] LogOutputStream:75 - [STDERR_REDIRECT] [Fatal Error] :1:1: Premature end of file.
2026-09-13 10:06:36,287 [ERROR] LogOutputStream:75 - [STDERR_REDIRECT] 
2026-09-13 10:06:37,292 [ERROR] LogOutputStream:75 - [STDERR_REDIRECT] [Fatal Error] :1:1: Premature end of file.
2026-09-13 10:06:37,292 [ERROR] LogOutputStream:75 - [STDERR_REDIRECT] 
2026-09-13 10:06:38,287 [ERROR] LogOutputStream:75 - [STDERR_REDIRECT] [Fatal Error] :1:1: Premature end of file.
2026-09-13 10:06:38,288 [ERROR] LogOutputStream:75 - [STDERR_REDIRECT] 
2026-09-13 10:06:39,286 [ERROR] LogOutputStream:75 - [STDERR_REDIRECT] [Fatal Error] :1:1: Premature end of file.
2026-09-13 10:06:39,286 [ERROR] LogOutputStream:75 - [STDERR_REDIRECT] 
2026-09-13 10:06:40,283 [ERROR] LogOutputStream:75 - [STDERR_REDIRECT] [Fatal Error] :1:1: Premature end of file.
2026-09-13 10:06:40,283 [ERROR] LogOutputStream:75 - [STDERR_REDIRECT] 
2026-09-13 10:06:41,290 [ERROR] LogOutputStream:75 - [STDERR_REDIRECT] [Fatal Error] :1:1: Premature end of file.
2026-09-13 10:06:41,291 [ERROR] LogOutputStream:75 - [STDERR_REDIRECT] 
2026-09-13 10:06:42,285 [ERROR] LogOutputStream:75 - [STDERR_REDIRECT] [Fatal Error] :1:1: Premature end of file.
2026-09-13 10:06:42,285 [ERROR] LogOutputStream:75 - [STDERR_REDIRECT] 
2026-09-13 10:06:43,286 [ERROR] LogOutputStream:75 - [STDERR_REDIRECT] [Fatal Error] :1:1: Premature end of file.
2026-09-13 10:06:43,286 [ERROR] LogOutputStream:75 - [STDERR_REDIRECT] 
2026-09-13 10:06:44,287 [ERROR] LogOutputStream:75 - [STDERR_REDIRECT] [Fatal Error] :1:1: Premature end of file.
2026-09-13 10:06:44,287 [ERROR] LogOutputStream:75 - [STDERR_REDIRECT] 
2026-09-13 10:06:45,278 [ERROR] LogOutputStream:75 - [STDERR_REDIRECT] [Fatal Error] :1:1: Premature end of file.
2026-09-13 10:06:45,278 [ERROR] LogOutputStream:75 - [STDERR_REDIRECT] 
2026-09-13 10:06:46,290 [ERROR] LogOutputStream:75 - [STDERR_REDIRECT] [Fatal Error] :1:1: Premature end of file.
2026-09-13 10:06:46,290 [ERROR] LogOutputStream:75 - [STDERR_REDIRECT] 
2026-09-13 10:06:47,287 [ERROR] LogOutputStream:75 - [STDERR_REDIRECT] [Fatal Error] :1:1: Premature end of file.
2026-09-13 10:06:47,287 [ERROR] LogOutputStream:75 - [STDERR_REDIRECT] 
2026-09-13 10:06:48,285 [ERROR] LogOutputStream:75 - [STDERR_REDIRECT] [Fatal Error] :1:1: Premature end of file.
2026-09-13 10:06:48,285 [ERROR] LogOutputStream:75 - [STDERR_REDIRECT] 
2026-09-13 10:06:49,281 [ERROR] LogOutputStream:75 - [STDERR_REDIRECT] [Fatal Error] :1:1: Premature end of file.
2026-09-13 10:06:49,281 [ERROR] LogOutputStream:75 - [STDERR_REDIRECT] 
2026-09-13 10:06:50,283 [ERROR] LogOutputStream:75 - [STDERR_REDIRECT] [Fatal Error] :1:1: Premature end of file.
2026-09-13 10:06:50,283 [ERROR] LogOutputStream:75 - [STDERR_REDIRECT] 
2026-09-13 10:06:51,285 [ERROR] LogOutputStream:75 - [STDERR_REDIRECT] [Fatal Error] :1:1: Premature end of file.
2026-09-13 10:06:51,285 [ERROR] LogOutputStream:75 - [STDERR_REDIRECT] 
2026-09-13 10:06:52,287 [ERROR] LogOutputStream:75 - [STDERR_REDIRECT] [Fatal Error] :1:1: Premature end of file.
2026-09-13 10:06:52,287 [ERROR] LogOutputStream:75 - [STDERR_REDIRECT] 
2026-09-13 10:06:53,285 [ERROR] LogOutputStream:75 - [STDERR_REDIRECT] [Fatal Error] :1:1: Premature end of file.
2026-09-13 10:06:53,285 [ERROR] LogOutputStream:75 - [STDERR_REDIRECT] 
2026-09-13 10:06:54,281 [ERROR] LogOutputStream:75 - [STDERR_REDIRECT] [Fatal Error] :1:1: Premature end of file.
2026-09-13 10:06:54,282 [ERROR] LogOutputStream:75 - [STDERR_REDIRECT] 
2026-09-13 10:06:55,291 [ERROR] LogOutputStream:75 - [STDERR_REDIRECT] [Fatal Error] :1:1: Premature end of file.
2026-09-13 10:06:55,291 [ERROR] LogOutputStream:75 - [STDERR_REDIRECT] 
2026-09-13 10:06:56,280 [ERROR] LogOutputStream:75 - [STDERR_REDIRECT] [Fatal Error] :1:1: Premature end of file.
2026-09-13 10:06:56,280 [ERROR] LogOutputStream:75 - [STDERR_REDIRECT] 
2026-09-13 10:06:57,284 [ERROR] LogOutputStream:75 - [STDERR_REDIRECT] [Fatal Error] :1:1: Premature end of file.
2026-09-13 10:06:57,284 [ERROR] LogOutputStream:75 - [STDERR_REDIRECT] 
2026-09-13 10:06:58,281 [ERROR] LogOutputStream:75 - [STDERR_REDIRECT] [Fatal Error] :1:1: Premature end of file.
2026-09-13 10:06:58,281 [ERROR] LogOutputStream:75 - [STDERR_REDIRECT] 
2026-09-13 10:06:59,284 [ERROR] LogOutputStream:75 - [STDERR_REDIRECT] [Fatal Error] :1:1: Premature end of file.
2026-09-13 10:06:59,284 [ERROR] LogOutputStream:75 - [STDERR_REDIRECT] 
2026-09-13 10:07:00,287 [ERROR] LogOutputStream:75 - [STDERR_REDIRECT] [Fatal Error] :1:1: Premature end of file.
2026-09-13 10:07:00,287 [ERROR] LogOutputStream:75 - [STDERR_REDIRECT] 
2026-09-13 10:07:01,281 [ERROR] LogOutputStream:75 - [STDERR_REDIRECT] [Fatal Error] :1:1: Premature end of file.
2026-09-13 10:07:01,282 [ERROR] LogOutputStream:75 - [STDERR_REDIRECT] 
2026-09-13 10:07:02,285 [ERROR] LogOutputStream:75 - [STDERR_REDIRECT] [Fatal Error] :1:1: Premature end of file.
2026-09-13 10:07:02,286 [ERROR] LogOutputStream:75 - [STDERR_REDIRECT] 
2026-09-13 10:07:03,285 [ERROR] LogOutputStream:75 - [STDERR_REDIRECT] [Fatal Error] :1:1: Premature end of file.
2026-09-13 10:07:03,285 [ERROR] LogOutputStream:75 - [STDERR_REDIRECT] 
2026-09-13 10:07:04,281 [ERROR] LogOutputStream:75 - [STDERR_REDIRECT] [Fatal Error] :1:1: Premature end of file.
2026-09-13 10:07:04,281 [ERROR] LogOutputStream:75 - [STDERR_REDIRECT] 
2026-09-13 10:07:05,281 [ERROR] LogOutputStream:75 - [STDERR_REDIRECT] [Fatal Error] :1:1: Premature end of file.
2026-09-13 10:07:05,281 [ERROR] LogOutputStream:75 - [STDERR_REDIRECT] 
2026-09-13 10:07:06,285 [ERROR] LogOutputStream:75 - [STDERR_REDIRECT] [Fatal Error] :1:1: Premature end of file.
2026-09-13 10:07:06,285 [ERROR] LogOutputStream:75 - [STDERR_REDIRECT] 
2026-09-13 10:07:07,282 [ERROR] LogOutputStream:75 - [STDERR_REDIRECT] [Fatal Error] :1:1: Premature end of file.
2026-09-13 10:07:07,282 [ERROR] LogOutputStream:75 - [STDERR_REDIRECT] 
2026-09-13 10:07:08,285 [ERROR] LogOutputStream:75 - [STDERR_REDIRECT] [Fatal Error] :1:1: Premature end of file.
2026-09-13 10:07:08,285 [ERROR] LogOutputStream:75 - [STDERR_REDIRECT] 
2026-09-13 10:07:09,286 [ERROR] LogOutputStream:75 - [STDERR_REDIRECT] [Fatal Error] :1:1: Premature end of file.
2026-09-13 10:07:09,286 [ERROR] LogOutputStream:75 - [STDERR_REDIRECT] 
2026-09-13 10:07:10,283 [ERROR] LogOutputStream:75 - [STDERR_REDIRECT] [Fatal Error] :1:1: Premature end of file.
2026-09-13 10:07:10,283 [ERROR] LogOutputStream:75 - [STDERR_REDIRECT] 
2026-09-13 10:07:11,287 [ERROR] LogOutputStream:75 - [STDERR_REDIRECT] [Fatal Error] :1:1: Premature end of file.
2026-09-13 10:07:11,287 [ERROR] LogOutputStream:75 - [STDERR_REDIRECT] 
2026-09-13 10:07:12,283 [ERROR] LogOutputStream:75 - [STDERR_REDIRECT] [Fatal Error] :1:1: Premature end of file.
2026-09-13 10:07:12,284 [ERROR] LogOutputStream:75 - [STDERR_REDIRECT] 
2026-09-13 10:07:13,284 [ERROR] LogOutputStream:75 - [STDERR_REDIRECT] [Fatal Error] :1:1: Premature end of file.
2026-09-13 10:07:13,284 [ERROR] LogOutputStream:75 - [STDERR_REDIRECT] 
2026-09-13 10:07:14,291 [ERROR] LogOutputStream:75 - [STDERR_REDIRECT] [Fatal Error] :1:1: Premature end of file.
2026-09-13 10:07:14,291 [ERROR] LogOutputStream:75 - [STDERR_REDIRECT] 
2026-09-13 10:07:15,279 [ERROR] LogOutputStream:75 - [STDERR_REDIRECT] [Fatal Error] :1:1: Premature end of file.
2026-09-13 10:07:15,279 [ERROR] LogOutputStream:75 - [STDERR_REDIRECT] 
2026-09-13 10:07:16,282 [ERROR] LogOutputStream:75 - [STDERR_REDIRECT] [Fatal Error] :1:1: Premature end of file.
2026-09-13 10:07:16,282 [ERROR] LogOutputStream:75 - [STDERR_REDIRECT] 
2026-09-13 10:07:17,284 [ERROR] LogOutputStream:75 - [STDERR_REDIRECT] [Fatal Error] :1:1: Premature end of file.
2026-09-13 10:07:17,285 [ERROR] LogOutputStream:75 - [STDERR_REDIRECT] 
2026-09-13 10:07:18,289 [ERROR] LogOutputStream:75 - [STDERR_REDIRECT] [Fatal Error] :1:1: Premature end of file.
2026-09-13 10:07:18,289 [ERROR] LogOutputStream:75 - [STDERR_REDIRECT] 
2026-09-13 10:07:19,284 [ERROR] LogOutputStream:75 - [STDERR_REDIRECT] [Fatal Error] :1:1: Premature end of file.
2026-09-13 10:07:19,284 [ERROR] LogOutputStream:75 - [STDERR_REDIRECT] 
2026-09-13 10:07:20,282 [ERROR] LogOutputStream:75 - [STDERR_REDIRECT] [Fatal Error] :1:1: Premature end of file.
2026-09-13 10:07:20,282 [ERROR] LogOutputStream:75 - [STDERR_REDIRECT] 
2026-09-13 10:07:21,289 [ERROR] LogOutputStream:75 - [STDERR_REDIRECT] [Fatal Error] :1:1: Premature end of file.
2026-09-13 10:07:21,289 [ERROR] LogOutputStream:75 - [STDERR_REDIRECT] 
2026-09-13 10:07:22,285 [ERROR] LogOutputStream:75 - [STDERR_REDIRECT] [Fatal Error] :1:1: Premature end of file.
2026-09-13 10:07:22,285 [ERROR] LogOutputStream:75 - [STDERR_REDIRECT] 
2026-09-13 10:07:23,284 [ERROR] LogOutputStream:75 - [STDERR_REDIRECT] [Fatal Error] :1:1: Premature end of file.
2026-09-13 10:07:23,284 [ERROR] LogOutputStream:75 - [STDERR_REDIRECT] 
2026-09-13 10:07:24,283 [ERROR] LogOutputStream:75 - [STDERR_REDIRECT] [Fatal Error] :1:1: Premature end of file.
2026-09-13 10:07:24,283 [ERROR] LogOutputStream:75 - [STDERR_REDIRECT] 
2026-09-13 10:07:25,282 [ERROR] LogOutputStream:75 - [STDERR_REDIRECT] [Fatal Error] :1:1: Premature end of file.
2026-09-13 10:07:25,282 [ERROR] LogOutputStream:75 - [STDERR_REDIRECT] 
2026-09-13 10:07:26,280 [ERROR] LogOutputStream:75 - [STDERR_REDIRECT] [Fatal Error] :1:1: Premature end of file.
2026-09-13 10:07:26,280 [ERROR] LogOutputStream:75 - [STDERR_REDIRECT] 
2026-09-13 10:07:27,284 [ERROR] LogOutputStream:75 - [STDERR_REDIRECT] [Fatal Error] :1:1: Premature end of file.
2026-09-13 10:07:27,284 [ERROR] LogOutputStream:75 - [STDERR_REDIRECT] 
2026-09-13 10:07:28,281 [ERROR] LogOutputStream:75 - [STDERR_REDIRECT] [Fatal Error] :1:1: Premature end of file.
2026-09-13 10:07:28,281 [ERROR] LogOutputStream:75 - [STDERR_REDIRECT] 
2026-09-13 10:07:29,288 [ERROR] LogOutputStream:75 - [STDERR_REDIRECT] [Fatal Error] :1:1: Premature end of file.
2026-09-13 10:07:29,288 [ERROR] LogOutputStream:75 - [STDERR_REDIRECT] 
2026-09-13 10:07:30,279 [ERROR] LogOutputStream:75 - [STDERR_REDIRECT] [Fatal Error] :1:1: Premature end of file.
2026-09-13 10:07:30,280 [ERROR] LogOutputStream:75 - [STDERR_REDIRECT] 
2026-09-13 10:07:31,282 [ERROR] LogOutputStream:75 - [STDERR_REDIRECT] [Fatal Error] :1:1: Premature end of file.
2026-09-13 10:07:31,282 [ERROR] LogOutputStream:75 - [STDERR_REDIRECT] 
2026-09-13 10:07:32,294 [ERROR] LogOutputStream:75 - [STDERR_REDIRECT] [Fatal Error] :1:1: Premature end of file.
2026-09-13 10:07:32,294 [ERROR] LogOutputStream:75 - [STDERR_REDIRECT] 
2026-09-13 10:07:33,286 [ERROR] LogOutputStream:75 - [STDERR_REDIRECT] [Fatal Error] :1:1: Premature end of file.
2026-09-13 10:07:33,287 [ERROR] LogOutputStream:75 - [STDERR_REDIRECT] 
2026-09-13 10:07:34,281 [ERROR] LogOutputStream:75 - [STDERR_REDIRECT] [Fatal Error] :1:1: Premature end of file.
2026-09-13 10:07:34,281 [ERROR] LogOutputStream:75 - [STDERR_REDIRECT] 
2026-09-13 10:07:35,284 [ERROR] LogOutputStream:75 - [STDERR_REDIRECT] [Fatal Error] :1:1: Premature end of file.
2026-09-13 10:07:35,284 [ERROR] LogOutputStream:75 - [STDERR_REDIRECT] 
2026-09-13 10:07:36,279 [ERROR] LogOutputStream:75 - [STDERR_REDIRECT] [Fatal Error] :1:1: Premature end of file.
2026-09-13 10:07:36,279 [ERROR] LogOutputStream:75 - [STDERR_REDIRECT] 
2026-09-13 10:07:37,284 [ERROR] LogOutputStream:75 - [STDERR_REDIRECT] [Fatal Error] :1:1: Premature end of file.
2026-09-13 10:07:37,284 [ERROR] LogOutputStream:75 - [STDERR_REDIRECT] 
2026-09-13 10:07:38,286 [ERROR] LogOutputStream:75 - [STDERR_REDIRECT] [Fatal Error] :1:1: Premature end of file.
2026-09-13 10:07:38,286 [ERROR] LogOutputStream:75 - [STDERR_REDIRECT] 
2026-09-13 10:07:39,288 [ERROR] LogOutputStream:75 - [STDERR_REDIRECT] [Fatal Error] :1:1: Premature end of file.
2026-09-13 10:07:39,288 [ERROR] LogOutputStream:75 - [STDERR_REDIRECT] 
2026-09-13 10:07:40,288 [ERROR] LogOutputStream:75 - [STDERR_REDIRECT] [Fatal Error] :1:1: Premature end of file.
2026-09-13 10:07:40,289 [ERROR] LogOutputStream:75 - [STDERR_REDIRECT] 
2026-09-13 10:07:41,289 [ERROR] LogOutputStream:75 - [STDERR_REDIRECT] [Fatal Error] :1:1: Premature end of file.
2026-09-13 10:07:41,289 [ERROR] LogOutputStream:75 - [STDERR_REDIRECT] 
2026-09-13 10:07:42,289 [ERROR] LogOutputStream:75 - [STDERR_REDIRECT] [Fatal Error] :1:1: Premature end of file.
2026-09-13 10:07:42,289 [ERROR] LogOutputStream:75 - [STDERR_REDIRECT] 
2026-09-13 10:07:43,289 [ERROR] LogOutputStream:75 - [STDERR_REDIRECT] [Fatal Error] :1:1: Premature end of file.
2026-09-13 10:07:43,289 [ERROR] LogOutputStream:75 - [STDERR_REDIRECT] 
2026-09-13 10:07:44,279 [ERROR] LogOutputStream:75 - [STDERR_REDIRECT] [Fatal Error] :1:1: Premature end of file.
2026-09-13 10:07:44,279 [ERROR] LogOutputStream:75 - [STDERR_REDIRECT] 
2026-09-13 10:07:45,290 [ERROR] LogOutputStream:75 - [STDERR_REDIRECT] [Fatal Error] :1:1: Premature end of file.
2026-09-13 10:07:45,290 [ERROR] LogOutputStream:75 - [STDERR_REDIRECT] 
2026-09-13 10:07:46,278 [ERROR] LogOutputStream:75 - [STDERR_REDIRECT] [Fatal Error] :1:1: Premature end of file.
2026-09-13 10:07:46,279 [ERROR] LogOutputStream:75 - [STDERR_REDIRECT] 
2026-09-13 10:07:47,282 [ERROR] LogOutputStream:75 - [STDERR_REDIRECT] [Fatal Error] :1:1: Premature end of file.
2026-09-13 10:07:47,282 [ERROR] LogOutputStream:75 - [STDERR_REDIRECT] 
2026-09-13 10:07:48,282 [ERROR] LogOutputStream:75 - [STDERR_REDIRECT] [Fatal Error] :1:1: Premature end of file.
2026-09-13 10:07:48,282 [ERROR] LogOutputStream:75 - [STDERR_REDIRECT] 
2026-09-13 10:07:49,282 [ERROR] LogOutputStream:75 - [STDERR_REDIRECT] [Fatal Error] :1:1: Premature end of file.
2026-09-13 10:07:49,282 [ERROR] LogOutputStream:75 - [STDERR_REDIRECT] 
2026-09-13 10:07:50,282 [ERROR] LogOutputStream:75 - [STDERR_REDIRECT] [Fatal Error] :1:1: Premature end of file.
2026-09-13 10:07:50,283 [ERROR] LogOutputStream:75 - [STDERR_REDIRECT] 
2026-09-13 10:07:51,288 [ERROR] LogOutputStream:75 - [STDERR_REDIRECT] [Fatal Error] :1:1: Premature end of file.
2026-09-13 10:07:51,288 [ERROR] LogOutputStream:75 - [STDERR_REDIRECT] 
2026-09-13 10:07:52,293 [ERROR] LogOutputStream:75 - [STDERR_REDIRECT] [Fatal Error] :1:1: Premature end of file.
2026-09-13 10:07:52,294 [ERROR] LogOutputStream:75 - [STDERR_REDIRECT] 
2026-09-13 10:07:53,283 [ERROR] LogOutputStream:75 - [STDERR_REDIRECT] [Fatal Error] :1:1: Premature end of file.
2026-09-13 10:07:53,283 [ERROR] LogOutputStream:75 - [STDERR_REDIRECT] 
2026-09-13 10:07:54,286 [ERROR] LogOutputStream:75 - [STDERR_REDIRECT] [Fatal Error] :1:1: Premature end of file.
2026-09-13 10:07:54,286 [ERROR] LogOutputStream:75 - [STDERR_REDIRECT] 
2026-09-13 10:07:55,283 [ERROR] LogOutputStream:75 - [STDERR_REDIRECT] [Fatal Error] :1:1: Premature end of file.
2026-09-13 10:07:55,284 [ERROR] LogOutputStream:75 - [STDERR_REDIRECT] 
2026-09-13 10:07:56,288 [ERROR] LogOutputStream:75 - [STDERR_REDIRECT] [Fatal Error] :1:1: Premature end of file.
2026-09-13 10:07:56,289 [ERROR] LogOutputStream:75 - [STDERR_REDIRECT] 
2026-09-13 10:07:57,283 [ERROR] LogOutputStream:75 - [STDERR_REDIRECT] [Fatal Error] :1:1: Premature end of file.
2026-09-13 10:07:57,284 [ERROR] LogOutputStream:75 - [STDERR_REDIRECT] 
2026-09-13 10:07:58,281 [ERROR] LogOutputStream:75 - [STDERR_REDIRECT] [Fatal Error] :1:1: Premature end of file.
2026-09-13 10:07:58,281 [ERROR] LogOutputStream:75 - [STDERR_REDIRECT] 
2026-09-13 10:07:59,280 [ERROR] LogOutputStream:75 - [STDERR_REDIRECT] [Fatal Error] :1:1: Premature end of file.
2026-09-13 10:07:59,281 [ERROR] LogOutputStream:75 - [STDERR_REDIRECT] 
2026-09-13 10:08:00,292 [ERROR] LogOutputStream:75 - [STDERR_REDIRECT] [Fatal Error] :1:1: Premature end of file.
2026-09-13 10:08:00,292 [ERROR] LogOutputStream:75 - [STDERR_REDIRECT] 
2026-09-13 10:08:01,279 [ERROR] LogOutputStream:75 - [STDERR_REDIRECT] [Fatal Error] :1:1: Premature end of file.
2026-09-13 10:08:01,279 [ERROR] LogOutputStream:75 - [STDERR_REDIRECT] 
2026-09-13 10:08:02,290 [ERROR] LogOutputStream:75 - [STDERR_REDIRECT] [Fatal Error] :1:1: Premature end of file.
2026-09-13 10:08:02,290 [ERROR] LogOutputStream:75 - [STDERR_REDIRECT] 
2026-09-13 10:08:03,283 [ERROR] LogOutputStream:75 - [STDERR_REDIRECT] [Fatal Error] :1:1: Premature end of file.
2026-09-13 10:08:03,283 [ERROR] LogOutputStream:75 - [STDERR_REDIRECT] 
2026-09-13 10:08:04,286 [ERROR] LogOutputStream:75 - [STDERR_REDIRECT] [Fatal Error] :1:1: Premature end of file.
2026-09-13 10:08:04,286 [ERROR] LogOutputStream:75 - [STDERR_REDIRECT] 
2026-09-13 10:08:05,285 [ERROR] LogOutputStream:75 - [STDERR_REDIRECT] [Fatal Error] :1:1: Premature end of file.
2026-09-13 10:08:05,285 [ERROR] LogOutputStream:75 - [STDERR_REDIRECT] 
2026-09-13 10:08:06,282 [ERROR] LogOutputStream:75 - [STDERR_REDIRECT] [Fatal Error] :1:1: Premature end of file.
2026-09-13 10:08:06,282 [ERROR] LogOutputStream:75 - [STDERR_REDIRECT] 
2026-09-13 10:08:07,282 [ERROR] LogOutputStream:75 - [STDERR_REDIRECT] [Fatal Error] :1:1: Premature end of file.
2026-09-13 10:08:07,283 [ERROR] LogOutputStream:75 - [STDERR_REDIRECT] 
2026-09-13 10:08:08,299 [ERROR] LogOutputStream:75 - [STDERR_REDIRECT] [Fatal Error] :1:1: Premature end of file.
2026-09-13 10:08:08,302 [ERROR] LogOutputStream:75 - [STDERR_REDIRECT] 
2026-09-13 10:08:09,282 [ERROR] LogOutputStream:75 - [STDERR_REDIRECT] [Fatal Error] :1:1: Premature end of file.
2026-09-13 10:08:09,283 [ERROR] LogOutputStream:75 - [STDERR_REDIRECT] 
2026-09-13 10:08:10,285 [ERROR] LogOutputStream:75 - [STDERR_REDIRECT] [Fatal Error] :1:1: Premature end of file.
2026-09-13 10:08:10,285 [ERROR] LogOutputStream:75 - [STDERR_REDIRECT] 
2026-09-13 10:08:11,282 [ERROR] LogOutputStream:75 - [STDERR_REDIRECT] [Fatal Error] :1:1: Premature end of file.
2026-09-13 10:08:11,282 [ERROR] LogOutputStream:75 - [STDERR_REDIRECT] 
2026-09-13 10:08:12,285 [ERROR] LogOutputStream:75 - [STDERR_REDIRECT] [Fatal Error] :1:1: Premature end of file.
2026-09-13 10:08:12,285 [ERROR] LogOutputStream:75 - [STDERR_REDIRECT] 
2026-09-13 10:08:13,285 [ERROR] LogOutputStream:75 - [STDERR_REDIRECT] [Fatal Error] :1:1: Premature end of file.
2026-09-13 10:08:13,285 [ERROR] LogOutputStream:75 - [STDERR_REDIRECT] 
2026-09-13 10:08:14,284 [ERROR] LogOutputStream:75 - [STDERR_REDIRECT] [Fatal Error] :1:1: Premature end of file.
2026-09-13 10:08:14,284 [ERROR] LogOutputStream:75 - [STDERR_REDIRECT] 
2026-09-13 10:08:15,281 [ERROR] LogOutputStream:75 - [STDERR_REDIRECT] [Fatal Error] :1:1: Premature end of file.
2026-09-13 10:08:15,281 [ERROR] LogOutputStream:75 - [STDERR_REDIRECT] 
2026-09-13 10:08:16,289 [ERROR] LogOutputStream:75 - [STDERR_REDIRECT] [Fatal Error] :1:1: Premature end of file.
2026-09-13 10:08:16,289 [ERROR] LogOutputStream:75 - [STDERR_REDIRECT] 
2026-09-13 10:08:17,282 [ERROR] LogOutputStream:75 - [STDERR_REDIRECT] [Fatal Error] :1:1: Premature end of file.
2026-09-13 10:08:17,282 [ERROR] LogOutputStream:75 - [STDERR_REDIRECT] 
2026-09-13 10:08:18,282 [ERROR] LogOutputStream:75 - [STDERR_REDIRECT] [Fatal Error] :1:1: Premature end of file.
2026-09-13 10:08:18,282 [ERROR] LogOutputStream:75 - [STDERR_REDIRECT] 
2026-09-13 10:08:19,282 [ERROR] LogOutputStream:75 - [STDERR_REDIRECT] [Fatal Error] :1:1: Premature end of file.
2026-09-13 10:08:19,282 [ERROR] LogOutputStream:75 - [STDERR_REDIRECT] 
2026-09-13 10:08:20,283 [ERROR] LogOutputStream:75 - [STDERR_REDIRECT] [Fatal Error] :1:1: Premature end of file.
2026-09-13 10:08:20,284 [ERROR] LogOutputStream:75 - [STDERR_REDIRECT] 
2026-09-13 10:08:21,279 [ERROR] LogOutputStream:75 - [STDERR_REDIRECT] [Fatal Error] :1:1: Premature end of file.
2026-09-13 10:08:21,279 [ERROR] LogOutputStream:75 - [STDERR_REDIRECT] 
2026-09-13 10:08:22,279 [ERROR] LogOutputStream:75 - [STDERR_REDIRECT] [Fatal Error] :1:1: Premature end of file.
2026-09-13 10:08:22,279 [ERROR] LogOutputStream:75 - [STDERR_REDIRECT] 
2026-09-13 10:08:23,283 [ERROR] LogOutputStream:75 - [STDERR_REDIRECT] [Fatal Error] :1:1: Premature end of file.
2026-09-13 10:08:23,283 [ERROR] LogOutputStream:75 - [STDERR_REDIRECT] 
2026-09-13 10:08:24,281 [ERROR] LogOutputStream:75 - [STDERR_REDIRECT] [Fatal Error] :1:1: Premature end of file.
2026-09-13 10:08:24,281 [ERROR] LogOutputStream:75 - [STDERR_REDIRECT] 
2026-09-13 10:08:25,290 [ERROR] LogOutputStream:75 - [STDERR_REDIRECT] [Fatal Error] :1:1: Premature end of file.
2026-09-13 10:08:25,290 [ERROR] LogOutputStream:75 - [STDERR_REDIRECT] 
2026-09-13 10:08:26,280 [ERROR] LogOutputStream:75 - [STDERR_REDIRECT] [Fatal Error] :1:1: Premature end of file.
2026-09-13 10:08:26,280 [ERROR] LogOutputStream:75 - [STDERR_REDIRECT] 
2026-09-13 10:08:27,285 [ERROR] LogOutputStream:75 - [STDERR_REDIRECT] [Fatal Error] :1:1: Premature end of file.
2026-09-13 10:08:27,286 [ERROR] LogOutputStream:75 - [STDERR_REDIRECT] 
2026-09-13 10:08:28,282 [ERROR] LogOutputStream:75 - [STDERR_REDIRECT] [Fatal Error] :1:1: Premature end of file.
2026-09-13 10:08:28,282 [ERROR] LogOutputStream:75 - [STDERR_REDIRECT] 
2026-09-13 10:08:29,292 [ERROR] LogOutputStream:75 - [STDERR_REDIRECT] [Fatal Error] :1:1: Premature end of file.
2026-09-13 10:08:29,292 [ERROR] LogOutputStream:75 - [STDERR_REDIRECT] 
2026-09-13 10:08:30,286 [ERROR] LogOutputStream:75 - [STDERR_REDIRECT] [Fatal Error] :1:1: Premature end of file.
2026-09-13 10:08:30,286 [ERROR] LogOutputStream:75 - [STDERR_REDIRECT] 
2026-09-13 10:08:31,283 [ERROR] LogOutputStream:75 - [STDERR_REDIRECT] [Fatal Error] :1:1: Premature end of file.
2026-09-13 10:08:31,284 [ERROR] LogOutputStream:75 - [STDERR_REDIRECT] 
2026-09-13 10:08:32,283 [ERROR] LogOutputStream:75 - [STDERR_REDIRECT] [Fatal Error] :1:1: Premature end of file.
2026-09-13 10:08:32,283 [ERROR] LogOutputStream:75 - [STDERR_REDIRECT] 
2026-09-13 10:08:33,279 [ERROR] LogOutputStream:75 - [STDERR_REDIRECT] [Fatal Error] :1:1: Premature end of file.
2026-09-13 10:08:33,279 [ERROR] LogOutputStream:75 - [STDERR_REDIRECT] 
2026-09-13 10:08:34,282 [ERROR] LogOutputStream:75 - [STDERR_REDIRECT] [Fatal Error] :1:1: Premature end of file.
2026-09-13 10:08:34,282 [ERROR] LogOutputStream:75 - [STDERR_REDIRECT] 
2026-09-13 10:08:35,286 [ERROR] LogOutputStream:75 - [STDERR_REDIRECT] [Fatal Error] :1:1: Premature end of file.
2026-09-13 10:08:35,286 [ERROR] LogOutputStream:75 - [STDERR_REDIRECT] 
2026-09-13 10:08:36,284 [ERROR] LogOutputStream:75 - [STDERR_REDIRECT] [Fatal Error] :1:1: Premature end of file.
2026-09-13 10:08:36,284 [ERROR] LogOutputStream:75 - [STDERR_REDIRECT] 
2026-09-13 10:08:37,284 [ERROR] LogOutputStream:75 - [STDERR_REDIRECT] [Fatal Error] :1:1: Premature end of file.
2026-09-13 10:08:37,284 [ERROR] LogOutputStream:75 - [STDERR_REDIRECT] 
2026-09-13 10:08:38,284 [ERROR] LogOutputStream:75 - [STDERR_REDIRECT] [Fatal Error] :1:1: Premature end of file.
2026-09-13 10:08:38,285 [ERROR] LogOutputStream:75 - [STDERR_REDIRECT] 
2026-09-13 10:08:39,279 [ERROR] LogOutputStream:75 - [STDERR_REDIRECT] [Fatal Error] :1:1: Premature end of file.
2026-09-13 10:08:39,279 [ERROR] LogOutputStream:75 - [STDERR_REDIRECT] 
2026-09-13 10:08:40,281 [ERROR] LogOutputStream:75 - [STDERR_REDIRECT] [Fatal Error] :1:1: Premature end of file.
2026-09-13 10:08:40,281 [ERROR] LogOutputStream:75 - [STDERR_REDIRECT] 
2026-09-13 10:08:41,283 [ERROR] LogOutputStream:75 - [STDERR_REDIRECT] [Fatal Error] :1:1: Premature end of file.
2026-09-13 10:08:41,283 [ERROR] LogOutputStream:75 - [STDERR_REDIRECT] 
2026-09-13 10:08:42,285 [ERROR] LogOutputStream:75 - [STDERR_REDIRECT] [Fatal Error] :1:1: Premature end of file.
2026-09-13 10:08:42,286 [ERROR] LogOutputStream:75 - [STDERR_REDIRECT] 
2026-09-13 10:08:43,286 [ERROR] LogOutputStream:75 - [STDERR_REDIRECT] [Fatal Error] :1:1: Premature end of file.
2026-09-13 10:08:43,286 [ERROR] LogOutputStream:75 - [STDERR_REDIRECT] 
2026-09-13 10:08:44,279 [ERROR] LogOutputStream:75 - [STDERR_REDIRECT] [Fatal Error] :1:1: Premature end of file.
2026-09-13 10:08:44,279 [ERROR] LogOutputStream:75 - [STDERR_REDIRECT] 
2026-09-13 10:08:45,285 [ERROR] LogOutputStream:75 - [STDERR_REDIRECT] [Fatal Error] :1:1: Premature end of file.
2026-09-13 10:08:45,285 [ERROR] LogOutputStream:75 - [STDERR_REDIRECT] 
2026-09-13 10:08:46,290 [ERROR] LogOutputStream:75 - [STDERR_REDIRECT] [Fatal Error] :1:1: Premature end of file.
2026-09-13 10:08:46,290 [ERROR] LogOutputStream:75 - [STDERR_REDIRECT] 
2026-09-13 10:08:47,280 [ERROR] LogOutputStream:75 - [STDERR_REDIRECT] [Fatal Error] :1:1: Premature end of file.
2026-09-13 10:08:47,280 [ERROR] LogOutputStream:75 - [STDERR_REDIRECT] 
2026-09-13 10:08:48,290 [ERROR] LogOutputStream:75 - [STDERR_REDIRECT] [Fatal Error] :1:1: Premature end of file.
2026-09-13 10:08:48,290 [ERROR] LogOutputStream:75 - [STDERR_REDIRECT] 
2026-09-13 10:08:49,284 [ERROR] LogOutputStream:75 - [STDERR_REDIRECT] [Fatal Error] :1:1: Premature end of file.
2026-09-13 10:08:49,284 [ERROR] LogOutputStream:75 - [STDERR_REDIRECT] 
2026-09-13 10:08:50,290 [ERROR] LogOutputStream:75 - [STDERR_REDIRECT] [Fatal Error] :1:1: Premature end of file.
2026-09-13 10:08:50,290 [ERROR] LogOutputStream:75 - [STDERR_REDIRECT] 
2026-09-13 10:08:51,282 [ERROR] LogOutputStream:75 - [STDERR_REDIRECT] [Fatal Error] :1:1: Premature end of file.
2026-09-13 10:08:51,282 [ERROR] LogOutputStream:75 - [STDERR_REDIRECT] 
2026-09-13 10:08:52,285 [ERROR] LogOutputStream:75 - [STDERR_REDIRECT] [Fatal Error] :1:1: Premature end of file.
2026-09-13 10:08:52,285 [ERROR] LogOutputStream:75 - [STDERR_REDIRECT] 
2026-09-13 10:08:53,285 [ERROR] LogOutputStream:75 - [STDERR_REDIRECT] [Fatal Error] :1:1: Premature end of file.
2026-09-13 10:08:53,285 [ERROR] LogOutputStream:75 - [STDERR_REDIRECT] 
2026-09-13 10:08:54,281 [ERROR] LogOutputStream:75 - [STDERR_REDIRECT] [Fatal Error] :1:1: Premature end of file.
2026-09-13 10:08:54,282 [ERROR] LogOutputStream:75 - [STDERR_REDIRECT] 
2026-09-13 10:08:55,284 [ERROR] LogOutputStream:75 - [STDERR_REDIRECT] [Fatal Error] :1:1: Premature end of file.
2026-09-13 10:08:55,284 [ERROR] LogOutputStream:75 - [STDERR_REDIRECT] 
2026-09-13 10:08:56,282 [ERROR] LogOutputStream:75 - [STDERR_REDIRECT] [Fatal Error] :1:1: Premature end of file.
2026-09-13 10:08:56,282 [ERROR] LogOutputStream:75 - [STDERR_REDIRECT] 
2026-09-13 10:08:57,283 [ERROR] LogOutputStream:75 - [STDERR_REDIRECT] [Fatal Error] :1:1: Premature end of file.
2026-09-13 10:08:57,283 [ERROR] LogOutputStream:75 - [STDERR_REDIRECT] 
2026-09-13 10:08:58,279 [ERROR] LogOutputStream:75 - [STDERR_REDIRECT] [Fatal Error] :1:1: Premature end of file.
2026-09-13 10:08:58,279 [ERROR] LogOutputStream:75 - [STDERR_REDIRECT] 
2026-09-13 10:08:59,287 [ERROR] LogOutputStream:75 - [STDERR_REDIRECT] [Fatal Error] :1:1: Premature end of file.
2026-09-13 10:08:59,287 [ERROR] LogOutputStream:75 - [STDERR_REDIRECT] 
2026-09-13 10:09:00,280 [ERROR] LogOutputStream:75 - [STDERR_REDIRECT] [Fatal Error] :1:1: Premature end of file.
2026-09-13 10:09:00,280 [ERROR] LogOutputStream:75 - [STDERR_REDIRECT] 
2026-09-13 10:09:01,279 [ERROR] LogOutputStream:75 - [STDERR_REDIRECT] [Fatal Error] :1:1: Premature end of file.
2026-09-13 10:09:01,279 [ERROR] LogOutputStream:75 - [STDERR_REDIRECT] 
2026-09-13 10:09:02,289 [ERROR] LogOutputStream:75 - [STDERR_REDIRECT] [Fatal Error] :1:1: Premature end of file.
2026-09-13 10:09:02,289 [ERROR] LogOutputStream:75 - [STDERR_REDIRECT] 
2026-09-13 10:09:03,288 [ERROR] LogOutputStream:75 - [STDERR_REDIRECT] [Fatal Error] :1:1: Premature end of file.
2026-09-13 10:09:03,288 [ERROR] LogOutputStream:75 - [STDERR_REDIRECT] 
2026-09-13 10:09:04,283 [ERROR] LogOutputStream:75 - [STDERR_REDIRECT] [Fatal Error] :1:1: Premature end of file.
2026-09-13 10:09:04,283 [ERROR] LogOutputStream:75 - [STDERR_REDIRECT] 
2026-09-13 10:09:05,284 [ERROR] LogOutputStream:75 - [STDERR_REDIRECT] [Fatal Error] :1:1: Premature end of file.
2026-09-13 10:09:05,285 [ERROR] LogOutputStream:75 - [STDERR_REDIRECT] 
2026-09-13 10:09:06,289 [ERROR] LogOutputStream:75 - [STDERR_REDIRECT] [Fatal Error] :1:1: Premature end of file.
2026-09-13 10:09:06,290 [ERROR] LogOutputStream:75 - [STDERR_REDIRECT] 
2026-09-13 10:09:07,286 [ERROR] LogOutputStream:75 - [STDERR_REDIRECT] [Fatal Error] :1:1: Premature end of file.
2026-09-13 10:09:07,286 [ERROR] LogOutputStream:75 - [STDERR_REDIRECT] 
2026-09-13 10:09:08,287 [ERROR] LogOutputStream:75 - [STDERR_REDIRECT] [Fatal Error] :1:1: Premature end of file.
2026-09-13 10:09:08,287 [ERROR] LogOutputStream:75 - [STDERR_REDIRECT] 
2026-09-13 10:09:09,295 [ERROR] LogOutputStream:75 - [STDERR_REDIRECT] [Fatal Error] :1:1: Premature end of file.
2026-09-13 10:09:09,295 [ERROR] LogOutputStream:75 - [STDERR_REDIRECT] 
2026-09-13 10:09:10,281 [ERROR] LogOutputStream:75 - [STDERR_REDIRECT] [Fatal Error] :1:1: Premature end of file.
2026-09-13 10:09:10,281 [ERROR] LogOutputStream:75 - [STDERR_REDIRECT] 
2026-09-13 10:09:11,285 [ERROR] LogOutputStream:75 - [STDERR_REDIRECT] [Fatal Error] :1:1: Premature end of file.
2026-09-13 10:09:11,286 [ERROR] LogOutputStream:75 - [STDERR_REDIRECT] 
2026-09-13 10:09:12,281 [ERROR] LogOutputStream:75 - [STDERR_REDIRECT] [Fatal Error] :1:1: Premature end of file.
2026-09-13 10:09:12,282 [ERROR] LogOutputStream:75 - [STDERR_REDIRECT] 
2026-09-13 10:09:13,284 [ERROR] LogOutputStream:75 - [STDERR_REDIRECT] [Fatal Error] :1:1: Premature end of file.
2026-09-13 10:09:13,284 [ERROR] LogOutputStream:75 - [STDERR_REDIRECT] 
2026-09-13 10:09:14,283 [ERROR] LogOutputStream:75 - [STDERR_REDIRECT] [Fatal Error] :1:1: Premature end of file.
2026-09-13 10:09:14,284 [ERROR] LogOutputStream:75 - [STDERR_REDIRECT] 
2026-09-13 10:09:15,283 [ERROR] LogOutputStream:75 - [STDERR_REDIRECT] [Fatal Error] :1:1: Premature end of file.
2026-09-13 10:09:15,283 [ERROR] LogOutputStream:75 - [STDERR_REDIRECT] 
2026-09-13 10:09:16,281 [ERROR] LogOutputStream:75 - [STDERR_REDIRECT] [Fatal Error] :1:1: Premature end of file.
2026-09-13 10:09:16,281 [ERROR] LogOutputStream:75 - [STDERR_REDIRECT] 
2026-09-13 10:09:17,283 [ERROR] LogOutputStream:75 - [STDERR_REDIRECT] [Fatal Error] :1:1: Premature end of file.
2026-09-13 10:09:17,283 [ERROR] LogOutputStream:75 - [STDERR_REDIRECT] 
2026-09-13 10:09:18,286 [ERROR] LogOutputStream:75 - [STDERR_REDIRECT] [Fatal Error] :1:1: Premature end of file.
2026-09-13 10:09:18,286 [ERROR] LogOutputStream:75 - [STDERR_REDIRECT] 
2026-09-13 10:09:19,282 [ERROR] LogOutputStream:75 - [STDERR_REDIRECT] [Fatal Error] :1:1: Premature end of file.
2026-09-13 10:09:19,282 [ERROR] LogOutputStream:75 - [STDERR_REDIRECT] 
2026-09-13 10:09:20,281 [ERROR] LogOutputStream:75 - [STDERR_REDIRECT] [Fatal Error] :1:1: Premature end of file.
2026-09-13 10:09:20,281 [ERROR] LogOutputStream:75 - [STDERR_REDIRECT] 
2026-09-13 10:09:21,282 [ERROR] LogOutputStream:75 - [STDERR_REDIRECT] [Fatal Error] :1:1: Premature end of file.
2026-09-13 10:09:21,282 [ERROR] LogOutputStream:75 - [STDERR_REDIRECT] 
2026-09-13 10:09:22,287 [ERROR] LogOutputStream:75 - [STDERR_REDIRECT] [Fatal Error] :1:1: Premature end of file.
2026-09-13 10:09:22,287 [ERROR] LogOutputStream:75 - [STDERR_REDIRECT] 
2026-09-13 10:09:23,286 [ERROR] LogOutputStream:75 - [STDERR_REDIRECT] [Fatal Error] :1:1: Premature end of file.
2026-09-13 10:09:23,286 [ERROR] LogOutputStream:75 - [STDERR_REDIRECT] 
2026-09-13 10:09:24,289 [ERROR] LogOutputStream:75 - [STDERR_REDIRECT] [Fatal Error] :1:1: Premature end of file.
2026-09-13 10:09:24,289 [ERROR] LogOutputStream:75 - [STDERR_REDIRECT] 
2026-09-13 10:09:25,290 [ERROR] LogOutputStream:75 - [STDERR_REDIRECT] [Fatal Error] :1:1: Premature end of file.
2026-09-13 10:09:25,290 [ERROR] LogOutputStream:75 - [STDERR_REDIRECT] 
2026-09-13 10:09:26,285 [ERROR] LogOutputStream:75 - [STDERR_REDIRECT] [Fatal Error] :1:1: Premature end of file.
2026-09-13 10:09:26,285 [ERROR] LogOutputStream:75 - [STDERR_REDIRECT] 
2026-09-13 10:09:27,283 [ERROR] LogOutputStream:75 - [STDERR_REDIRECT] [Fatal Error] :1:1: Premature end of file.
2026-09-13 10:09:27,283 [ERROR] LogOutputStream:75 - [STDERR_REDIRECT] 
2026-09-13 10:09:28,286 [ERROR] LogOutputStream:75 - [STDERR_REDIRECT] [Fatal Error] :1:1: Premature end of file.
2026-09-13 10:09:28,286 [ERROR] LogOutputStream:75 - [STDERR_REDIRECT] 
2026-09-13 10:09:29,281 [ERROR] LogOutputStream:75 - [STDERR_REDIRECT] [Fatal Error] :1:1: Premature end of file.
2026-09-13 10:09:29,281 [ERROR] LogOutputStream:75 - [STDERR_REDIRECT] 
2026-09-13 10:09:30,283 [ERROR] LogOutputStream:75 - [STDERR_REDIRECT] [Fatal Error] :1:1: Premature end of file.
2026-09-13 10:09:30,283 [ERROR] LogOutputStream:75 - [STDERR_REDIRECT] 
2026-09-13 10:09:31,282 [ERROR] LogOutputStream:75 - [STDERR_REDIRECT] [Fatal Error] :1:1: Premature end of file.
2026-09-13 10:09:31,282 [ERROR] LogOutputStream:75 - [STDERR_REDIRECT] 
2026-09-13 10:09:32,277 [ERROR] LogOutputStream:75 - [STDERR_REDIRECT] [Fatal Error] :1:1: Premature end of file.
2026-09-13 10:09:32,277 [ERROR] LogOutputStream:75 - [STDERR_REDIRECT] 
2026-09-13 10:09:33,281 [ERROR] LogOutputStream:75 - [STDERR_REDIRECT] [Fatal Error] :1:1: Premature end of file.
2026-09-13 10:09:33,281 [ERROR] LogOutputStream:75 - [STDERR_REDIRECT] 
2026-09-13 10:09:34,288 [ERROR] LogOutputStream:75 - [STDERR_REDIRECT] [Fatal Error] :1:1: Premature end of file.
2026-09-13 10:09:34,288 [ERROR] LogOutputStream:75 - [STDERR_REDIRECT] 
2026-09-13 10:09:35,285 [ERROR] LogOutputStream:75 - [STDERR_REDIRECT] [Fatal Error] :1:1: Premature end of file.
2026-09-13 10:09:35,285 [ERROR] LogOutputStream:75 - [STDERR_REDIRECT] 
2026-09-13 10:09:36,283 [ERROR] LogOutputStream:75 - [STDERR_REDIRECT] [Fatal Error] :1:1: Premature end of file.
2026-09-13 10:09:36,283 [ERROR] LogOutputStream:75 - [STDERR_REDIRECT] 
2026-09-13 10:09:37,284 [ERROR] LogOutputStream:75 - [STDERR_REDIRECT] [Fatal Error] :1:1: Premature end of file.
2026-09-13 10:09:37,284 [ERROR] LogOutputStream:75 - [STDERR_REDIRECT] 
2026-09-13 10:09:38,286 [ERROR] LogOutputStream:75 - [STDERR_REDIRECT] [Fatal Error] :1:1: Premature end of file.
2026-09-13 10:09:38,286 [ERROR] LogOutputStream:75 - [STDERR_REDIRECT] 
2026-09-13 10:09:39,283 [ERROR] LogOutputStream:75 - [STDERR_REDIRECT] [Fatal Error] :1:1: Premature end of file.
2026-09-13 10:09:39,283 [ERROR] LogOutputStream:75 - [STDERR_REDIRECT] 
2026-09-13 10:09:40,287 [ERROR] LogOutputStream:75 - [STDERR_REDIRECT] [Fatal Error] :1:1: Premature end of file.
2026-09-13 10:09:40,287 [ERROR] LogOutputStream:75 - [STDERR_REDIRECT] 
2026-09-13 10:09:41,283 [ERROR] LogOutputStream:75 - [STDERR_REDIRECT] [Fatal Error] :1:1: Premature end of file.
2026-09-13 10:09:41,283 [ERROR] LogOutputStream:75 - [STDERR_REDIRECT] 
2026-09-13 10:09:42,280 [ERROR] LogOutputStream:75 - [STDERR_REDIRECT] [Fatal Error] :1:1: Premature end of file.
2026-09-13 10:09:42,280 [ERROR] LogOutputStream:75 - [STDERR_REDIRECT] 
2026-09-13 10:09:43,278 [ERROR] LogOutputStream:75 - [STDERR_REDIRECT] [Fatal Error] :1:1: Premature end of file.
2026-09-13 10:09:43,278 [ERROR] LogOutputStream:75 - [STDERR_REDIRECT] 
2026-09-13 10:09:44,282 [ERROR] LogOutputStream:75 - [STDERR_REDIRECT] [Fatal Error] :1:1: Premature end of file.
2026-09-13 10:09:44,282 [ERROR] LogOutputStream:75 - [STDERR_REDIRECT] 
2026-09-13 10:09:45,279 [ERROR] LogOutputStream:75 - [STDERR_REDIRECT] [Fatal Error] :1:1: Premature end of file.
2026-09-13 10:09:45,279 [ERROR] LogOutputStream:75 - [STDERR_REDIRECT] 
2026-09-13 10:09:46,296 [ERROR] LogOutputStream:75 - [STDERR_REDIRECT] [Fatal Error] :1:1: Premature end of file.
2026-09-13 10:09:46,296 [ERROR] LogOutputStream:75 - [STDERR_REDIRECT] 
2026-09-13 10:09:47,284 [ERROR] LogOutputStream:75 - [STDERR_REDIRECT] [Fatal Error] :1:1: Premature end of file.
2026-09-13 10:09:47,284 [ERROR] LogOutputStream:75 - [STDERR_REDIRECT] 
2026-09-13 10:09:48,287 [ERROR] LogOutputStream:75 - [STDERR_REDIRECT] [Fatal Error] :1:1: Premature end of file.
2026-09-13 10:09:48,287 [ERROR] LogOutputStream:75 - [STDERR_REDIRECT] 
2026-09-13 10:09:49,281 [ERROR] LogOutputStream:75 - [STDERR_REDIRECT] [Fatal Error] :1:1: Premature end of file.
2026-09-13 10:09:49,281 [ERROR] LogOutputStream:75 - [STDERR_REDIRECT] 
2026-09-13 10:09:50,281 [ERROR] LogOutputStream:75 - [STDERR_REDIRECT] [Fatal Error] :1:1: Premature end of file.
2026-09-13 10:09:50,281 [ERROR] LogOutputStream:75 - [STDERR_REDIRECT] 
2026-09-13 10:09:51,283 [ERROR] LogOutputStream:75 - [STDERR_REDIRECT] [Fatal Error] :1:1: Premature end of file.
2026-09-13 10:09:51,283 [ERROR] LogOutputStream:75 - [STDERR_REDIRECT] 
2026-09-13 10:09:52,281 [ERROR] LogOutputStream:75 - [STDERR_REDIRECT] [Fatal Error] :1:1: Premature end of file.
2026-09-13 10:09:52,281 [ERROR] LogOutputStream:75 - [STDERR_REDIRECT] 
2026-09-13 10:09:53,286 [ERROR] LogOutputStream:75 - [STDERR_REDIRECT] [Fatal Error] :1:1: Premature end of file.
2026-09-13 10:09:53,286 [ERROR] LogOutputStream:75 - [STDERR_REDIRECT] 
2026-09-13 10:09:54,280 [ERROR] LogOutputStream:75 - [STDERR_REDIRECT] [Fatal Error] :1:1: Premature end of file.
2026-09-13 10:09:54,280 [ERROR] LogOutputStream:75 - [STDERR_REDIRECT] 
2026-09-13 10:09:55,279 [ERROR] LogOutputStream:75 - [STDERR_REDIRECT] [Fatal Error] :1:1: Premature end of file.
2026-09-13 10:09:55,279 [ERROR] LogOutputStream:75 - [STDERR_REDIRECT] 
2026-09-13 10:09:56,279 [ERROR] LogOutputStream:75 - [STDERR_REDIRECT] [Fatal Error] :1:1: Premature end of file.
2026-09-13 10:09:56,279 [ERROR] LogOutputStream:75 - [STDERR_REDIRECT] 
2026-09-13 10:09:57,279 [ERROR] LogOutputStream:75 - [STDERR_REDIRECT] [Fatal Error] :1:1: Premature end of file.
2026-09-13 10:09:57,279 [ERROR] LogOutputStream:75 - [STDERR_REDIRECT] 
2026-09-13 10:09:58,290 [ERROR] LogOutputStream:75 - [STDERR_REDIRECT] [Fatal Error] :1:1: Premature end of file.
2026-09-13 10:09:58,290 [ERROR] LogOutputStream:75 - [STDERR_REDIRECT] 
2026-09-13 10:09:59,279 [ERROR] LogOutputStream:75 - [STDERR_REDIRECT] [Fatal Error] :1:1: Premature end of file.
2026-09-13 10:09:59,280 [ERROR] LogOutputStream:75 - [STDERR_REDIRECT] 
2026-09-13 10:10:00,280 [ERROR] LogOutputStream:75 - [STDERR_REDIRECT] [Fatal Error] :1:1: Premature end of file.
2026-09-13 10:10:00,280 [ERROR] LogOutputStream:75 - [STDERR_REDIRECT] 
2026-09-13 10:10:01,274 [ERROR] LogOutputStream:75 - [STDERR_REDIRECT] [Fatal Error] :1:1: Premature end of file.
2026-09-13 10:10:01,275 [ERROR] LogOutputStream:75 - [STDERR_REDIRECT] 
2026-09-13 10:10:02,278 [ERROR] LogOutputStream:75 - [STDERR_REDIRECT] [Fatal Error] :1:1: Premature end of file.
2026-09-13 10:10:02,278 [ERROR] LogOutputStream:75 - [STDERR_REDIRECT] 
2026-09-13 10:10:03,283 [ERROR] LogOutputStream:75 - [STDERR_REDIRECT] [Fatal Error] :1:1: Premature end of file.
2026-09-13 10:10:03,283 [ERROR] LogOutputStream:75 - [STDERR_REDIRECT] 
2026-09-13 10:10:04,278 [ERROR] LogOutputStream:75 - [STDERR_REDIRECT] [Fatal Error] :1:1: Premature end of file.
2026-09-13 10:10:04,279 [ERROR] LogOutputStream:75 - [STDERR_REDIRECT] 
2026-09-13 10:10:05,281 [ERROR] LogOutputStream:75 - [STDERR_REDIRECT] [Fatal Error] :1:1: Premature end of file.
2026-09-13 10:10:05,282 [ERROR] LogOutputStream:75 - [STDERR_REDIRECT] 
2026-09-13 10:10:06,280 [ERROR] LogOutputStream:75 - [STDERR_REDIRECT] [Fatal Error] :1:1: Premature end of file.
2026-09-13 10:10:06,280 [ERROR] LogOutputStream:75 - [STDERR_REDIRECT] 
2026-09-13 10:10:07,280 [ERROR] LogOutputStream:75 - [STDERR_REDIRECT] [Fatal Error] :1:1: Premature end of file.
2026-09-13 10:10:07,280 [ERROR] LogOutputStream:75 - [STDERR_REDIRECT] 
2026-09-13 10:10:08,318 [ERROR] LogOutputStream:75 - [STDERR_REDIRECT] [Fatal Error] :1:1: Premature end of file.
2026-09-13 10:10:08,318 [ERROR] LogOutputStream:75 - [STDERR_REDIRECT] 
2026-09-13 10:10:09,291 [ERROR] LogOutputStream:75 - [STDERR_REDIRECT] [Fatal Error] :1:1: Premature end of file.
2026-09-13 10:10:09,291 [ERROR] LogOutputStream:75 - [STDERR_REDIRECT] 
2026-09-13 10:10:10,285 [ERROR] LogOutputStream:75 - [STDERR_REDIRECT] [Fatal Error] :1:1: Premature end of file.
2026-09-13 10:10:10,285 [ERROR] LogOutputStream:75 - [STDERR_REDIRECT] 
2026-09-13 10:10:11,282 [ERROR] LogOutputStream:75 - [STDERR_REDIRECT] [Fatal Error] :1:1: Premature end of file.
2026-09-13 10:10:11,282 [ERROR] LogOutputStream:75 - [STDERR_REDIRECT] 
2026-09-13 10:10:12,281 [ERROR] LogOutputStream:75 - [STDERR_REDIRECT] [Fatal Error] :1:1: Premature end of file.
2026-09-13 10:10:12,281 [ERROR] LogOutputStream:75 - [STDERR_REDIRECT] 
2026-09-13 10:10:13,279 [ERROR] LogOutputStream:75 - [STDERR_REDIRECT] [Fatal Error] :1:1: Premature end of file.
2026-09-13 10:10:13,279 [ERROR] LogOutputStream:75 - [STDERR_REDIRECT] 
2026-09-13 10:10:14,284 [ERROR] LogOutputStream:75 - [STDERR_REDIRECT] [Fatal Error] :1:1: Premature end of file.
2026-09-13 10:10:14,284 [ERROR] LogOutputStream:75 - [STDERR_REDIRECT] 
2026-09-13 10:10:15,286 [ERROR] LogOutputStream:75 - [STDERR_REDIRECT] [Fatal Error] :1:1: Premature end of file.
2026-09-13 10:10:15,286 [ERROR] LogOutputStream:75 - [STDERR_REDIRECT] 
2026-09-13 10:10:16,284 [ERROR] LogOutputStream:75 - [STDERR_REDIRECT] [Fatal Error] :1:1: Premature end of file.
2026-09-13 10:10:16,284 [ERROR] LogOutputStream:75 - [STDERR_REDIRECT] 
2026-09-13 10:10:17,288 [ERROR] LogOutputStream:75 - [STDERR_REDIRECT] [Fatal Error] :1:1: Premature end of file.
2026-09-13 10:10:17,288 [ERROR] LogOutputStream:75 - [STDERR_REDIRECT] 
2026-09-13 10:10:18,282 [ERROR] LogOutputStream:75 - [STDERR_REDIRECT] [Fatal Error] :1:1: Premature end of file.
2026-09-13 10:10:18,282 [ERROR] LogOutputStream:75 - [STDERR_REDIRECT] 
2026-09-13 10:10:19,279 [ERROR] LogOutputStream:75 - [STDERR_REDIRECT] [Fatal Error] :1:1: Premature end of file.
2026-09-13 10:10:19,279 [ERROR] LogOutputStream:75 - [STDERR_REDIRECT] 
2026-09-13 10:10:20,278 [ERROR] LogOutputStream:75 - [STDERR_REDIRECT] [Fatal Error] :1:1: Premature end of file.
2026-09-13 10:10:20,278 [ERROR] LogOutputStream:75 - [STDERR_REDIRECT] 
2026-09-13 10:10:21,284 [ERROR] LogOutputStream:75 - [STDERR_REDIRECT] [Fatal Error] :1:1: Premature end of file.
2026-09-13 10:10:21,284 [ERROR] LogOutputStream:75 - [STDERR_REDIRECT] 
2026-09-13 10:10:22,281 [ERROR] LogOutputStream:75 - [STDERR_REDIRECT] [Fatal Error] :1:1: Premature end of file.
2026-09-13 10:10:22,281 [ERROR] LogOutputStream:75 - [STDERR_REDIRECT] 
2026-09-13 10:10:23,280 [ERROR] LogOutputStream:75 - [STDERR_REDIRECT] [Fatal Error] :1:1: Premature end of file.
2026-09-13 10:10:23,281 [ERROR] LogOutputStream:75 - [STDERR_REDIRECT] 
2026-09-13 10:10:24,279 [ERROR] LogOutputStream:75 - [STDERR_REDIRECT] [Fatal Error] :1:1: Premature end of file.
2026-09-13 10:10:24,279 [ERROR] LogOutputStream:75 - [STDERR_REDIRECT] 
2026-09-13 10:10:25,275 [ERROR] LogOutputStream:75 - [STDERR_REDIRECT] [Fatal Error] :1:1: Premature end of file.
2026-09-13 10:10:25,275 [ERROR] LogOutputStream:75 - [STDERR_REDIRECT] 
2026-09-13 10:10:26,283 [ERROR] LogOutputStream:75 - [STDERR_REDIRECT] [Fatal Error] :1:1: Premature end of file.
2026-09-13 10:10:26,283 [ERROR] LogOutputStream:75 - [STDERR_REDIRECT] 
2026-09-13 10:10:27,283 [ERROR] LogOutputStream:75 - [STDERR_REDIRECT] [Fatal Error] :1:1: Premature end of file.
2026-09-13 10:10:27,284 [ERROR] LogOutputStream:75 - [STDERR_REDIRECT] 
2026-09-13 10:10:28,305 [ERROR] LogOutputStream:75 - [STDERR_REDIRECT] [Fatal Error] :1:1: Premature end of file.
2026-09-13 10:10:28,305 [ERROR] LogOutputStream:75 - [STDERR_REDIRECT] 
2026-09-13 10:10:29,296 [ERROR] LogOutputStream:75 - [STDERR_REDIRECT] [Fatal Error] :1:1: Premature end of file.
2026-09-13 10:10:29,296 [ERROR] LogOutputStream:75 - [STDERR_REDIRECT] 
2026-09-13 10:10:30,283 [ERROR] LogOutputStream:75 - [STDERR_REDIRECT] [Fatal Error] :1:1: Premature end of file.
2026-09-13 10:10:30,283 [ERROR] LogOutputStream:75 - [STDERR_REDIRECT] 
2026-09-13 10:10:31,283 [ERROR] LogOutputStream:75 - [STDERR_REDIRECT] [Fatal Error] :1:1: Premature end of file.
2026-09-13 10:10:31,283 [ERROR] LogOutputStream:75 - [STDERR_REDIRECT] 
2026-09-13 10:10:32,286 [ERROR] LogOutputStream:75 - [STDERR_REDIRECT] [Fatal Error] :1:1: Premature end of file.
2026-09-13 10:10:32,286 [ERROR] LogOutputStream:75 - [STDERR_REDIRECT] 
2026-09-13 10:10:33,283 [ERROR] LogOutputStream:75 - [STDERR_REDIRECT] [Fatal Error] :1:1: Premature end of file.
2026-09-13 10:10:33,284 [ERROR] LogOutputStream:75 - [STDERR_REDIRECT] 
2026-09-13 10:10:34,280 [ERROR] LogOutputStream:75 - [STDERR_REDIRECT] [Fatal Error] :1:1: Premature end of file.
2026-09-13 10:10:34,281 [ERROR] LogOutputStream:75 - [STDERR_REDIRECT] 
2026-09-13 10:10:35,285 [ERROR] LogOutputStream:75 - [STDERR_REDIRECT] [Fatal Error] :1:1: Premature end of file.
2026-09-13 10:10:35,285 [ERROR] LogOutputStream:75 - [STDERR_REDIRECT] 
2026-09-13 10:10:36,284 [ERROR] LogOutputStream:75 - [STDERR_REDIRECT] [Fatal Error] :1:1: Premature end of file.
2026-09-13 10:10:36,284 [ERROR] LogOutputStream:75 - [STDERR_REDIRECT] 
2026-09-13 10:10:37,280 [ERROR] LogOutputStream:75 - [STDERR_REDIRECT] [Fatal Error] :1:1: Premature end of file.
2026-09-13 10:10:37,280 [ERROR] LogOutputStream:75 - [STDERR_REDIRECT] 
2026-09-13 10:10:38,280 [ERROR] LogOutputStream:75 - [STDERR_REDIRECT] [Fatal Error] :1:1: Premature end of file.
2026-09-13 10:10:38,280 [ERROR] LogOutputStream:75 - [STDERR_REDIRECT] 
2026-09-13 10:10:39,279 [ERROR] LogOutputStream:75 - [STDERR_REDIRECT] [Fatal Error] :1:1: Premature end of file.
2026-09-13 10:10:39,279 [ERROR] LogOutputStream:75 - [STDERR_REDIRECT] 
2026-09-13 10:10:40,290 [ERROR] LogOutputStream:75 - [STDERR_REDIRECT] [Fatal Error] :1:1: Premature end of file.
2026-09-13 10:10:40,291 [ERROR] LogOutputStream:75 - [STDERR_REDIRECT] 
2026-09-13 10:10:41,285 [ERROR] LogOutputStream:75 - [STDERR_REDIRECT] [Fatal Error] :1:1: Premature end of file.
2026-09-13 10:10:41,285 [ERROR] LogOutputStream:75 - [STDERR_REDIRECT] 
2026-09-13 10:10:42,280 [ERROR] LogOutputStream:75 - [STDERR_REDIRECT] [Fatal Error] :1:1: Premature end of file.
2026-09-13 10:10:42,281 [ERROR] LogOutputStream:75 - [STDERR_REDIRECT] 
2026-09-13 10:10:43,279 [ERROR] LogOutputStream:75 - [STDERR_REDIRECT] [Fatal Error] :1:1: Premature end of file.
2026-09-13 10:10:43,279 [ERROR] LogOutputStream:75 - [STDERR_REDIRECT] 
2026-09-13 10:10:44,285 [ERROR] LogOutputStream:75 - [STDERR_REDIRECT] [Fatal Error] :1:1: Premature end of file.
2026-09-13 10:10:44,285 [ERROR] LogOutputStream:75 - [STDERR_REDIRECT] 
2026-09-13 10:10:45,281 [ERROR] LogOutputStream:75 - [STDERR_REDIRECT] [Fatal Error] :1:1: Premature end of file.
2026-09-13 10:10:45,282 [ERROR] LogOutputStream:75 - [STDERR_REDIRECT] 
2026-09-13 10:10:46,284 [ERROR] LogOutputStream:75 - [STDERR_REDIRECT] [Fatal Error] :1:1: Premature end of file.
2026-09-13 10:10:46,284 [ERROR] LogOutputStream:75 - [STDERR_REDIRECT] 
2026-09-13 10:10:47,281 [ERROR] LogOutputStream:75 - [STDERR_REDIRECT] [Fatal Error] :1:1: Premature end of file.
2026-09-13 10:10:47,281 [ERROR] LogOutputStream:75 - [STDERR_REDIRECT] 
2026-09-13 10:10:48,282 [ERROR] LogOutputStream:75 - [STDERR_REDIRECT] [Fatal Error] :1:1: Premature end of file.
2026-09-13 10:10:48,282 [ERROR] LogOutputStream:75 - [STDERR_REDIRECT] 
2026-09-13 10:10:49,283 [ERROR] LogOutputStream:75 - [STDERR_REDIRECT] [Fatal Error] :1:1: Premature end of file.
2026-09-13 10:10:49,284 [ERROR] LogOutputStream:75 - [STDERR_REDIRECT] 
2026-09-13 10:10:50,280 [ERROR] LogOutputStream:75 - [STDERR_REDIRECT] [Fatal Error] :1:1: Premature end of file.
2026-09-13 10:10:50,280 [ERROR] LogOutputStream:75 - [STDERR_REDIRECT] 
2026-09-13 10:10:51,280 [ERROR] LogOutputStream:75 - [STDERR_REDIRECT] [Fatal Error] :1:1: Premature end of file.
2026-09-13 10:10:51,280 [ERROR] LogOutputStream:75 - [STDERR_REDIRECT] 
2026-09-13 10:10:52,283 [ERROR] LogOutputStream:75 - [STDERR_REDIRECT] [Fatal Error] :1:1: Premature end of file.
2026-09-13 10:10:52,283 [ERROR] LogOutputStream:75 - [STDERR_REDIRECT] 
2026-09-13 10:10:53,280 [ERROR] LogOutputStream:75 - [STDERR_REDIRECT] [Fatal Error] :1:1: Premature end of file.
2026-09-13 10:10:53,280 [ERROR] LogOutputStream:75 - [STDERR_REDIRECT] 
2026-09-13 10:10:54,279 [ERROR] LogOutputStream:75 - [STDERR_REDIRECT] [Fatal Error] :1:1: Premature end of file.
2026-09-13 10:10:54,279 [ERROR] LogOutputStream:75 - [STDERR_REDIRECT] 
2026-09-13 10:10:55,282 [ERROR] LogOutputStream:75 - [STDERR_REDIRECT] [Fatal Error] :1:1: Premature end of file.
2026-09-13 10:10:55,282 [ERROR] LogOutputStream:75 - [STDERR_REDIRECT] 
2026-09-13 10:10:56,283 [ERROR] LogOutputStream:75 - [STDERR_REDIRECT] [Fatal Error] :1:1: Premature end of file.
2026-09-13 10:10:56,283 [ERROR] LogOutputStream:75 - [STDERR_REDIRECT] 
2026-09-13 10:10:57,283 [ERROR] LogOutputStream:75 - [STDERR_REDIRECT] [Fatal Error] :1:1: Premature end of file.
2026-09-13 10:10:57,283 [ERROR] LogOutputStream:75 - [STDERR_REDIRECT] 
2026-09-13 10:10:58,285 [ERROR] LogOutputStream:75 - [STDERR_REDIRECT] [Fatal Error] :1:1: Premature end of file.
2026-09-13 10:10:58,286 [ERROR] LogOutputStream:75 - [STDERR_REDIRECT] 
2026-09-13 10:10:59,286 [ERROR] LogOutputStream:75 - [STDERR_REDIRECT] [Fatal Error] :1:1: Premature end of file.
2026-09-13 10:10:59,287 [ERROR] LogOutputStream:75 - [STDERR_REDIRECT] 
2026-09-13 10:11:00,284 [ERROR] LogOutputStream:75 - [STDERR_REDIRECT] [Fatal Error] :1:1: Premature end of file.
2026-09-13 10:11:00,284 [ERROR] LogOutputStream:75 - [STDERR_REDIRECT] 
2026-09-13 10:11:01,277 [ERROR] LogOutputStream:75 - [STDERR_REDIRECT] [Fatal Error] :1:1: Premature end of file.
2026-09-13 10:11:01,277 [ERROR] LogOutputStream:75 - [STDERR_REDIRECT] 
2026-09-13 10:11:02,283 [ERROR] LogOutputStream:75 - [STDERR_REDIRECT] [Fatal Error] :1:1: Premature end of file.
2026-09-13 10:11:02,284 [ERROR] LogOutputStream:75 - [STDERR_REDIRECT] 
2026-09-13 10:11:03,278 [ERROR] LogOutputStream:75 - [STDERR_REDIRECT] [Fatal Error] :1:1: Premature end of file.
2026-09-13 10:11:03,278 [ERROR] LogOutputStream:75 - [STDERR_REDIRECT] 
2026-09-13 10:11:04,281 [ERROR] LogOutputStream:75 - [STDERR_REDIRECT] [Fatal Error] :1:1: Premature end of file.
2026-09-13 10:11:04,281 [ERROR] LogOutputStream:75 - [STDERR_REDIRECT] 
2026-09-13 10:11:05,278 [ERROR] LogOutputStream:75 - [STDERR_REDIRECT] [Fatal Error] :1:1: Premature end of file.
2026-09-13 10:11:05,278 [ERROR] LogOutputStream:75 - [STDERR_REDIRECT] 
2026-09-13 10:11:06,281 [ERROR] LogOutputStream:75 - [STDERR_REDIRECT] [Fatal Error] :1:1: Premature end of file.
2026-09-13 10:11:06,281 [ERROR] LogOutputStream:75 - [STDERR_REDIRECT] 
2026-09-13 10:11:07,278 [ERROR] LogOutputStream:75 - [STDERR_REDIRECT] [Fatal Error] :1:1: Premature end of file.
2026-09-13 10:11:07,278 [ERROR] LogOutputStream:75 - [STDERR_REDIRECT] 
2026-09-13 10:11:08,281 [ERROR] LogOutputStream:75 - [STDERR_REDIRECT] [Fatal Error] :1:1: Premature end of file.
2026-09-13 10:11:08,281 [ERROR] LogOutputStream:75 - [STDERR_REDIRECT] 
2026-09-13 10:11:09,282 [ERROR] LogOutputStream:75 - [STDERR_REDIRECT] [Fatal Error] :1:1: Premature end of file.
2026-09-13 10:11:09,282 [ERROR] LogOutputStream:75 - [STDERR_REDIRECT] 
2026-09-13 10:11:10,287 [ERROR] LogOutputStream:75 - [STDERR_REDIRECT] [Fatal Error] :1:1: Premature end of file.
2026-09-13 10:11:10,287 [ERROR] LogOutputStream:75 - [STDERR_REDIRECT] 
2026-09-13 10:11:11,287 [ERROR] LogOutputStream:75 - [STDERR_REDIRECT] [Fatal Error] :1:1: Premature end of file.
2026-09-13 10:11:11,287 [ERROR] LogOutputStream:75 - [STDERR_REDIRECT] 
2026-09-13 10:11:12,279 [ERROR] LogOutputStream:75 - [STDERR_REDIRECT] [Fatal Error] :1:1: Premature end of file.
2026-09-13 10:11:12,279 [ERROR] LogOutputStream:75 - [STDERR_REDIRECT] 
2026-09-13 10:11:13,287 [ERROR] LogOutputStream:75 - [STDERR_REDIRECT] [Fatal Error] :1:1: Premature end of file.
2026-09-13 10:11:13,287 [ERROR] LogOutputStream:75 - [STDERR_REDIRECT] 
2026-09-13 10:11:14,282 [ERROR] LogOutputStream:75 - [STDERR_REDIRECT] [Fatal Error] :1:1: Premature end of file.
2026-09-13 10:11:14,282 [ERROR] LogOutputStream:75 - [STDERR_REDIRECT] 
2026-09-13 10:11:15,279 [ERROR] LogOutputStream:75 - [STDERR_REDIRECT] [Fatal Error] :1:1: Premature end of file.
2026-09-13 10:11:15,279 [ERROR] LogOutputStream:75 - [STDERR_REDIRECT] 
2026-09-13 10:11:16,281 [ERROR] LogOutputStream:75 - [STDERR_REDIRECT] [Fatal Error] :1:1: Premature end of file.
2026-09-13 10:11:16,281 [ERROR] LogOutputStream:75 - [STDERR_REDIRECT] 
2026-09-13 10:11:17,282 [ERROR] LogOutputStream:75 - [STDERR_REDIRECT] [Fatal Error] :1:1: Premature end of file.
2026-09-13 10:11:17,282 [ERROR] LogOutputStream:75 - [STDERR_REDIRECT] 
2026-09-13 10:11:18,279 [ERROR] LogOutputStream:75 - [STDERR_REDIRECT] [Fatal Error] :1:1: Premature end of file.
2026-09-13 10:11:18,279 [ERROR] LogOutputStream:75 - [STDERR_REDIRECT] 
2026-09-13 10:11:19,282 [ERROR] LogOutputStream:75 - [STDERR_REDIRECT] [Fatal Error] :1:1: Premature end of file.
2026-09-13 10:11:19,282 [ERROR] LogOutputStream:75 - [STDERR_REDIRECT] 
2026-09-13 10:11:20,283 [ERROR] LogOutputStream:75 - [STDERR_REDIRECT] [Fatal Error] :1:1: Premature end of file.
2026-09-13 10:11:20,283 [ERROR] LogOutputStream:75 - [STDERR_REDIRECT] 
2026-09-13 10:11:21,284 [ERROR] LogOutputStream:75 - [STDERR_REDIRECT] [Fatal Error] :1:1: Premature end of file.
2026-09-13 10:11:21,284 [ERROR] LogOutputStream:75 - [STDERR_REDIRECT] 
2026-09-13 10:11:22,281 [ERROR] LogOutputStream:75 - [STDERR_REDIRECT] [Fatal Error] :1:1: Premature end of file.
2026-09-13 10:11:22,281 [ERROR] LogOutputStream:75 - [STDERR_REDIRECT] 
2026-09-13 10:11:23,279 [ERROR] LogOutputStream:75 - [STDERR_REDIRECT] [Fatal Error] :1:1: Premature end of file.
2026-09-13 10:11:23,279 [ERROR] LogOutputStream:75 - [STDERR_REDIRECT] 
2026-09-13 10:11:24,283 [ERROR] LogOutputStream:75 - [STDERR_REDIRECT] [Fatal Error] :1:1: Premature end of file.
2026-09-13 10:11:24,283 [ERROR] LogOutputStream:75 - [STDERR_REDIRECT] 
2026-09-13 10:11:25,290 [ERROR] LogOutputStream:75 - [STDERR_REDIRECT] [Fatal Error] :1:1: Premature end of file.
2026-09-13 10:11:25,291 [ERROR] LogOutputStream:75 - [STDERR_REDIRECT] 
2026-09-13 10:11:26,284 [ERROR] LogOutputStream:75 - [STDERR_REDIRECT] [Fatal Error] :1:1: Premature end of file.
2026-09-13 10:11:26,284 [ERROR] LogOutputStream:75 - [STDERR_REDIRECT] 
2026-09-13 10:11:27,287 [ERROR] LogOutputStream:75 - [STDERR_REDIRECT] [Fatal Error] :1:1: Premature end of file.
2026-09-13 10:11:27,287 [ERROR] LogOutputStream:75 - [STDERR_REDIRECT] 
2026-09-13 10:11:28,280 [ERROR] LogOutputStream:75 - [STDERR_REDIRECT] [Fatal Error] :1:1: Premature end of file.
2026-09-13 10:11:28,280 [ERROR] LogOutputStream:75 - [STDERR_REDIRECT] 
2026-09-13 10:11:29,281 [ERROR] LogOutputStream:75 - [STDERR_REDIRECT] [Fatal Error] :1:1: Premature end of file.
2026-09-13 10:11:29,282 [ERROR] LogOutputStream:75 - [STDERR_REDIRECT] 
2026-09-13 10:11:30,280 [ERROR] LogOutputStream:75 - [STDERR_REDIRECT] [Fatal Error] :1:1: Premature end of file.
2026-09-13 10:11:30,280 [ERROR] LogOutputStream:75 - [STDERR_REDIRECT] 
2026-09-13 10:11:31,297 [ERROR] LogOutputStream:75 - [STDERR_REDIRECT] [Fatal Error] :1:1: Premature end of file.
2026-09-13 10:11:31,297 [ERROR] LogOutputStream:75 - [STDERR_REDIRECT] 
2026-09-13 10:11:32,279 [ERROR] LogOutputStream:75 - [STDERR_REDIRECT] [Fatal Error] :1:1: Premature end of file.
2026-09-13 10:11:32,279 [ERROR] LogOutputStream:75 - [STDERR_REDIRECT] 
2026-09-13 10:11:33,285 [ERROR] LogOutputStream:75 - [STDERR_REDIRECT] [Fatal Error] :1:1: Premature end of file.
2026-09-13 10:11:33,285 [ERROR] LogOutputStream:75 - [STDERR_REDIRECT] 
2026-09-13 10:11:34,288 [ERROR] LogOutputStream:75 - [STDERR_REDIRECT] [Fatal Error] :1:1: Premature end of file.
2026-09-13 10:11:34,288 [ERROR] LogOutputStream:75 - [STDERR_REDIRECT] 
2026-09-13 10:11:35,292 [ERROR] LogOutputStream:75 - [STDERR_REDIRECT] [Fatal Error] :1:1: Premature end of file.
2026-09-13 10:11:35,293 [ERROR] LogOutputStream:75 - [STDERR_REDIRECT] 
2026-09-13 10:11:36,280 [ERROR] LogOutputStream:75 - [STDERR_REDIRECT] [Fatal Error] :1:1: Premature end of file.
2026-09-13 10:11:36,280 [ERROR] LogOutputStream:75 - [STDERR_REDIRECT] 
2026-09-13 10:11:37,286 [ERROR] LogOutputStream:75 - [STDERR_REDIRECT] [Fatal Error] :1:1: Premature end of file.
2026-09-13 10:11:37,286 [ERROR] LogOutputStream:75 - [STDERR_REDIRECT] 
2026-09-13 10:11:38,286 [ERROR] LogOutputStream:75 - [STDERR_REDIRECT] [Fatal Error] :1:1: Premature end of file.
2026-09-13 10:11:38,286 [ERROR] LogOutputStream:75 - [STDERR_REDIRECT] 
2026-09-13 10:11:39,279 [ERROR] LogOutputStream:75 - [STDERR_REDIRECT] [Fatal Error] :1:1: Premature end of file.
2026-09-13 10:11:39,279 [ERROR] LogOutputStream:75 - [STDERR_REDIRECT] 
2026-09-13 10:11:40,280 [ERROR] LogOutputStream:75 - [STDERR_REDIRECT] [Fatal Error] :1:1: Premature end of file.
2026-09-13 10:11:40,280 [ERROR] LogOutputStream:75 - [STDERR_REDIRECT] 
2026-09-13 10:11:41,292 [ERROR] LogOutputStream:75 - [STDERR_REDIRECT] [Fatal Error] :1:1: Premature end of file.
2026-09-13 10:11:41,292 [ERROR] LogOutputStream:75 - [STDERR_REDIRECT] 
2026-09-13 10:11:42,284 [ERROR] LogOutputStream:75 - [STDERR_REDIRECT] [Fatal Error] :1:1: Premature end of file.
2026-09-13 10:11:42,284 [ERROR] LogOutputStream:75 - [STDERR_REDIRECT] 
2026-09-13 10:11:43,282 [ERROR] LogOutputStream:75 - [STDERR_REDIRECT] [Fatal Error] :1:1: Premature end of file.
2026-09-13 10:11:43,282 [ERROR] LogOutputStream:75 - [STDERR_REDIRECT] 
2026-09-13 10:11:44,283 [ERROR] LogOutputStream:75 - [STDERR_REDIRECT] [Fatal Error] :1:1: Premature end of file.
2026-09-13 10:11:44,283 [ERROR] LogOutputStream:75 - [STDERR_REDIRECT] 
2026-09-13 10:11:45,286 [ERROR] LogOutputStream:75 - [STDERR_REDIRECT] [Fatal Error] :1:1: Premature end of file.
2026-09-13 10:11:45,287 [ERROR] LogOutputStream:75 - [STDERR_REDIRECT] 
2026-09-13 10:11:46,284 [ERROR] LogOutputStream:75 - [STDERR_REDIRECT] [Fatal Error] :1:1: Premature end of file.
2026-09-13 10:11:46,284 [ERROR] LogOutputStream:75 - [STDERR_REDIRECT] 
2026-09-13 10:11:47,279 [ERROR] LogOutputStream:75 - [STDERR_REDIRECT] [Fatal Error] :1:1: Premature end of file.
2026-09-13 10:11:47,279 [ERROR] LogOutputStream:75 - [STDERR_REDIRECT] 
2026-09-13 10:11:48,281 [ERROR] LogOutputStream:75 - [STDERR_REDIRECT] [Fatal Error] :1:1: Premature end of file.
2026-09-13 10:11:48,281 [ERROR] LogOutputStream:75 - [STDERR_REDIRECT] 
2026-09-13 10:11:49,278 [ERROR] LogOutputStream:75 - [STDERR_REDIRECT] [Fatal Error] :1:1: Premature end of file.
2026-09-13 10:11:49,278 [ERROR] LogOutputStream:75 - [STDERR_REDIRECT] 
2026-09-13 10:11:50,283 [ERROR] LogOutputStream:75 - [STDERR_REDIRECT] [Fatal Error] :1:1: Premature end of file.
2026-09-13 10:11:50,283 [ERROR] LogOutputStream:75 - [STDERR_REDIRECT] 
2026-09-13 10:11:51,282 [ERROR] LogOutputStream:75 - [STDERR_REDIRECT] [Fatal Error] :1:1: Premature end of file.
2026-09-13 10:11:51,284 [ERROR] LogOutputStream:75 - [STDERR_REDIRECT] 
2026-09-13 10:11:52,280 [ERROR] LogOutputStream:75 - [STDERR_REDIRECT] [Fatal Error] :1:1: Premature end of file.
2026-09-13 10:11:52,280 [ERROR] LogOutputStream:75 - [STDERR_REDIRECT] 
2026-09-13 10:11:53,288 [ERROR] LogOutputStream:75 - [STDERR_REDIRECT] [Fatal Error] :1:1: Premature end of file.
2026-09-13 10:11:53,288 [ERROR] LogOutputStream:75 - [STDERR_REDIRECT] 
2026-09-13 10:11:54,290 [ERROR] LogOutputStream:75 - [STDERR_REDIRECT] [Fatal Error] :1:1: Premature end of file.
2026-09-13 10:11:54,290 [ERROR] LogOutputStream:75 - [STDERR_REDIRECT] 
2026-09-13 10:11:55,281 [ERROR] LogOutputStream:75 - [STDERR_REDIRECT] [Fatal Error] :1:1: Premature end of file.
2026-09-13 10:11:55,281 [ERROR] LogOutputStream:75 - [STDERR_REDIRECT] 
2026-09-13 10:11:56,285 [ERROR] LogOutputStream:75 - [STDERR_REDIRECT] [Fatal Error] :1:1: Premature end of file.
2026-09-13 10:11:56,285 [ERROR] LogOutputStream:75 - [STDERR_REDIRECT] 
2026-09-13 10:11:57,281 [ERROR] LogOutputStream:75 - [STDERR_REDIRECT] [Fatal Error] :1:1: Premature end of file.
2026-09-13 10:11:57,281 [ERROR] LogOutputStream:75 - [STDERR_REDIRECT] 
2026-09-13 10:11:58,282 [ERROR] LogOutputStream:75 - [STDERR_REDIRECT] [Fatal Error] :1:1: Premature end of file.
2026-09-13 10:11:58,282 [ERROR] LogOutputStream:75 - [STDERR_REDIRECT] 
2026-09-13 10:11:59,281 [ERROR] LogOutputStream:75 - [STDERR_REDIRECT] [Fatal Error] :1:1: Premature end of file.
2026-09-13 10:11:59,281 [ERROR] LogOutputStream:75 - [STDERR_REDIRECT] 
2026-09-13 10:12:00,284 [ERROR] LogOutputStream:75 - [STDERR_REDIRECT] [Fatal Error] :1:1: Premature end of file.
2026-09-13 10:12:00,284 [ERROR] LogOutputStream:75 - [STDERR_REDIRECT] 
2026-09-13 10:12:01,280 [ERROR] LogOutputStream:75 - [STDERR_REDIRECT] [Fatal Error] :1:1: Premature end of file.
2026-09-13 10:12:01,281 [ERROR] LogOutputStream:75 - [STDERR_REDIRECT] 
2026-09-13 10:12:02,282 [ERROR] LogOutputStream:75 - [STDERR_REDIRECT] [Fatal Error] :1:1: Premature end of file.
2026-09-13 10:12:02,283 [ERROR] LogOutputStream:75 - [STDERR_REDIRECT] 
2026-09-13 10:12:03,286 [ERROR] LogOutputStream:75 - [STDERR_REDIRECT] [Fatal Error] :1:1: Premature end of file.
2026-09-13 10:12:03,286 [ERROR] LogOutputStream:75 - [STDERR_REDIRECT] 
2026-09-13 10:12:04,286 [ERROR] LogOutputStream:75 - [STDERR_REDIRECT] [Fatal Error] :1:1: Premature end of file.
2026-09-13 10:12:04,286 [ERROR] LogOutputStream:75 - [STDERR_REDIRECT] 
2026-09-13 10:12:05,286 [ERROR] LogOutputStream:75 - [STDERR_REDIRECT] [Fatal Error] :1:1: Premature end of file.
2026-09-13 10:12:05,286 [ERROR] LogOutputStream:75 - [STDERR_REDIRECT] 
2026-09-13 10:12:06,289 [ERROR] LogOutputStream:75 - [STDERR_REDIRECT] [Fatal Error] :1:1: Premature end of file.
2026-09-13 10:12:06,289 [ERROR] LogOutputStream:75 - [STDERR_REDIRECT] 
2026-09-13 10:12:07,280 [ERROR] LogOutputStream:75 - [STDERR_REDIRECT] [Fatal Error] :1:1: Premature end of file.
2026-09-13 10:12:07,280 [ERROR] LogOutputStream:75 - [STDERR_REDIRECT] 
2026-09-13 10:12:08,281 [ERROR] LogOutputStream:75 - [STDERR_REDIRECT] [Fatal Error] :1:1: Premature end of file.
2026-09-13 10:12:08,281 [ERROR] LogOutputStream:75 - [STDERR_REDIRECT] 
2026-09-13 10:12:09,285 [ERROR] LogOutputStream:75 - [STDERR_REDIRECT] [Fatal Error] :1:1: Premature end of file.
2026-09-13 10:12:09,285 [ERROR] LogOutputStream:75 - [STDERR_REDIRECT] 
2026-09-13 10:12:10,283 [ERROR] LogOutputStream:75 - [STDERR_REDIRECT] [Fatal Error] :1:1: Premature end of file.
2026-09-13 10:12:10,283 [ERROR] LogOutputStream:75 - [STDERR_REDIRECT] 
2026-09-13 10:12:11,283 [ERROR] LogOutputStream:75 - [STDERR_REDIRECT] [Fatal Error] :1:1: Premature end of file.
2026-09-13 10:12:11,283 [ERROR] LogOutputStream:75 - [STDERR_REDIRECT] 
2026-09-13 10:12:12,283 [ERROR] LogOutputStream:75 - [STDERR_REDIRECT] [Fatal Error] :1:1: Premature end of file.
2026-09-13 10:12:12,283 [ERROR] LogOutputStream:75 - [STDERR_REDIRECT] 
2026-09-13 10:12:13,283 [ERROR] LogOutputStream:75 - [STDERR_REDIRECT] [Fatal Error] :1:1: Premature end of file.
2026-09-13 10:12:13,283 [ERROR] LogOutputStream:75 - [STDERR_REDIRECT] 
2026-09-13 10:12:14,284 [ERROR] LogOutputStream:75 - [STDERR_REDIRECT] [Fatal Error] :1:1: Premature end of file.
2026-09-13 10:12:14,284 [ERROR] LogOutputStream:75 - [STDERR_REDIRECT] 
2026-09-13 10:12:15,282 [ERROR] LogOutputStream:75 - [STDERR_REDIRECT] [Fatal Error] :1:1: Premature end of file.
2026-09-13 10:12:15,282 [ERROR] LogOutputStream:75 - [STDERR_REDIRECT] 
2026-09-13 10:12:16,279 [ERROR] LogOutputStream:75 - [STDERR_REDIRECT] [Fatal Error] :1:1: Premature end of file.
2026-09-13 10:12:16,279 [ERROR] LogOutputStream:75 - [STDERR_REDIRECT] 
2026-09-13 10:12:17,281 [ERROR] LogOutputStream:75 - [STDERR_REDIRECT] [Fatal Error] :1:1: Premature end of file.
2026-09-13 10:12:17,281 [ERROR] LogOutputStream:75 - [STDERR_REDIRECT] 
2026-09-13 10:12:18,285 [ERROR] LogOutputStream:75 - [STDERR_REDIRECT] [Fatal Error] :1:1: Premature end of file.
2026-09-13 10:12:18,285 [ERROR] LogOutputStream:75 - [STDERR_REDIRECT] 
2026-09-13 10:12:19,284 [ERROR] LogOutputStream:75 - [STDERR_REDIRECT] [Fatal Error] :1:1: Premature end of file.
2026-09-13 10:12:19,284 [ERROR] LogOutputStream:75 - [STDERR_REDIRECT] 
2026-09-13 10:12:20,283 [ERROR] LogOutputStream:75 - [STDERR_REDIRECT] [Fatal Error] :1:1: Premature end of file.
2026-09-13 10:12:20,283 [ERROR] LogOutputStream:75 - [STDERR_REDIRECT] 
2026-09-13 10:12:21,291 [ERROR] LogOutputStream:75 - [STDERR_REDIRECT] [Fatal Error] :1:1: Premature end of file.
2026-09-13 10:12:21,291 [ERROR] LogOutputStream:75 - [STDERR_REDIRECT] 
2026-09-13 10:12:22,282 [ERROR] LogOutputStream:75 - [STDERR_REDIRECT] [Fatal Error] :1:1: Premature end of file.
2026-09-13 10:12:22,284 [ERROR] LogOutputStream:75 - [STDERR_REDIRECT] 
2026-09-13 10:12:23,294 [ERROR] LogOutputStream:75 - [STDERR_REDIRECT] [Fatal Error] :1:1: Premature end of file.
2026-09-13 10:12:23,294 [ERROR] LogOutputStream:75 - [STDERR_REDIRECT] 
2026-09-13 10:12:24,288 [ERROR] LogOutputStream:75 - [STDERR_REDIRECT] [Fatal Error] :1:1: Premature end of file.
2026-09-13 10:12:24,288 [ERROR] LogOutputStream:75 - [STDERR_REDIRECT] 
2026-09-13 10:12:25,283 [ERROR] LogOutputStream:75 - [STDERR_REDIRECT] [Fatal Error] :1:1: Premature end of file.
2026-09-13 10:12:25,283 [ERROR] LogOutputStream:75 - [STDERR_REDIRECT] 
2026-09-13 10:12:26,283 [ERROR] LogOutputStream:75 - [STDERR_REDIRECT] [Fatal Error] :1:1: Premature end of file.
2026-09-13 10:12:26,284 [ERROR] LogOutputStream:75 - [STDERR_REDIRECT] 
2026-09-13 10:12:27,287 [ERROR] LogOutputStream:75 - [STDERR_REDIRECT] [Fatal Error] :1:1: Premature end of file.
2026-09-13 10:12:27,287 [ERROR] LogOutputStream:75 - [STDERR_REDIRECT] 
2026-09-13 10:12:28,273 [ERROR] LogOutputStream:75 - [STDERR_REDIRECT] [Fatal Error] :1:1: Premature end of file.
2026-09-13 10:12:28,273 [ERROR] LogOutputStream:75 - [STDERR_REDIRECT] 
2026-09-13 10:12:29,284 [ERROR] LogOutputStream:75 - [STDERR_REDIRECT] [Fatal Error] :1:1: Premature end of file.
2026-09-13 10:12:29,285 [ERROR] LogOutputStream:75 - [STDERR_REDIRECT] 
2026-09-13 10:12:30,284 [ERROR] LogOutputStream:75 - [STDERR_REDIRECT] [Fatal Error] :1:1: Premature end of file.
2026-09-13 10:12:30,284 [ERROR] LogOutputStream:75 - [STDERR_REDIRECT] 
2026-09-13 10:12:31,281 [ERROR] LogOutputStream:75 - [STDERR_REDIRECT] [Fatal Error] :1:1: Premature end of file.
2026-09-13 10:12:31,281 [ERROR] LogOutputStream:75 - [STDERR_REDIRECT] 
2026-09-13 10:12:32,285 [ERROR] LogOutputStream:75 - [STDERR_REDIRECT] [Fatal Error] :1:1: Premature end of file.
2026-09-13 10:12:32,285 [ERROR] LogOutputStream:75 - [STDERR_REDIRECT] 
2026-09-13 10:12:33,292 [ERROR] LogOutputStream:75 - [STDERR_REDIRECT] [Fatal Error] :1:1: Premature end of file.
2026-09-13 10:12:33,293 [ERROR] LogOutputStream:75 - [STDERR_REDIRECT] 
2026-09-13 10:12:34,283 [ERROR] LogOutputStream:75 - [STDERR_REDIRECT] [Fatal Error] :1:1: Premature end of file.
2026-09-13 10:12:34,283 [ERROR] LogOutputStream:75 - [STDERR_REDIRECT] 
2026-09-13 10:12:35,289 [ERROR] LogOutputStream:75 - [STDERR_REDIRECT] [Fatal Error] :1:1: Premature end of file.
2026-09-13 10:12:35,289 [ERROR] LogOutputStream:75 - [STDERR_REDIRECT] 
2026-09-13 10:12:36,282 [ERROR] LogOutputStream:75 - [STDERR_REDIRECT] [Fatal Error] :1:1: Premature end of file.
2026-09-13 10:12:36,282 [ERROR] LogOutputStream:75 - [STDERR_REDIRECT] 
2026-09-13 10:12:37,287 [ERROR] LogOutputStream:75 - [STDERR_REDIRECT] [Fatal Error] :1:1: Premature end of file.
2026-09-13 10:12:37,287 [ERROR] LogOutputStream:75 - [STDERR_REDIRECT] 
2026-09-13 10:12:38,283 [ERROR] LogOutputStream:75 - [STDERR_REDIRECT] [Fatal Error] :1:1: Premature end of file.
2026-09-13 10:12:38,285 [ERROR] LogOutputStream:75 - [STDERR_REDIRECT] 
2026-09-13 10:12:39,284 [ERROR] LogOutputStream:75 - [STDERR_REDIRECT] [Fatal Error] :1:1: Premature end of file.
2026-09-13 10:12:39,284 [ERROR] LogOutputStream:75 - [STDERR_REDIRECT] 
2026-09-13 10:12:40,284 [ERROR] LogOutputStream:75 - [STDERR_REDIRECT] [Fatal Error] :1:1: Premature end of file.
2026-09-13 10:12:40,284 [ERROR] LogOutputStream:75 - [STDERR_REDIRECT] 
2026-09-13 10:12:41,287 [ERROR] LogOutputStream:75 - [STDERR_REDIRECT] [Fatal Error] :1:1: Premature end of file.
2026-09-13 10:12:41,287 [ERROR] LogOutputStream:75 - [STDERR_REDIRECT] 
2026-09-13 10:12:42,287 [ERROR] LogOutputStream:75 - [STDERR_REDIRECT] [Fatal Error] :1:1: Premature end of file.
2026-09-13 10:12:42,287 [ERROR] LogOutputStream:75 - [STDERR_REDIRECT] 
2026-09-13 10:12:43,283 [ERROR] LogOutputStream:75 - [STDERR_REDIRECT] [Fatal Error] :1:1: Premature end of file.
2026-09-13 10:12:43,283 [ERROR] LogOutputStream:75 - [STDERR_REDIRECT] 
2026-09-13 10:12:44,281 [ERROR] LogOutputStream:75 - [STDERR_REDIRECT] [Fatal Error] :1:1: Premature end of file.
2026-09-13 10:12:44,281 [ERROR] LogOutputStream:75 - [STDERR_REDIRECT] 
2026-09-13 10:12:45,285 [ERROR] LogOutputStream:75 - [STDERR_REDIRECT] [Fatal Error] :1:1: Premature end of file.
2026-09-13 10:12:45,285 [ERROR] LogOutputStream:75 - [STDERR_REDIRECT] 
2026-09-13 10:12:46,281 [ERROR] LogOutputStream:75 - [STDERR_REDIRECT] [Fatal Error] :1:1: Premature end of file.
2026-09-13 10:12:46,281 [ERROR] LogOutputStream:75 - [STDERR_REDIRECT] 
2026-09-13 10:12:47,291 [ERROR] LogOutputStream:75 - [STDERR_REDIRECT] [Fatal Error] :1:1: Premature end of file.
2026-09-13 10:12:47,291 [ERROR] LogOutputStream:75 - [STDERR_REDIRECT] 
2026-09-13 10:12:48,284 [ERROR] LogOutputStream:75 - [STDERR_REDIRECT] [Fatal Error] :1:1: Premature end of file.
2026-09-13 10:12:48,285 [ERROR] LogOutputStream:75 - [STDERR_REDIRECT] 
2026-09-13 10:12:49,279 [ERROR] LogOutputStream:75 - [STDERR_REDIRECT] [Fatal Error] :1:1: Premature end of file.
2026-09-13 10:12:49,279 [ERROR] LogOutputStream:75 - [STDERR_REDIRECT] 
2026-09-13 10:12:50,283 [ERROR] LogOutputStream:75 - [STDERR_REDIRECT] [Fatal Error] :1:1: Premature end of file.
2026-09-13 10:12:50,283 [ERROR] LogOutputStream:75 - [STDERR_REDIRECT] 
2026-09-13 10:12:51,284 [ERROR] LogOutputStream:75 - [STDERR_REDIRECT] [Fatal Error] :1:1: Premature end of file.
2026-09-13 10:12:51,285 [ERROR] LogOutputStream:75 - [STDERR_REDIRECT] 
2026-09-13 10:12:52,280 [ERROR] LogOutputStream:75 - [STDERR_REDIRECT] [Fatal Error] :1:1: Premature end of file.
2026-09-13 10:12:52,281 [ERROR] LogOutputStream:75 - [STDERR_REDIRECT] 
2026-09-13 10:12:53,292 [ERROR] LogOutputStream:75 - [STDERR_REDIRECT] [Fatal Error] :1:1: Premature end of file.
2026-09-13 10:12:53,292 [ERROR] LogOutputStream:75 - [STDERR_REDIRECT] 
2026-09-13 10:12:54,281 [ERROR] LogOutputStream:75 - [STDERR_REDIRECT] [Fatal Error] :1:1: Premature end of file.
2026-09-13 10:12:54,281 [ERROR] LogOutputStream:75 - [STDERR_REDIRECT] 
2026-09-13 10:12:55,284 [ERROR] LogOutputStream:75 - [STDERR_REDIRECT] [Fatal Error] :1:1: Premature end of file.
2026-09-13 10:12:55,284 [ERROR] LogOutputStream:75 - [STDERR_REDIRECT] 
2026-09-13 10:12:56,290 [ERROR] LogOutputStream:75 - [STDERR_REDIRECT] [Fatal Error] :1:1: Premature end of file.
2026-09-13 10:12:56,291 [ERROR] LogOutputStream:75 - [STDERR_REDIRECT] 
2026-09-13 10:12:57,279 [ERROR] LogOutputStream:75 - [STDERR_REDIRECT] [Fatal Error] :1:1: Premature end of file.
2026-09-13 10:12:57,279 [ERROR] LogOutputStream:75 - [STDERR_REDIRECT] 
2026-09-13 10:12:58,285 [ERROR] LogOutputStream:75 - [STDERR_REDIRECT] [Fatal Error] :1:1: Premature end of file.
2026-09-13 10:12:58,285 [ERROR] LogOutputStream:75 - [STDERR_REDIRECT] 
2026-09-13 10:12:59,281 [ERROR] LogOutputStream:75 - [STDERR_REDIRECT] [Fatal Error] :1:1: Premature end of file.
2026-09-13 10:12:59,281 [ERROR] LogOutputStream:75 - [STDERR_REDIRECT] 
2026-09-13 10:13:00,282 [ERROR] LogOutputStream:75 - [STDERR_REDIRECT] [Fatal Error] :1:1: Premature end of file.
2026-09-13 10:13:00,282 [ERROR] LogOutputStream:75 - [STDERR_REDIRECT] 
2026-09-13 10:13:01,281 [ERROR] LogOutputStream:75 - [STDERR_REDIRECT] [Fatal Error] :1:1: Premature end of file.
2026-09-13 10:13:01,281 [ERROR] LogOutputStream:75 - [STDERR_REDIRECT] 
2026-09-13 10:13:02,285 [ERROR] LogOutputStream:75 - [STDERR_REDIRECT] [Fatal Error] :1:1: Premature end of file.
2026-09-13 10:13:02,285 [ERROR] LogOutputStream:75 - [STDERR_REDIRECT] 
2026-09-13 10:13:03,282 [ERROR] LogOutputStream:75 - [STDERR_REDIRECT] [Fatal Error] :1:1: Premature end of file.
2026-09-13 10:13:03,282 [ERROR] LogOutputStream:75 - [STDERR_REDIRECT] 
2026-09-13 10:13:04,282 [ERROR] LogOutputStream:75 - [STDERR_REDIRECT] [Fatal Error] :1:1: Premature end of file.
2026-09-13 10:13:04,282 [ERROR] LogOutputStream:75 - [STDERR_REDIRECT] 
2026-09-13 10:13:05,294 [ERROR] LogOutputStream:75 - [STDERR_REDIRECT] [Fatal Error] :1:1: Premature end of file.
2026-09-13 10:13:05,294 [ERROR] LogOutputStream:75 - [STDERR_REDIRECT] 
2026-09-13 10:13:06,282 [ERROR] LogOutputStream:75 - [STDERR_REDIRECT] [Fatal Error] :1:1: Premature end of file.
2026-09-13 10:13:06,282 [ERROR] LogOutputStream:75 - [STDERR_REDIRECT] 
2026-09-13 10:13:07,279 [ERROR] LogOutputStream:75 - [STDERR_REDIRECT] [Fatal Error] :1:1: Premature end of file.
2026-09-13 10:13:07,280 [ERROR] LogOutputStream:75 - [STDERR_REDIRECT] 
2026-09-13 10:13:08,280 [ERROR] LogOutputStream:75 - [STDERR_REDIRECT] [Fatal Error] :1:1: Premature end of file.
2026-09-13 10:13:08,280 [ERROR] LogOutputStream:75 - [STDERR_REDIRECT] 
2026-09-13 10:13:09,280 [ERROR] LogOutputStream:75 - [STDERR_REDIRECT] [Fatal Error] :1:1: Premature end of file.
2026-09-13 10:13:09,280 [ERROR] LogOutputStream:75 - [STDERR_REDIRECT] 
2026-09-13 10:13:10,281 [ERROR] LogOutputStream:75 - [STDERR_REDIRECT] [Fatal Error] :1:1: Premature end of file.
2026-09-13 10:13:10,281 [ERROR] LogOutputStream:75 - [STDERR_REDIRECT] 
2026-09-13 10:13:11,285 [ERROR] LogOutputStream:75 - [STDERR_REDIRECT] [Fatal Error] :1:1: Premature end of file.
2026-09-13 10:13:11,285 [ERROR] LogOutputStream:75 - [STDERR_REDIRECT] 
2026-09-13 10:13:12,281 [ERROR] LogOutputStream:75 - [STDERR_REDIRECT] [Fatal Error] :1:1: Premature end of file.
2026-09-13 10:13:12,281 [ERROR] LogOutputStream:75 - [STDERR_REDIRECT] 
2026-09-13 10:13:13,285 [ERROR] LogOutputStream:75 - [STDERR_REDIRECT] [Fatal Error] :1:1: Premature end of file.
2026-09-13 10:13:13,285 [ERROR] LogOutputStream:75 - [STDERR_REDIRECT] 
2026-09-13 10:13:14,280 [ERROR] LogOutputStream:75 - [STDERR_REDIRECT] [Fatal Error] :1:1: Premature end of file.
2026-09-13 10:13:14,280 [ERROR] LogOutputStream:75 - [STDERR_REDIRECT] 
2026-09-13 10:13:15,282 [ERROR] LogOutputStream:75 - [STDERR_REDIRECT] [Fatal Error] :1:1: Premature end of file.
2026-09-13 10:13:15,282 [ERROR] LogOutputStream:75 - [STDERR_REDIRECT] 
2026-09-13 10:13:16,291 [ERROR] LogOutputStream:75 - [STDERR_REDIRECT] [Fatal Error] :1:1: Premature end of file.
2026-09-13 10:13:16,291 [ERROR] LogOutputStream:75 - [STDERR_REDIRECT] 
2026-09-13 10:13:17,281 [ERROR] LogOutputStream:75 - [STDERR_REDIRECT] [Fatal Error] :1:1: Premature end of file.
2026-09-13 10:13:17,281 [ERROR] LogOutputStream:75 - [STDERR_REDIRECT] 
2026-09-13 10:13:18,285 [ERROR] LogOutputStream:75 - [STDERR_REDIRECT] [Fatal Error] :1:1: Premature end of file.
2026-09-13 10:13:18,285 [ERROR] LogOutputStream:75 - [STDERR_REDIRECT] 
2026-09-13 10:13:19,291 [ERROR] LogOutputStream:75 - [STDERR_REDIRECT] [Fatal Error] :1:1: Premature end of file.
2026-09-13 10:13:19,291 [ERROR] LogOutputStream:75 - [STDERR_REDIRECT] 
2026-09-13 10:13:20,285 [ERROR] LogOutputStream:75 - [STDERR_REDIRECT] [Fatal Error] :1:1: Premature end of file.
2026-09-13 10:13:20,285 [ERROR] LogOutputStream:75 - [STDERR_REDIRECT] 
2026-09-13 10:13:21,282 [ERROR] LogOutputStream:75 - [STDERR_REDIRECT] [Fatal Error] :1:1: Premature end of file.
2026-09-13 10:13:21,282 [ERROR] LogOutputStream:75 - [STDERR_REDIRECT] 
2026-09-13 10:13:22,280 [ERROR] LogOutputStream:75 - [STDERR_REDIRECT] [Fatal Error] :1:1: Premature end of file.
2026-09-13 10:13:22,280 [ERROR] LogOutputStream:75 - [STDERR_REDIRECT] 
2026-09-13 10:13:23,289 [ERROR] LogOutputStream:75 - [STDERR_REDIRECT] [Fatal Error] :1:1: Premature end of file.
2026-09-13 10:13:23,289 [ERROR] LogOutputStream:75 - [STDERR_REDIRECT] 
2026-09-13 10:13:24,279 [ERROR] LogOutputStream:75 - [STDERR_REDIRECT] [Fatal Error] :1:1: Premature end of file.
2026-09-13 10:13:24,280 [ERROR] LogOutputStream:75 - [STDERR_REDIRECT] 
2026-09-13 10:13:25,279 [ERROR] LogOutputStream:75 - [STDERR_REDIRECT] [Fatal Error] :1:1: Premature end of file.
2026-09-13 10:13:25,280 [ERROR] LogOutputStream:75 - [STDERR_REDIRECT] 
2026-09-13 10:13:26,284 [ERROR] LogOutputStream:75 - [STDERR_REDIRECT] [Fatal Error] :1:1: Premature end of file.
2026-09-13 10:13:26,284 [ERROR] LogOutputStream:75 - [STDERR_REDIRECT] 
2026-09-13 10:13:27,284 [ERROR] LogOutputStream:75 - [STDERR_REDIRECT] [Fatal Error] :1:1: Premature end of file.
2026-09-13 10:13:27,284 [ERROR] LogOutputStream:75 - [STDERR_REDIRECT] 
2026-09-13 10:13:28,287 [ERROR] LogOutputStream:75 - [STDERR_REDIRECT] [Fatal Error] :1:1: Premature end of file.
2026-09-13 10:13:28,287 [ERROR] LogOutputStream:75 - [STDERR_REDIRECT] 
2026-09-13 10:13:29,279 [ERROR] LogOutputStream:75 - [STDERR_REDIRECT] [Fatal Error] :1:1: Premature end of file.
2026-09-13 10:13:29,280 [ERROR] LogOutputStream:75 - [STDERR_REDIRECT] 
2026-09-13 10:13:30,283 [ERROR] LogOutputStream:75 - [STDERR_REDIRECT] [Fatal Error] :1:1: Premature end of file.
2026-09-13 10:13:30,283 [ERROR] LogOutputStream:75 - [STDERR_REDIRECT] 
2026-09-13 10:13:31,279 [ERROR] LogOutputStream:75 - [STDERR_REDIRECT] [Fatal Error] :1:1: Premature end of file.
2026-09-13 10:13:31,281 [ERROR] LogOutputStream:75 - [STDERR_REDIRECT] 
2026-09-13 10:13:32,279 [ERROR] LogOutputStream:75 - [STDERR_REDIRECT] [Fatal Error] :1:1: Premature end of file.
2026-09-13 10:13:32,279 [ERROR] LogOutputStream:75 - [STDERR_REDIRECT] 
2026-09-13 10:13:33,288 [ERROR] LogOutputStream:75 - [STDERR_REDIRECT] [Fatal Error] :1:1: Premature end of file.
2026-09-13 10:13:33,288 [ERROR] LogOutputStream:75 - [STDERR_REDIRECT] 
2026-09-13 10:13:34,285 [ERROR] LogOutputStream:75 - [STDERR_REDIRECT] [Fatal Error] :1:1: Premature end of file.
2026-09-13 10:13:34,285 [ERROR] LogOutputStream:75 - [STDERR_REDIRECT] 
2026-09-13 10:13:35,287 [ERROR] LogOutputStream:75 - [STDERR_REDIRECT] [Fatal Error] :1:1: Premature end of file.
2026-09-13 10:13:35,287 [ERROR] LogOutputStream:75 - [STDERR_REDIRECT] 
2026-09-13 10:13:36,284 [ERROR] LogOutputStream:75 - [STDERR_REDIRECT] [Fatal Error] :1:1: Premature end of file.
2026-09-13 10:13:36,284 [ERROR] LogOutputStream:75 - [STDERR_REDIRECT] 
2026-09-13 10:13:37,289 [ERROR] LogOutputStream:75 - [STDERR_REDIRECT] [Fatal Error] :1:1: Premature end of file.
2026-09-13 10:13:37,289 [ERROR] LogOutputStream:75 - [STDERR_REDIRECT] 
2026-09-13 10:13:38,282 [ERROR] LogOutputStream:75 - [STDERR_REDIRECT] [Fatal Error] :1:1: Premature end of file.
2026-09-13 10:13:38,282 [ERROR] LogOutputStream:75 - [STDERR_REDIRECT] 
2026-09-13 10:13:39,281 [ERROR] LogOutputStream:75 - [STDERR_REDIRECT] [Fatal Error] :1:1: Premature end of file.
2026-09-13 10:13:39,281 [ERROR] LogOutputStream:75 - [STDERR_REDIRECT] 
2026-09-13 10:13:40,289 [ERROR] LogOutputStream:75 - [STDERR_REDIRECT] [Fatal Error] :1:1: Premature end of file.
2026-09-13 10:13:40,289 [ERROR] LogOutputStream:75 - [STDERR_REDIRECT] 
2026-09-13 10:13:41,280 [ERROR] LogOutputStream:75 - [STDERR_REDIRECT] [Fatal Error] :1:1: Premature end of file.
2026-09-13 10:13:41,280 [ERROR] LogOutputStream:75 - [STDERR_REDIRECT] 
2026-09-13 10:13:42,282 [ERROR] LogOutputStream:75 - [STDERR_REDIRECT] [Fatal Error] :1:1: Premature end of file.
2026-09-13 10:13:42,282 [ERROR] LogOutputStream:75 - [STDERR_REDIRECT] 
2026-09-13 10:13:43,285 [ERROR] LogOutputStream:75 - [STDERR_REDIRECT] [Fatal Error] :1:1: Premature end of file.
2026-09-13 10:13:43,285 [ERROR] LogOutputStream:75 - [STDERR_REDIRECT] 
2026-09-13 10:13:44,287 [ERROR] LogOutputStream:75 - [STDERR_REDIRECT] [Fatal Error] :1:1: Premature end of file.
2026-09-13 10:13:44,287 [ERROR] LogOutputStream:75 - [STDERR_REDIRECT] 
2026-09-13 10:13:45,282 [ERROR] LogOutputStream:75 - [STDERR_REDIRECT] [Fatal Error] :1:1: Premature end of file.
2026-09-13 10:13:45,282 [ERROR] LogOutputStream:75 - [STDERR_REDIRECT] 
2026-09-13 10:13:46,278 [ERROR] LogOutputStream:75 - [STDERR_REDIRECT] [Fatal Error] :1:1: Premature end of file.
2026-09-13 10:13:46,279 [ERROR] LogOutputStream:75 - [STDERR_REDIRECT] 
2026-09-13 10:13:47,278 [ERROR] LogOutputStream:75 - [STDERR_REDIRECT] [Fatal Error] :1:1: Premature end of file.
2026-09-13 10:13:47,278 [ERROR] LogOutputStream:75 - [STDERR_REDIRECT] 
2026-09-13 10:13:48,283 [ERROR] LogOutputStream:75 - [STDERR_REDIRECT] [Fatal Error] :1:1: Premature end of file.
2026-09-13 10:13:48,283 [ERROR] LogOutputStream:75 - [STDERR_REDIRECT] 
2026-09-13 10:13:49,288 [ERROR] LogOutputStream:75 - [STDERR_REDIRECT] [Fatal Error] :1:1: Premature end of file.
2026-09-13 10:13:49,288 [ERROR] LogOutputStream:75 - [STDERR_REDIRECT] 
2026-09-13 10:13:50,282 [ERROR] LogOutputStream:75 - [STDERR_REDIRECT] [Fatal Error] :1:1: Premature end of file.
2026-09-13 10:13:50,283 [ERROR] LogOutputStream:75 - [STDERR_REDIRECT] 
2026-09-13 10:13:51,283 [ERROR] LogOutputStream:75 - [STDERR_REDIRECT] [Fatal Error] :1:1: Premature end of file.
2026-09-13 10:13:51,283 [ERROR] LogOutputStream:75 - [STDERR_REDIRECT] 
2026-09-13 10:13:52,286 [ERROR] LogOutputStream:75 - [STDERR_REDIRECT] [Fatal Error] :1:1: Premature end of file.
2026-09-13 10:13:52,287 [ERROR] LogOutputStream:75 - [STDERR_REDIRECT] 
2026-09-13 10:13:53,285 [ERROR] LogOutputStream:75 - [STDERR_REDIRECT] [Fatal Error] :1:1: Premature end of file.
2026-09-13 10:13:53,285 [ERROR] LogOutputStream:75 - [STDERR_REDIRECT] 
2026-09-13 10:13:54,282 [ERROR] LogOutputStream:75 - [STDERR_REDIRECT] [Fatal Error] :1:1: Premature end of file.
2026-09-13 10:13:54,282 [ERROR] LogOutputStream:75 - [STDERR_REDIRECT] 
2026-09-13 10:13:55,280 [ERROR] LogOutputStream:75 - [STDERR_REDIRECT] [Fatal Error] :1:1: Premature end of file.
2026-09-13 10:13:55,280 [ERROR] LogOutputStream:75 - [STDERR_REDIRECT] 
2026-09-13 10:13:56,282 [ERROR] LogOutputStream:75 - [STDERR_REDIRECT] [Fatal Error] :1:1: Premature end of file.
2026-09-13 10:13:56,283 [ERROR] LogOutputStream:75 - [STDERR_REDIRECT] 
2026-09-13 10:13:57,285 [ERROR] LogOutputStream:75 - [STDERR_REDIRECT] [Fatal Error] :1:1: Premature end of file.
2026-09-13 10:13:57,285 [ERROR] LogOutputStream:75 - [STDERR_REDIRECT] 
2026-09-13 10:13:58,283 [ERROR] LogOutputStream:75 - [STDERR_REDIRECT] [Fatal Error] :1:1: Premature end of file.
2026-09-13 10:13:58,283 [ERROR] LogOutputStream:75 - [STDERR_REDIRECT] 
2026-09-13 10:13:59,284 [ERROR] LogOutputStream:75 - [STDERR_REDIRECT] [Fatal Error] :1:1: Premature end of file.
2026-09-13 10:13:59,284 [ERROR] LogOutputStream:75 - [STDERR_REDIRECT] 
2026-09-13 10:14:00,290 [ERROR] LogOutputStream:75 - [STDERR_REDIRECT] [Fatal Error] :1:1: Premature end of file.
2026-09-13 10:14:00,290 [ERROR] LogOutputStream:75 - [STDERR_REDIRECT] 
2026-09-13 10:14:01,284 [ERROR] LogOutputStream:75 - [STDERR_REDIRECT] [Fatal Error] :1:1: Premature end of file.
2026-09-13 10:14:01,284 [ERROR] LogOutputStream:75 - [STDERR_REDIRECT] 
2026-09-13 10:14:02,284 [ERROR] LogOutputStream:75 - [STDERR_REDIRECT] [Fatal Error] :1:1: Premature end of file.
2026-09-13 10:14:02,284 [ERROR] LogOutputStream:75 - [STDERR_REDIRECT] 
2026-09-13 10:14:03,280 [ERROR] LogOutputStream:75 - [STDERR_REDIRECT] [Fatal Error] :1:1: Premature end of file.
2026-09-13 10:14:03,280 [ERROR] LogOutputStream:75 - [STDERR_REDIRECT] 
2026-09-13 10:14:04,283 [ERROR] LogOutputStream:75 - [STDERR_REDIRECT] [Fatal Error] :1:1: Premature end of file.
2026-09-13 10:14:04,283 [ERROR] LogOutputStream:75 - [STDERR_REDIRECT] 
2026-09-13 10:14:05,285 [ERROR] LogOutputStream:75 - [STDERR_REDIRECT] [Fatal Error] :1:1: Premature end of file.
2026-09-13 10:14:05,286 [ERROR] LogOutputStream:75 - [STDERR_REDIRECT] 
2026-09-13 10:14:06,284 [ERROR] LogOutputStream:75 - [STDERR_REDIRECT] [Fatal Error] :1:1: Premature end of file.
2026-09-13 10:14:06,284 [ERROR] LogOutputStream:75 - [STDERR_REDIRECT] 
2026-09-13 10:14:07,283 [ERROR] LogOutputStream:75 - [STDERR_REDIRECT] [Fatal Error] :1:1: Premature end of file.
2026-09-13 10:14:07,283 [ERROR] LogOutputStream:75 - [STDERR_REDIRECT] 
2026-09-13 10:14:08,281 [ERROR] LogOutputStream:75 - [STDERR_REDIRECT] [Fatal Error] :1:1: Premature end of file.
2026-09-13 10:14:08,281 [ERROR] LogOutputStream:75 - [STDERR_REDIRECT] 
2026-09-13 10:14:09,285 [ERROR] LogOutputStream:75 - [STDERR_REDIRECT] [Fatal Error] :1:1: Premature end of file.
2026-09-13 10:14:09,285 [ERROR] LogOutputStream:75 - [STDERR_REDIRECT] 
2026-09-13 10:14:10,283 [ERROR] LogOutputStream:75 - [STDERR_REDIRECT] [Fatal Error] :1:1: Premature end of file.
2026-09-13 10:14:10,283 [ERROR] LogOutputStream:75 - [STDERR_REDIRECT] 
2026-09-13 10:14:11,286 [ERROR] LogOutputStream:75 - [STDERR_REDIRECT] [Fatal Error] :1:1: Premature end of file.
2026-09-13 10:14:11,286 [ERROR] LogOutputStream:75 - [STDERR_REDIRECT] 
2026-09-13 10:14:12,295 [ERROR] LogOutputStream:75 - [STDERR_REDIRECT] [Fatal Error] :1:1: Premature end of file.
2026-09-13 10:14:12,296 [ERROR] LogOutputStream:75 - [STDERR_REDIRECT] 
2026-09-13 10:14:13,280 [ERROR] LogOutputStream:75 - [STDERR_REDIRECT] [Fatal Error] :1:1: Premature end of file.
2026-09-13 10:14:13,280 [ERROR] LogOutputStream:75 - [STDERR_REDIRECT] 
2026-09-13 10:14:14,284 [ERROR] LogOutputStream:75 - [STDERR_REDIRECT] [Fatal Error] :1:1: Premature end of file.
2026-09-13 10:14:14,284 [ERROR] LogOutputStream:75 - [STDERR_REDIRECT] 
2026-09-13 10:14:15,283 [ERROR] LogOutputStream:75 - [STDERR_REDIRECT] [Fatal Error] :1:1: Premature end of file.
2026-09-13 10:14:15,283 [ERROR] LogOutputStream:75 - [STDERR_REDIRECT] 
2026-09-13 10:14:16,282 [ERROR] LogOutputStream:75 - [STDERR_REDIRECT] [Fatal Error] :1:1: Premature end of file.
2026-09-13 10:14:16,283 [ERROR] LogOutputStream:75 - [STDERR_REDIRECT] 
2026-09-13 10:14:17,280 [ERROR] LogOutputStream:75 - [STDERR_REDIRECT] [Fatal Error] :1:1: Premature end of file.
2026-09-13 10:14:17,280 [ERROR] LogOutputStream:75 - [STDERR_REDIRECT] 
2026-09-13 10:14:18,281 [ERROR] LogOutputStream:75 - [STDERR_REDIRECT] [Fatal Error] :1:1: Premature end of file.
2026-09-13 10:14:18,281 [ERROR] LogOutputStream:75 - [STDERR_REDIRECT] 
2026-09-13 10:14:19,283 [ERROR] LogOutputStream:75 - [STDERR_REDIRECT] [Fatal Error] :1:1: Premature end of file.
2026-09-13 10:14:19,283 [ERROR] LogOutputStream:75 - [STDERR_REDIRECT] 
2026-09-13 10:14:20,288 [ERROR] LogOutputStream:75 - [STDERR_REDIRECT] [Fatal Error] :1:1: Premature end of file.
2026-09-13 10:14:20,288 [ERROR] LogOutputStream:75 - [STDERR_REDIRECT] 
2026-09-13 10:14:21,279 [ERROR] LogOutputStream:75 - [STDERR_REDIRECT] [Fatal Error] :1:1: Premature end of file.
2026-09-13 10:14:21,279 [ERROR] LogOutputStream:75 - [STDERR_REDIRECT] 
2026-09-13 10:14:22,295 [ERROR] LogOutputStream:75 - [STDERR_REDIRECT] [Fatal Error] :1:1: Premature end of file.
2026-09-13 10:14:22,295 [ERROR] LogOutputStream:75 - [STDERR_REDIRECT] 
2026-09-13 10:14:23,282 [ERROR] LogOutputStream:75 - [STDERR_REDIRECT] [Fatal Error] :1:1: Premature end of file.
2026-09-13 10:14:23,283 [ERROR] LogOutputStream:75 - [STDERR_REDIRECT] 
2026-09-13 10:14:24,280 [ERROR] LogOutputStream:75 - [STDERR_REDIRECT] [Fatal Error] :1:1: Premature end of file.
2026-09-13 10:14:24,280 [ERROR] LogOutputStream:75 - [STDERR_REDIRECT] 
2026-09-13 10:14:25,278 [ERROR] LogOutputStream:75 - [STDERR_REDIRECT] [Fatal Error] :1:1: Premature end of file.
2026-09-13 10:14:25,279 [ERROR] LogOutputStream:75 - [STDERR_REDIRECT] 
2026-09-13 10:14:26,281 [ERROR] LogOutputStream:75 - [STDERR_REDIRECT] [Fatal Error] :1:1: Premature end of file.
2026-09-13 10:14:26,281 [ERROR] LogOutputStream:75 - [STDERR_REDIRECT] 
2026-09-13 10:14:27,282 [ERROR] LogOutputStream:75 - [STDERR_REDIRECT] [Fatal Error] :1:1: Premature end of file.
2026-09-13 10:14:27,282 [ERROR] LogOutputStream:75 - [STDERR_REDIRECT] 
2026-09-13 10:14:28,287 [ERROR] LogOutputStream:75 - [STDERR_REDIRECT] [Fatal Error] :1:1: Premature end of file.
2026-09-13 10:14:28,287 [ERROR] LogOutputStream:75 - [STDERR_REDIRECT] 
2026-09-13 10:14:29,281 [ERROR] LogOutputStream:75 - [STDERR_REDIRECT] [Fatal Error] :1:1: Premature end of file.
2026-09-13 10:14:29,282 [ERROR] LogOutputStream:75 - [STDERR_REDIRECT] 
2026-09-13 10:14:30,281 [ERROR] LogOutputStream:75 - [STDERR_REDIRECT] [Fatal Error] :1:1: Premature end of file.
2026-09-13 10:14:30,281 [ERROR] LogOutputStream:75 - [STDERR_REDIRECT] 
2026-09-13 10:14:31,282 [ERROR] LogOutputStream:75 - [STDERR_REDIRECT] [Fatal Error] :1:1: Premature end of file.
2026-09-13 10:14:31,282 [ERROR] LogOutputStream:75 - [STDERR_REDIRECT] 
2026-09-13 10:14:32,280 [ERROR] LogOutputStream:75 - [STDERR_REDIRECT] [Fatal Error] :1:1: Premature end of file.
2026-09-13 10:14:32,280 [ERROR] LogOutputStream:75 - [STDERR_REDIRECT] 
2026-09-13 10:14:33,283 [ERROR] LogOutputStream:75 - [STDERR_REDIRECT] [Fatal Error] :1:1: Premature end of file.
2026-09-13 10:14:33,283 [ERROR] LogOutputStream:75 - [STDERR_REDIRECT] 
2026-09-13 10:14:34,290 [ERROR] LogOutputStream:75 - [STDERR_REDIRECT] [Fatal Error] :1:1: Premature end of file.
2026-09-13 10:14:34,290 [ERROR] LogOutputStream:75 - [STDERR_REDIRECT] 
2026-09-13 10:14:35,284 [ERROR] LogOutputStream:75 - [STDERR_REDIRECT] [Fatal Error] :1:1: Premature end of file.
2026-09-13 10:14:35,284 [ERROR] LogOutputStream:75 - [STDERR_REDIRECT] 
2026-09-13 10:14:36,286 [ERROR] LogOutputStream:75 - [STDERR_REDIRECT] [Fatal Error] :1:1: Premature end of file.
2026-09-13 10:14:36,286 [ERROR] LogOutputStream:75 - [STDERR_REDIRECT] 
2026-09-13 10:14:37,282 [ERROR] LogOutputStream:75 - [STDERR_REDIRECT] [Fatal Error] :1:1: Premature end of file.
2026-09-13 10:14:37,282 [ERROR] LogOutputStream:75 - [STDERR_REDIRECT] 
2026-09-13 10:14:38,284 [ERROR] LogOutputStream:75 - [STDERR_REDIRECT] [Fatal Error] :1:1: Premature end of file.
2026-09-13 10:14:38,284 [ERROR] LogOutputStream:75 - [STDERR_REDIRECT] 
2026-09-13 10:14:39,290 [ERROR] LogOutputStream:75 - [STDERR_REDIRECT] [Fatal Error] :1:1: Premature end of file.
2026-09-13 10:14:39,290 [ERROR] LogOutputStream:75 - [STDERR_REDIRECT] 
2026-09-13 10:14:40,280 [ERROR] LogOutputStream:75 - [STDERR_REDIRECT] [Fatal Error] :1:1: Premature end of file.
2026-09-13 10:14:40,280 [ERROR] LogOutputStream:75 - [STDERR_REDIRECT] 
2026-09-13 10:14:41,285 [ERROR] LogOutputStream:75 - [STDERR_REDIRECT] [Fatal Error] :1:1: Premature end of file.
2026-09-13 10:14:41,286 [ERROR] LogOutputStream:75 - [STDERR_REDIRECT] 
2026-09-13 10:14:42,280 [ERROR] LogOutputStream:75 - [STDERR_REDIRECT] [Fatal Error] :1:1: Premature end of file.
2026-09-13 10:14:42,280 [ERROR] LogOutputStream:75 - [STDERR_REDIRECT] 
2026-09-13 10:14:43,285 [ERROR] LogOutputStream:75 - [STDERR_REDIRECT] [Fatal Error] :1:1: Premature end of file.
2026-09-13 10:14:43,285 [ERROR] LogOutputStream:75 - [STDERR_REDIRECT] 
2026-09-13 10:14:44,287 [ERROR] LogOutputStream:75 - [STDERR_REDIRECT] [Fatal Error] :1:1: Premature end of file.
2026-09-13 10:14:44,287 [ERROR] LogOutputStream:75 - [STDERR_REDIRECT] 
2026-09-13 10:14:45,281 [ERROR] LogOutputStream:75 - [STDERR_REDIRECT] [Fatal Error] :1:1: Premature end of file.
2026-09-13 10:14:45,281 [ERROR] LogOutputStream:75 - [STDERR_REDIRECT] 
2026-09-13 10:14:46,283 [ERROR] LogOutputStream:75 - [STDERR_REDIRECT] [Fatal Error] :1:1: Premature end of file.
2026-09-13 10:14:46,283 [ERROR] LogOutputStream:75 - [STDERR_REDIRECT] 
2026-09-13 10:14:47,283 [ERROR] LogOutputStream:75 - [STDERR_REDIRECT] [Fatal Error] :1:1: Premature end of file.
2026-09-13 10:14:47,283 [ERROR] LogOutputStream:75 - [STDERR_REDIRECT] 
2026-09-13 10:14:48,283 [ERROR] LogOutputStream:75 - [STDERR_REDIRECT] [Fatal Error] :1:1: Premature end of file.
2026-09-13 10:14:48,283 [ERROR] LogOutputStream:75 - [STDERR_REDIRECT] 
2026-09-13 10:14:49,286 [ERROR] LogOutputStream:75 - [STDERR_REDIRECT] [Fatal Error] :1:1: Premature end of file.
2026-09-13 10:14:49,287 [ERROR] LogOutputStream:75 - [STDERR_REDIRECT] 
2026-09-13 10:14:50,292 [ERROR] LogOutputStream:75 - [STDERR_REDIRECT] [Fatal Error] :1:1: Premature end of file.
2026-09-13 10:14:50,292 [ERROR] LogOutputStream:75 - [STDERR_REDIRECT] 
2026-09-13 10:14:51,280 [ERROR] LogOutputStream:75 - [STDERR_REDIRECT] [Fatal Error] :1:1: Premature end of file.
2026-09-13 10:14:51,281 [ERROR] LogOutputStream:75 - [STDERR_REDIRECT] 
2026-09-13 10:14:52,279 [ERROR] LogOutputStream:75 - [STDERR_REDIRECT] [Fatal Error] :1:1: Premature end of file.
2026-09-13 10:14:52,279 [ERROR] LogOutputStream:75 - [STDERR_REDIRECT] 
2026-09-13 10:14:53,282 [ERROR] LogOutputStream:75 - [STDERR_REDIRECT] [Fatal Error] :1:1: Premature end of file.
2026-09-13 10:14:53,282 [ERROR] LogOutputStream:75 - [STDERR_REDIRECT] 
2026-09-13 10:14:54,287 [ERROR] LogOutputStream:75 - [STDERR_REDIRECT] [Fatal Error] :1:1: Premature end of file.
2026-09-13 10:14:54,287 [ERROR] LogOutputStream:75 - [STDERR_REDIRECT] 
2026-09-13 10:14:55,286 [ERROR] LogOutputStream:75 - [STDERR_REDIRECT] [Fatal Error] :1:1: Premature end of file.
2026-09-13 10:14:55,286 [ERROR] LogOutputStream:75 - [STDERR_REDIRECT] 
2026-09-13 10:14:56,280 [ERROR] LogOutputStream:75 - [STDERR_REDIRECT] [Fatal Error] :1:1: Premature end of file.
2026-09-13 10:14:56,280 [ERROR] LogOutputStream:75 - [STDERR_REDIRECT] 
2026-09-13 10:14:57,280 [ERROR] LogOutputStream:75 - [STDERR_REDIRECT] [Fatal Error] :1:1: Premature end of file.
2026-09-13 10:14:57,280 [ERROR] LogOutputStream:75 - [STDERR_REDIRECT] 
2026-09-13 10:14:58,279 [ERROR] LogOutputStream:75 - [STDERR_REDIRECT] [Fatal Error] :1:1: Premature end of file.
2026-09-13 10:14:58,280 [ERROR] LogOutputStream:75 - [STDERR_REDIRECT] 
2026-09-13 10:14:59,282 [ERROR] LogOutputStream:75 - [STDERR_REDIRECT] [Fatal Error] :1:1: Premature end of file.
2026-09-13 10:14:59,282 [ERROR] LogOutputStream:75 - [STDERR_REDIRECT] 
2026-09-13 10:15:00,278 [ERROR] LogOutputStream:75 - [STDERR_REDIRECT] [Fatal Error] :1:1: Premature end of file.
2026-09-13 10:15:00,278 [ERROR] LogOutputStream:75 - [STDERR_REDIRECT] 
2026-09-13 10:15:01,278 [ERROR] LogOutputStream:75 - [STDERR_REDIRECT] [Fatal Error] :1:1: Premature end of file.
2026-09-13 10:15:01,279 [ERROR] LogOutputStream:75 - [STDERR_REDIRECT] 
2026-09-13 10:15:02,281 [ERROR] LogOutputStream:75 - [STDERR_REDIRECT] [Fatal Error] :1:1: Premature end of file.
2026-09-13 10:15:02,282 [ERROR] LogOutputStream:75 - [STDERR_REDIRECT] 
2026-09-13 10:15:03,277 [ERROR] LogOutputStream:75 - [STDERR_REDIRECT] [Fatal Error] :1:1: Premature end of file.
2026-09-13 10:15:03,277 [ERROR] LogOutputStream:75 - [STDERR_REDIRECT] 
2026-09-13 10:15:04,279 [ERROR] LogOutputStream:75 - [STDERR_REDIRECT] [Fatal Error] :1:1: Premature end of file.
2026-09-13 10:15:04,279 [ERROR] LogOutputStream:75 - [STDERR_REDIRECT] 
2026-09-13 10:15:05,283 [ERROR] LogOutputStream:75 - [STDERR_REDIRECT] [Fatal Error] :1:1: Premature end of file.
2026-09-13 10:15:05,283 [ERROR] LogOutputStream:75 - [STDERR_REDIRECT] 
2026-09-13 10:15:06,281 [ERROR] LogOutputStream:75 - [STDERR_REDIRECT] [Fatal Error] :1:1: Premature end of file.
2026-09-13 10:15:06,282 [ERROR] LogOutputStream:75 - [STDERR_REDIRECT] 
2026-09-13 10:15:07,290 [ERROR] LogOutputStream:75 - [STDERR_REDIRECT] [Fatal Error] :1:1: Premature end of file.
2026-09-13 10:15:07,290 [ERROR] LogOutputStream:75 - [STDERR_REDIRECT] 
2026-09-13 10:15:08,281 [ERROR] LogOutputStream:75 - [STDERR_REDIRECT] [Fatal Error] :1:1: Premature end of file.
2026-09-13 10:15:08,281 [ERROR] LogOutputStream:75 - [STDERR_REDIRECT] 
2026-09-13 10:15:09,280 [ERROR] LogOutputStream:75 - [STDERR_REDIRECT] [Fatal Error] :1:1: Premature end of file.
2026-09-13 10:15:09,281 [ERROR] LogOutputStream:75 - [STDERR_REDIRECT] 
2026-09-13 10:15:10,285 [ERROR] LogOutputStream:75 - [STDERR_REDIRECT] [Fatal Error] :1:1: Premature end of file.
2026-09-13 10:15:10,285 [ERROR] LogOutputStream:75 - [STDERR_REDIRECT] 
2026-09-13 10:15:11,282 [ERROR] LogOutputStream:75 - [STDERR_REDIRECT] [Fatal Error] :1:1: Premature end of file.
2026-09-13 10:15:11,282 [ERROR] LogOutputStream:75 - [STDERR_REDIRECT] 
2026-09-13 10:15:12,282 [ERROR] LogOutputStream:75 - [STDERR_REDIRECT] [Fatal Error] :1:1: Premature end of file.
2026-09-13 10:15:12,282 [ERROR] LogOutputStream:75 - [STDERR_REDIRECT] 
2026-09-13 10:15:13,288 [ERROR] LogOutputStream:75 - [STDERR_REDIRECT] [Fatal Error] :1:1: Premature end of file.
2026-09-13 10:15:13,288 [ERROR] LogOutputStream:75 - [STDERR_REDIRECT] 
2026-09-13 10:15:14,284 [ERROR] LogOutputStream:75 - [STDERR_REDIRECT] [Fatal Error] :1:1: Premature end of file.
2026-09-13 10:15:14,284 [ERROR] LogOutputStream:75 - [STDERR_REDIRECT] 
2026-09-13 10:15:15,282 [ERROR] LogOutputStream:75 - [STDERR_REDIRECT] [Fatal Error] :1:1: Premature end of file.
2026-09-13 10:15:15,282 [ERROR] LogOutputStream:75 - [STDERR_REDIRECT] 
2026-09-13 10:15:16,286 [ERROR] LogOutputStream:75 - [STDERR_REDIRECT] [Fatal Error] :1:1: Premature end of file.
2026-09-13 10:15:16,286 [ERROR] LogOutputStream:75 - [STDERR_REDIRECT] 
2026-09-13 10:15:17,279 [ERROR] LogOutputStream:75 - [STDERR_REDIRECT] [Fatal Error] :1:1: Premature end of file.
2026-09-13 10:15:17,280 [ERROR] LogOutputStream:75 - [STDERR_REDIRECT] 
2026-09-13 10:15:18,283 [ERROR] LogOutputStream:75 - [STDERR_REDIRECT] [Fatal Error] :1:1: Premature end of file.
2026-09-13 10:15:18,286 [ERROR] LogOutputStream:75 - [STDERR_REDIRECT] 
2026-09-13 10:15:19,279 [ERROR] LogOutputStream:75 - [STDERR_REDIRECT] [Fatal Error] :1:1: Premature end of file.
2026-09-13 10:15:19,279 [ERROR] LogOutputStream:75 - [STDERR_REDIRECT] 
2026-09-13 10:15:20,280 [ERROR] LogOutputStream:75 - [STDERR_REDIRECT] [Fatal Error] :1:1: Premature end of file.
2026-09-13 10:15:20,280 [ERROR] LogOutputStream:75 - [STDERR_REDIRECT] 
2026-09-13 10:15:21,280 [ERROR] LogOutputStream:75 - [STDERR_REDIRECT] [Fatal Error] :1:1: Premature end of file.
2026-09-13 10:15:21,280 [ERROR] LogOutputStream:75 - [STDERR_REDIRECT] 
2026-09-13 10:15:22,277 [ERROR] LogOutputStream:75 - [STDERR_REDIRECT] [Fatal Error] :1:1: Premature end of file.
2026-09-13 10:15:22,277 [ERROR] LogOutputStream:75 - [STDERR_REDIRECT] 
2026-09-13 10:15:23,284 [ERROR] LogOutputStream:75 - [STDERR_REDIRECT] [Fatal Error] :1:1: Premature end of file.
2026-09-13 10:15:23,284 [ERROR] LogOutputStream:75 - [STDERR_REDIRECT] 
2026-09-13 10:15:24,280 [ERROR] LogOutputStream:75 - [STDERR_REDIRECT] [Fatal Error] :1:1: Premature end of file.
2026-09-13 10:15:24,280 [ERROR] LogOutputStream:75 - [STDERR_REDIRECT] 
2026-09-13 10:15:25,281 [ERROR] LogOutputStream:75 - [STDERR_REDIRECT] [Fatal Error] :1:1: Premature end of file.
2026-09-13 10:15:25,281 [ERROR] LogOutputStream:75 - [STDERR_REDIRECT] 
2026-09-13 10:15:26,283 [ERROR] LogOutputStream:75 - [STDERR_REDIRECT] [Fatal Error] :1:1: Premature end of file.
2026-09-13 10:15:26,283 [ERROR] LogOutputStream:75 - [STDERR_REDIRECT] 
2026-09-13 10:15:27,291 [ERROR] LogOutputStream:75 - [STDERR_REDIRECT] [Fatal Error] :1:1: Premature end of file.
2026-09-13 10:15:27,291 [ERROR] LogOutputStream:75 - [STDERR_REDIRECT] 
2026-09-13 10:15:28,287 [ERROR] LogOutputStream:75 - [STDERR_REDIRECT] [Fatal Error] :1:1: Premature end of file.
2026-09-13 10:15:28,287 [ERROR] LogOutputStream:75 - [STDERR_REDIRECT] 
2026-09-13 10:15:29,286 [ERROR] LogOutputStream:75 - [STDERR_REDIRECT] [Fatal Error] :1:1: Premature end of file.
2026-09-13 10:15:29,286 [ERROR] LogOutputStream:75 - [STDERR_REDIRECT] 
2026-09-13 10:15:30,280 [ERROR] LogOutputStream:75 - [STDERR_REDIRECT] [Fatal Error] :1:1: Premature end of file.
2026-09-13 10:15:30,280 [ERROR] LogOutputStream:75 - [STDERR_REDIRECT] 
2026-09-13 10:15:31,283 [ERROR] LogOutputStream:75 - [STDERR_REDIRECT] [Fatal Error] :1:1: Premature end of file.
2026-09-13 10:15:31,283 [ERROR] LogOutputStream:75 - [STDERR_REDIRECT] 
2026-09-13 10:15:32,282 [ERROR] LogOutputStream:75 - [STDERR_REDIRECT] [Fatal Error] :1:1: Premature end of file.
2026-09-13 10:15:32,282 [ERROR] LogOutputStream:75 - [STDERR_REDIRECT] 
2026-09-13 10:15:33,286 [ERROR] LogOutputStream:75 - [STDERR_REDIRECT] [Fatal Error] :1:1: Premature end of file.
2026-09-13 10:15:33,287 [ERROR] LogOutputStream:75 - [STDERR_REDIRECT] 
2026-09-13 10:15:34,279 [ERROR] LogOutputStream:75 - [STDERR_REDIRECT] [Fatal Error] :1:1: Premature end of file.
2026-09-13 10:15:34,280 [ERROR] LogOutputStream:75 - [STDERR_REDIRECT] 
2026-09-13 10:15:35,286 [ERROR] LogOutputStream:75 - [STDERR_REDIRECT] [Fatal Error] :1:1: Premature end of file.
2026-09-13 10:15:35,287 [ERROR] LogOutputStream:75 - [STDERR_REDIRECT] 
2026-09-13 10:15:36,288 [ERROR] LogOutputStream:75 - [STDERR_REDIRECT] [Fatal Error] :1:1: Premature end of file.
2026-09-13 10:15:36,288 [ERROR] LogOutputStream:75 - [STDERR_REDIRECT] 
2026-09-13 10:15:37,282 [ERROR] LogOutputStream:75 - [STDERR_REDIRECT] [Fatal Error] :1:1: Premature end of file.
2026-09-13 10:15:37,283 [ERROR] LogOutputStream:75 - [STDERR_REDIRECT] 
2026-09-13 10:15:38,288 [ERROR] LogOutputStream:75 - [STDERR_REDIRECT] [Fatal Error] :1:1: Premature end of file.
2026-09-13 10:15:38,288 [ERROR] LogOutputStream:75 - [STDERR_REDIRECT] 
2026-09-13 10:15:39,279 [ERROR] LogOutputStream:75 - [STDERR_REDIRECT] [Fatal Error] :1:1: Premature end of file.
2026-09-13 10:15:39,279 [ERROR] LogOutputStream:75 - [STDERR_REDIRECT] 
2026-09-13 10:15:40,279 [ERROR] LogOutputStream:75 - [STDERR_REDIRECT] [Fatal Error] :1:1: Premature end of file.
2026-09-13 10:15:40,279 [ERROR] LogOutputStream:75 - [STDERR_REDIRECT] 
2026-09-13 10:15:41,282 [ERROR] LogOutputStream:75 - [STDERR_REDIRECT] [Fatal Error] :1:1: Premature end of file.
2026-09-13 10:15:41,283 [ERROR] LogOutputStream:75 - [STDERR_REDIRECT] 
2026-09-13 10:15:42,289 [ERROR] LogOutputStream:75 - [STDERR_REDIRECT] [Fatal Error] :1:1: Premature end of file.
2026-09-13 10:15:42,289 [ERROR] LogOutputStream:75 - [STDERR_REDIRECT] 
2026-09-13 10:15:43,283 [ERROR] LogOutputStream:75 - [STDERR_REDIRECT] [Fatal Error] :1:1: Premature end of file.
2026-09-13 10:15:43,284 [ERROR] LogOutputStream:75 - [STDERR_REDIRECT] 
2026-09-13 10:15:44,278 [ERROR] LogOutputStream:75 - [STDERR_REDIRECT] [Fatal Error] :1:1: Premature end of file.
2026-09-13 10:15:44,278 [ERROR] LogOutputStream:75 - [STDERR_REDIRECT] 
2026-09-13 10:15:45,281 [ERROR] LogOutputStream:75 - [STDERR_REDIRECT] [Fatal Error] :1:1: Premature end of file.
2026-09-13 10:15:45,281 [ERROR] LogOutputStream:75 - [STDERR_REDIRECT] 
2026-09-13 10:15:46,278 [ERROR] LogOutputStream:75 - [STDERR_REDIRECT] [Fatal Error] :1:1: Premature end of file.
2026-09-13 10:15:46,279 [ERROR] LogOutputStream:75 - [STDERR_REDIRECT] 
2026-09-13 10:15:47,283 [ERROR] LogOutputStream:75 - [STDERR_REDIRECT] [Fatal Error] :1:1: Premature end of file.
2026-09-13 10:15:47,283 [ERROR] LogOutputStream:75 - [STDERR_REDIRECT] 
2026-09-13 10:15:48,289 [ERROR] LogOutputStream:75 - [STDERR_REDIRECT] [Fatal Error] :1:1: Premature end of file.
2026-09-13 10:15:48,289 [ERROR] LogOutputStream:75 - [STDERR_REDIRECT] 
2026-09-13 10:15:49,281 [ERROR] LogOutputStream:75 - [STDERR_REDIRECT] [Fatal Error] :1:1: Premature end of file.
2026-09-13 10:15:49,281 [ERROR] LogOutputStream:75 - [STDERR_REDIRECT] 
2026-09-13 10:15:50,278 [ERROR] LogOutputStream:75 - [STDERR_REDIRECT] [Fatal Error] :1:1: Premature end of file.
2026-09-13 10:15:50,278 [ERROR] LogOutputStream:75 - [STDERR_REDIRECT] 
2026-09-13 10:15:51,279 [ERROR] LogOutputStream:75 - [STDERR_REDIRECT] [Fatal Error] :1:1: Premature end of file.
2026-09-13 10:15:51,279 [ERROR] LogOutputStream:75 - [STDERR_REDIRECT] 
2026-09-13 10:15:52,277 [ERROR] LogOutputStream:75 - [STDERR_REDIRECT] [Fatal Error] :1:1: Premature end of file.
2026-09-13 10:15:52,277 [ERROR] LogOutputStream:75 - [STDERR_REDIRECT] 
2026-09-13 10:15:53,283 [ERROR] LogOutputStream:75 - [STDERR_REDIRECT] [Fatal Error] :1:1: Premature end of file.
2026-09-13 10:15:53,283 [ERROR] LogOutputStream:75 - [STDERR_REDIRECT] 
2026-09-13 10:15:54,288 [ERROR] LogOutputStream:75 - [STDERR_REDIRECT] [Fatal Error] :1:1: Premature end of file.
2026-09-13 10:15:54,288 [ERROR] LogOutputStream:75 - [STDERR_REDIRECT] 
2026-09-13 10:15:55,279 [ERROR] LogOutputStream:75 - [STDERR_REDIRECT] [Fatal Error] :1:1: Premature end of file.
2026-09-13 10:15:55,280 [ERROR] LogOutputStream:75 - [STDERR_REDIRECT] 
2026-09-13 10:15:56,277 [ERROR] LogOutputStream:75 - [STDERR_REDIRECT] [Fatal Error] :1:1: Premature end of file.
2026-09-13 10:15:56,277 [ERROR] LogOutputStream:75 - [STDERR_REDIRECT] 
2026-09-13 10:15:57,283 [ERROR] LogOutputStream:75 - [STDERR_REDIRECT] [Fatal Error] :1:1: Premature end of file.
2026-09-13 10:15:57,283 [ERROR] LogOutputStream:75 - [STDERR_REDIRECT] 
2026-09-13 10:15:58,279 [ERROR] LogOutputStream:75 - [STDERR_REDIRECT] [Fatal Error] :1:1: Premature end of file.
2026-09-13 10:15:58,279 [ERROR] LogOutputStream:75 - [STDERR_REDIRECT] 
2026-09-13 10:15:59,280 [ERROR] LogOutputStream:75 - [STDERR_REDIRECT] [Fatal Error] :1:1: Premature end of file.
2026-09-13 10:15:59,280 [ERROR] LogOutputStream:75 - [STDERR_REDIRECT] 
2026-09-13 10:16:00,281 [ERROR] LogOutputStream:75 - [STDERR_REDIRECT] [Fatal Error] :1:1: Premature end of file.
2026-09-13 10:16:00,281 [ERROR] LogOutputStream:75 - [STDERR_REDIRECT] 
2026-09-13 10:16:01,273 [ERROR] LogOutputStream:75 - [STDERR_REDIRECT] [Fatal Error] :1:1: Premature end of file.
2026-09-13 10:16:01,273 [ERROR] LogOutputStream:75 - [STDERR_REDIRECT] 
2026-09-13 10:16:02,279 [ERROR] LogOutputStream:75 - [STDERR_REDIRECT] [Fatal Error] :1:1: Premature end of file.
2026-09-13 10:16:02,279 [ERROR] LogOutputStream:75 - [STDERR_REDIRECT] 
2026-09-13 10:16:03,278 [ERROR] LogOutputStream:75 - [STDERR_REDIRECT] [Fatal Error] :1:1: Premature end of file.
2026-09-13 10:16:03,278 [ERROR] LogOutputStream:75 - [STDERR_REDIRECT] 
2026-09-13 10:16:04,279 [ERROR] LogOutputStream:75 - [STDERR_REDIRECT] [Fatal Error] :1:1: Premature end of file.
2026-09-13 10:16:04,279 [ERROR] LogOutputStream:75 - [STDERR_REDIRECT] 
2026-09-13 10:16:05,279 [ERROR] LogOutputStream:75 - [STDERR_REDIRECT] [Fatal Error] :1:1: Premature end of file.
2026-09-13 10:16:05,279 [ERROR] LogOutputStream:75 - [STDERR_REDIRECT] 
2026-09-13 10:16:06,280 [ERROR] LogOutputStream:75 - [STDERR_REDIRECT] [Fatal Error] :1:1: Premature end of file.
2026-09-13 10:16:06,280 [ERROR] LogOutputStream:75 - [STDERR_REDIRECT] 
2026-09-13 10:16:07,281 [ERROR] LogOutputStream:75 - [STDERR_REDIRECT] [Fatal Error] :1:1: Premature end of file.
2026-09-13 10:16:07,282 [ERROR] LogOutputStream:75 - [STDERR_REDIRECT] 
2026-09-13 10:16:08,277 [ERROR] LogOutputStream:75 - [STDERR_REDIRECT] [Fatal Error] :1:1: Premature end of file.
2026-09-13 10:16:08,277 [ERROR] LogOutputStream:75 - [STDERR_REDIRECT] 
2026-09-13 10:16:09,284 [ERROR] LogOutputStream:75 - [STDERR_REDIRECT] [Fatal Error] :1:1: Premature end of file.
2026-09-13 10:16:09,284 [ERROR] LogOutputStream:75 - [STDERR_REDIRECT] 
2026-09-13 10:16:10,287 [ERROR] LogOutputStream:75 - [STDERR_REDIRECT] [Fatal Error] :1:1: Premature end of file.
2026-09-13 10:16:10,287 [ERROR] LogOutputStream:75 - [STDERR_REDIRECT] 
2026-09-13 10:16:11,290 [ERROR] LogOutputStream:75 - [STDERR_REDIRECT] [Fatal Error] :1:1: Premature end of file.
2026-09-13 10:16:11,290 [ERROR] LogOutputStream:75 - [STDERR_REDIRECT] 
2026-09-13 10:16:12,283 [ERROR] LogOutputStream:75 - [STDERR_REDIRECT] [Fatal Error] :1:1: Premature end of file.
2026-09-13 10:16:12,284 [ERROR] LogOutputStream:75 - [STDERR_REDIRECT] 
2026-09-13 10:16:13,287 [ERROR] LogOutputStream:75 - [STDERR_REDIRECT] [Fatal Error] :1:1: Premature end of file.
2026-09-13 10:16:13,287 [ERROR] LogOutputStream:75 - [STDERR_REDIRECT] 
2026-09-13 10:16:14,291 [ERROR] LogOutputStream:75 - [STDERR_REDIRECT] [Fatal Error] :1:1: Premature end of file.
2026-09-13 10:16:14,291 [ERROR] LogOutputStream:75 - [STDERR_REDIRECT] 
2026-09-13 10:16:15,285 [ERROR] LogOutputStream:75 - [STDERR_REDIRECT] [Fatal Error] :1:1: Premature end of file.
2026-09-13 10:16:15,285 [ERROR] LogOutputStream:75 - [STDERR_REDIRECT] 
2026-09-13 10:16:16,281 [ERROR] LogOutputStream:75 - [STDERR_REDIRECT] [Fatal Error] :1:1: Premature end of file.
2026-09-13 10:16:16,281 [ERROR] LogOutputStream:75 - [STDERR_REDIRECT] 
2026-09-13 10:16:17,290 [ERROR] LogOutputStream:75 - [STDERR_REDIRECT] [Fatal Error] :1:1: Premature end of file.
2026-09-13 10:16:17,290 [ERROR] LogOutputStream:75 - [STDERR_REDIRECT] 
2026-09-13 10:16:18,283 [ERROR] LogOutputStream:75 - [STDERR_REDIRECT] [Fatal Error] :1:1: Premature end of file.
2026-09-13 10:16:18,284 [ERROR] LogOutputStream:75 - [STDERR_REDIRECT] 
2026-09-13 10:16:19,290 [ERROR] LogOutputStream:75 - [STDERR_REDIRECT] [Fatal Error] :1:1: Premature end of file.
2026-09-13 10:16:19,290 [ERROR] LogOutputStream:75 - [STDERR_REDIRECT] 
2026-09-13 10:16:20,282 [ERROR] LogOutputStream:75 - [STDERR_REDIRECT] [Fatal Error] :1:1: Premature end of file.
2026-09-13 10:16:20,282 [ERROR] LogOutputStream:75 - [STDERR_REDIRECT] 
2026-09-13 10:16:21,281 [ERROR] LogOutputStream:75 - [STDERR_REDIRECT] [Fatal Error] :1:1: Premature end of file.
2026-09-13 10:16:21,281 [ERROR] LogOutputStream:75 - [STDERR_REDIRECT] 
2026-09-13 10:16:22,280 [ERROR] LogOutputStream:75 - [STDERR_REDIRECT] [Fatal Error] :1:1: Premature end of file.
2026-09-13 10:16:22,280 [ERROR] LogOutputStream:75 - [STDERR_REDIRECT] 
2026-09-13 10:16:23,280 [ERROR] LogOutputStream:75 - [STDERR_REDIRECT] [Fatal Error] :1:1: Premature end of file.
2026-09-13 10:16:23,280 [ERROR] LogOutputStream:75 - [STDERR_REDIRECT] 
2026-09-13 10:16:24,281 [ERROR] LogOutputStream:75 - [STDERR_REDIRECT] [Fatal Error] :1:1: Premature end of file.
2026-09-13 10:16:24,281 [ERROR] LogOutputStream:75 - [STDERR_REDIRECT] 
2026-09-13 10:16:25,282 [ERROR] LogOutputStream:75 - [STDERR_REDIRECT] [Fatal Error] :1:1: Premature end of file.
2026-09-13 10:16:25,282 [ERROR] LogOutputStream:75 - [STDERR_REDIRECT] 
2026-09-13 10:16:26,284 [ERROR] LogOutputStream:75 - [STDERR_REDIRECT] [Fatal Error] :1:1: Premature end of file.
2026-09-13 10:16:26,284 [ERROR] LogOutputStream:75 - [STDERR_REDIRECT] 
2026-09-13 10:16:27,280 [ERROR] LogOutputStream:75 - [STDERR_REDIRECT] [Fatal Error] :1:1: Premature end of file.
2026-09-13 10:16:27,280 [ERROR] LogOutputStream:75 - [STDERR_REDIRECT] 
2026-09-13 10:16:28,286 [ERROR] LogOutputStream:75 - [STDERR_REDIRECT] [Fatal Error] :1:1: Premature end of file.
2026-09-13 10:16:28,286 [ERROR] LogOutputStream:75 - [STDERR_REDIRECT] 
2026-09-13 10:16:29,282 [ERROR] LogOutputStream:75 - [STDERR_REDIRECT] [Fatal Error] :1:1: Premature end of file.
2026-09-13 10:16:29,282 [ERROR] LogOutputStream:75 - [STDERR_REDIRECT] 
2026-09-13 10:16:30,281 [ERROR] LogOutputStream:75 - [STDERR_REDIRECT] [Fatal Error] :1:1: Premature end of file.
2026-09-13 10:16:30,281 [ERROR] LogOutputStream:75 - [STDERR_REDIRECT] 
2026-09-13 10:16:31,299 [ERROR] LogOutputStream:75 - [STDERR_REDIRECT] [Fatal Error] :1:1: Premature end of file.
2026-09-13 10:16:31,299 [ERROR] LogOutputStream:75 - [STDERR_REDIRECT] 
2026-09-13 10:16:32,297 [ERROR] LogOutputStream:75 - [STDERR_REDIRECT] [Fatal Error] :1:1: Premature end of file.
2026-09-13 10:16:32,298 [ERROR] LogOutputStream:75 - [STDERR_REDIRECT] 
2026-09-13 10:16:33,290 [ERROR] LogOutputStream:75 - [STDERR_REDIRECT] [Fatal Error] :1:1: Premature end of file.
2026-09-13 10:16:33,290 [ERROR] LogOutputStream:75 - [STDERR_REDIRECT] 
2026-09-13 10:16:34,287 [ERROR] LogOutputStream:75 - [STDERR_REDIRECT] [Fatal Error] :1:1: Premature end of file.
2026-09-13 10:16:34,287 [ERROR] LogOutputStream:75 - [STDERR_REDIRECT] 
2026-09-13 10:16:35,288 [ERROR] LogOutputStream:75 - [STDERR_REDIRECT] [Fatal Error] :1:1: Premature end of file.
2026-09-13 10:16:35,288 [ERROR] LogOutputStream:75 - [STDERR_REDIRECT] 
2026-09-13 10:16:36,283 [ERROR] LogOutputStream:75 - [STDERR_REDIRECT] [Fatal Error] :1:1: Premature end of file.
2026-09-13 10:16:36,283 [ERROR] LogOutputStream:75 - [STDERR_REDIRECT] 
2026-09-13 10:16:37,280 [ERROR] LogOutputStream:75 - [STDERR_REDIRECT] [Fatal Error] :1:1: Premature end of file.
2026-09-13 10:16:37,280 [ERROR] LogOutputStream:75 - [STDERR_REDIRECT] 
2026-09-13 10:16:38,281 [ERROR] LogOutputStream:75 - [STDERR_REDIRECT] [Fatal Error] :1:1: Premature end of file.
2026-09-13 10:16:38,282 [ERROR] LogOutputStream:75 - [STDERR_REDIRECT] 
2026-09-13 10:16:39,281 [ERROR] LogOutputStream:75 - [STDERR_REDIRECT] [Fatal Error] :1:1: Premature end of file.
2026-09-13 10:16:39,281 [ERROR] LogOutputStream:75 - [STDERR_REDIRECT] 
2026-09-13 10:16:40,284 [ERROR] LogOutputStream:75 - [STDERR_REDIRECT] [Fatal Error] :1:1: Premature end of file.
2026-09-13 10:16:40,285 [ERROR] LogOutputStream:75 - [STDERR_REDIRECT] 
2026-09-13 10:16:41,283 [ERROR] LogOutputStream:75 - [STDERR_REDIRECT] [Fatal Error] :1:1: Premature end of file.
2026-09-13 10:16:41,283 [ERROR] LogOutputStream:75 - [STDERR_REDIRECT] 
2026-09-13 10:16:42,283 [ERROR] LogOutputStream:75 - [STDERR_REDIRECT] [Fatal Error] :1:1: Premature end of file.
2026-09-13 10:16:42,283 [ERROR] LogOutputStream:75 - [STDERR_REDIRECT] 
2026-09-13 10:16:43,283 [ERROR] LogOutputStream:75 - [STDERR_REDIRECT] [Fatal Error] :1:1: Premature end of file.
2026-09-13 10:16:43,283 [ERROR] LogOutputStream:75 - [STDERR_REDIRECT] 
2026-09-13 10:16:44,281 [ERROR] LogOutputStream:75 - [STDERR_REDIRECT] [Fatal Error] :1:1: Premature end of file.
2026-09-13 10:16:44,281 [ERROR] LogOutputStream:75 - [STDERR_REDIRECT] 
2026-09-13 10:16:45,280 [ERROR] LogOutputStream:75 - [STDERR_REDIRECT] [Fatal Error] :1:1: Premature end of file.
2026-09-13 10:16:45,280 [ERROR] LogOutputStream:75 - [STDERR_REDIRECT] 
2026-09-13 10:16:46,286 [ERROR] LogOutputStream:75 - [STDERR_REDIRECT] [Fatal Error] :1:1: Premature end of file.
2026-09-13 10:16:46,286 [ERROR] LogOutputStream:75 - [STDERR_REDIRECT] 
2026-09-13 10:16:47,283 [ERROR] LogOutputStream:75 - [STDERR_REDIRECT] [Fatal Error] :1:1: Premature end of file.
2026-09-13 10:16:47,283 [ERROR] LogOutputStream:75 - [STDERR_REDIRECT] 
2026-09-13 10:16:48,280 [ERROR] LogOutputStream:75 - [STDERR_REDIRECT] [Fatal Error] :1:1: Premature end of file.
2026-09-13 10:16:48,281 [ERROR] LogOutputStream:75 - [STDERR_REDIRECT] 
2026-09-13 10:16:49,281 [ERROR] LogOutputStream:75 - [STDERR_REDIRECT] [Fatal Error] :1:1: Premature end of file.
2026-09-13 10:16:49,282 [ERROR] LogOutputStream:75 - [STDERR_REDIRECT] 
2026-09-13 10:16:50,288 [ERROR] LogOutputStream:75 - [STDERR_REDIRECT] [Fatal Error] :1:1: Premature end of file.
2026-09-13 10:16:50,289 [ERROR] LogOutputStream:75 - [STDERR_REDIRECT] 
2026-09-13 10:16:51,283 [ERROR] LogOutputStream:75 - [STDERR_REDIRECT] [Fatal Error] :1:1: Premature end of file.
2026-09-13 10:16:51,283 [ERROR] LogOutputStream:75 - [STDERR_REDIRECT] 
2026-09-13 10:16:52,286 [ERROR] LogOutputStream:75 - [STDERR_REDIRECT] [Fatal Error] :1:1: Premature end of file.
2026-09-13 10:16:52,287 [ERROR] LogOutputStream:75 - [STDERR_REDIRECT] 
2026-09-13 10:16:53,285 [ERROR] LogOutputStream:75 - [STDERR_REDIRECT] [Fatal Error] :1:1: Premature end of file.
2026-09-13 10:16:53,285 [ERROR] LogOutputStream:75 - [STDERR_REDIRECT] 
2026-09-13 10:16:54,284 [ERROR] LogOutputStream:75 - [STDERR_REDIRECT] [Fatal Error] :1:1: Premature end of file.
2026-09-13 10:16:54,284 [ERROR] LogOutputStream:75 - [STDERR_REDIRECT] 
2026-09-13 10:16:55,283 [ERROR] LogOutputStream:75 - [STDERR_REDIRECT] [Fatal Error] :1:1: Premature end of file.
2026-09-13 10:16:55,283 [ERROR] LogOutputStream:75 - [STDERR_REDIRECT] 
2026-09-13 10:16:56,284 [ERROR] LogOutputStream:75 - [STDERR_REDIRECT] [Fatal Error] :1:1: Premature end of file.
2026-09-13 10:16:56,284 [ERROR] LogOutputStream:75 - [STDERR_REDIRECT] 
2026-09-13 10:16:57,282 [ERROR] LogOutputStream:75 - [STDERR_REDIRECT] [Fatal Error] :1:1: Premature end of file.
2026-09-13 10:16:57,282 [ERROR] LogOutputStream:75 - [STDERR_REDIRECT] 
2026-09-13 10:16:58,282 [ERROR] LogOutputStream:75 - [STDERR_REDIRECT] [Fatal Error] :1:1: Premature end of file.
2026-09-13 10:16:58,282 [ERROR] LogOutputStream:75 - [STDERR_REDIRECT] 
2026-09-13 10:16:59,283 [ERROR] LogOutputStream:75 - [STDERR_REDIRECT] [Fatal Error] :1:1: Premature end of file.
2026-09-13 10:16:59,283 [ERROR] LogOutputStream:75 - [STDERR_REDIRECT] 
2026-09-13 10:17:00,281 [ERROR] LogOutputStream:75 - [STDERR_REDIRECT] [Fatal Error] :1:1: Premature end of file.
2026-09-13 10:17:00,281 [ERROR] LogOutputStream:75 - [STDERR_REDIRECT] 
2026-09-13 10:17:01,284 [ERROR] LogOutputStream:75 - [STDERR_REDIRECT] [Fatal Error] :1:1: Premature end of file.
2026-09-13 10:17:01,284 [ERROR] LogOutputStream:75 - [STDERR_REDIRECT] 
2026-09-13 10:17:02,282 [ERROR] LogOutputStream:75 - [STDERR_REDIRECT] [Fatal Error] :1:1: Premature end of file.
2026-09-13 10:17:02,282 [ERROR] LogOutputStream:75 - [STDERR_REDIRECT] 
2026-09-13 10:17:03,282 [ERROR] LogOutputStream:75 - [STDERR_REDIRECT] [Fatal Error] :1:1: Premature end of file.
2026-09-13 10:17:03,282 [ERROR] LogOutputStream:75 - [STDERR_REDIRECT] 
2026-09-13 10:17:04,282 [ERROR] LogOutputStream:75 - [STDERR_REDIRECT] [Fatal Error] :1:1: Premature end of file.
2026-09-13 10:17:04,282 [ERROR] LogOutputStream:75 - [STDERR_REDIRECT] 
2026-09-13 10:17:05,285 [ERROR] LogOutputStream:75 - [STDERR_REDIRECT] [Fatal Error] :1:1: Premature end of file.
2026-09-13 10:17:05,286 [ERROR] LogOutputStream:75 - [STDERR_REDIRECT] 
2026-09-13 10:17:06,281 [ERROR] LogOutputStream:75 - [STDERR_REDIRECT] [Fatal Error] :1:1: Premature end of file.
2026-09-13 10:17:06,281 [ERROR] LogOutputStream:75 - [STDERR_REDIRECT] 
2026-09-13 10:17:07,281 [ERROR] LogOutputStream:75 - [STDERR_REDIRECT] [Fatal Error] :1:1: Premature end of file.
2026-09-13 10:17:07,281 [ERROR] LogOutputStream:75 - [STDERR_REDIRECT] 
2026-09-13 10:17:08,284 [ERROR] LogOutputStream:75 - [STDERR_REDIRECT] [Fatal Error] :1:1: Premature end of file.
2026-09-13 10:17:08,284 [ERROR] LogOutputStream:75 - [STDERR_REDIRECT] 
2026-09-13 10:17:09,285 [ERROR] LogOutputStream:75 - [STDERR_REDIRECT] [Fatal Error] :1:1: Premature end of file.
2026-09-13 10:17:09,285 [ERROR] LogOutputStream:75 - [STDERR_REDIRECT] 
2026-09-13 10:17:10,285 [ERROR] LogOutputStream:75 - [STDERR_REDIRECT] [Fatal Error] :1:1: Premature end of file.
2026-09-13 10:17:10,285 [ERROR] LogOutputStream:75 - [STDERR_REDIRECT] 
2026-09-13 10:17:11,281 [ERROR] LogOutputStream:75 - [STDERR_REDIRECT] [Fatal Error] :1:1: Premature end of file.
2026-09-13 10:17:11,282 [ERROR] LogOutputStream:75 - [STDERR_REDIRECT] 
2026-09-13 10:17:12,282 [ERROR] LogOutputStream:75 - [STDERR_REDIRECT] [Fatal Error] :1:1: Premature end of file.
2026-09-13 10:17:12,282 [ERROR] LogOutputStream:75 - [STDERR_REDIRECT] 
2026-09-13 10:17:13,280 [ERROR] LogOutputStream:75 - [STDERR_REDIRECT] [Fatal Error] :1:1: Premature end of file.
2026-09-13 10:17:13,280 [ERROR] LogOutputStream:75 - [STDERR_REDIRECT] 
2026-09-13 10:17:14,282 [ERROR] LogOutputStream:75 - [STDERR_REDIRECT] [Fatal Error] :1:1: Premature end of file.
2026-09-13 10:17:14,283 [ERROR] LogOutputStream:75 - [STDERR_REDIRECT] 
2026-09-13 10:17:15,287 [ERROR] LogOutputStream:75 - [STDERR_REDIRECT] [Fatal Error] :1:1: Premature end of file.
2026-09-13 10:17:15,287 [ERROR] LogOutputStream:75 - [STDERR_REDIRECT] 
2026-09-13 10:17:16,281 [ERROR] LogOutputStream:75 - [STDERR_REDIRECT] [Fatal Error] :1:1: Premature end of file.
2026-09-13 10:17:16,281 [ERROR] LogOutputStream:75 - [STDERR_REDIRECT] 
2026-09-13 10:17:17,282 [ERROR] LogOutputStream:75 - [STDERR_REDIRECT] [Fatal Error] :1:1: Premature end of file.
2026-09-13 10:17:17,282 [ERROR] LogOutputStream:75 - [STDERR_REDIRECT] 
2026-09-13 10:17:18,289 [ERROR] LogOutputStream:75 - [STDERR_REDIRECT] [Fatal Error] :1:1: Premature end of file.
2026-09-13 10:17:18,289 [ERROR] LogOutputStream:75 - [STDERR_REDIRECT] 
2026-09-13 10:17:19,286 [ERROR] LogOutputStream:75 - [STDERR_REDIRECT] [Fatal Error] :1:1: Premature end of file.
2026-09-13 10:17:19,286 [ERROR] LogOutputStream:75 - [STDERR_REDIRECT] 
2026-09-13 10:17:20,281 [ERROR] LogOutputStream:75 - [STDERR_REDIRECT] [Fatal Error] :1:1: Premature end of file.
2026-09-13 10:17:20,282 [ERROR] LogOutputStream:75 - [STDERR_REDIRECT] 
2026-09-13 10:17:21,283 [ERROR] LogOutputStream:75 - [STDERR_REDIRECT] [Fatal Error] :1:1: Premature end of file.
2026-09-13 10:17:21,283 [ERROR] LogOutputStream:75 - [STDERR_REDIRECT] 
2026-09-13 10:17:22,282 [ERROR] LogOutputStream:75 - [STDERR_REDIRECT] [Fatal Error] :1:1: Premature end of file.
2026-09-13 10:17:22,282 [ERROR] LogOutputStream:75 - [STDERR_REDIRECT] 
2026-09-13 10:17:23,281 [ERROR] LogOutputStream:75 - [STDERR_REDIRECT] [Fatal Error] :1:1: Premature end of file.
2026-09-13 10:17:23,281 [ERROR] LogOutputStream:75 - [STDERR_REDIRECT] 
2026-09-13 10:17:24,284 [ERROR] LogOutputStream:75 - [STDERR_REDIRECT] [Fatal Error] :1:1: Premature end of file.
2026-09-13 10:17:24,284 [ERROR] LogOutputStream:75 - [STDERR_REDIRECT] 
2026-09-13 10:17:25,286 [ERROR] LogOutputStream:75 - [STDERR_REDIRECT] [Fatal Error] :1:1: Premature end of file.
2026-09-13 10:17:25,286 [ERROR] LogOutputStream:75 - [STDERR_REDIRECT] 
2026-09-13 10:17:26,284 [ERROR] LogOutputStream:75 - [STDERR_REDIRECT] [Fatal Error] :1:1: Premature end of file.
2026-09-13 10:17:26,284 [ERROR] LogOutputStream:75 - [STDERR_REDIRECT] 
2026-09-13 10:17:27,280 [ERROR] LogOutputStream:75 - [STDERR_REDIRECT] [Fatal Error] :1:1: Premature end of file.
2026-09-13 10:17:27,281 [ERROR] LogOutputStream:75 - [STDERR_REDIRECT] 
2026-09-13 10:17:28,282 [ERROR] LogOutputStream:75 - [STDERR_REDIRECT] [Fatal Error] :1:1: Premature end of file.
2026-09-13 10:17:28,282 [ERROR] LogOutputStream:75 - [STDERR_REDIRECT] 
2026-09-13 10:17:29,279 [ERROR] LogOutputStream:75 - [STDERR_REDIRECT] [Fatal Error] :1:1: Premature end of file.
2026-09-13 10:17:29,280 [ERROR] LogOutputStream:75 - [STDERR_REDIRECT] 
2026-09-13 10:17:30,280 [ERROR] LogOutputStream:75 - [STDERR_REDIRECT] [Fatal Error] :1:1: Premature end of file.
2026-09-13 10:17:30,280 [ERROR] LogOutputStream:75 - [STDERR_REDIRECT] 
2026-09-13 10:17:31,281 [ERROR] LogOutputStream:75 - [STDERR_REDIRECT] [Fatal Error] :1:1: Premature end of file.
2026-09-13 10:17:31,281 [ERROR] LogOutputStream:75 - [STDERR_REDIRECT] 
2026-09-13 10:17:32,283 [ERROR] LogOutputStream:75 - [STDERR_REDIRECT] [Fatal Error] :1:1: Premature end of file.
2026-09-13 10:17:32,284 [ERROR] LogOutputStream:75 - [STDERR_REDIRECT] 
2026-09-13 10:17:33,284 [ERROR] LogOutputStream:75 - [STDERR_REDIRECT] [Fatal Error] :1:1: Premature end of file.
2026-09-13 10:17:33,284 [ERROR] LogOutputStream:75 - [STDERR_REDIRECT] 
2026-09-13 10:17:34,284 [ERROR] LogOutputStream:75 - [STDERR_REDIRECT] [Fatal Error] :1:1: Premature end of file.
2026-09-13 10:17:34,284 [ERROR] LogOutputStream:75 - [STDERR_REDIRECT] 
2026-09-13 10:17:35,281 [ERROR] LogOutputStream:75 - [STDERR_REDIRECT] [Fatal Error] :1:1: Premature end of file.
2026-09-13 10:17:35,281 [ERROR] LogOutputStream:75 - [STDERR_REDIRECT] 
2026-09-13 10:17:36,283 [ERROR] LogOutputStream:75 - [STDERR_REDIRECT] [Fatal Error] :1:1: Premature end of file.
2026-09-13 10:17:36,283 [ERROR] LogOutputStream:75 - [STDERR_REDIRECT] 
2026-09-13 10:17:37,279 [ERROR] LogOutputStream:75 - [STDERR_REDIRECT] [Fatal Error] :1:1: Premature end of file.
2026-09-13 10:17:37,280 [ERROR] LogOutputStream:75 - [STDERR_REDIRECT] 
2026-09-13 10:17:38,281 [ERROR] LogOutputStream:75 - [STDERR_REDIRECT] [Fatal Error] :1:1: Premature end of file.
2026-09-13 10:17:38,281 [ERROR] LogOutputStream:75 - [STDERR_REDIRECT] 
2026-09-13 10:17:39,285 [ERROR] LogOutputStream:75 - [STDERR_REDIRECT] [Fatal Error] :1:1: Premature end of file.
2026-09-13 10:17:39,285 [ERROR] LogOutputStream:75 - [STDERR_REDIRECT] 
2026-09-13 10:17:40,286 [ERROR] LogOutputStream:75 - [STDERR_REDIRECT] [Fatal Error] :1:1: Premature end of file.
2026-09-13 10:17:40,286 [ERROR] LogOutputStream:75 - [STDERR_REDIRECT] 
2026-09-13 10:17:41,281 [ERROR] LogOutputStream:75 - [STDERR_REDIRECT] [Fatal Error] :1:1: Premature end of file.
2026-09-13 10:17:41,281 [ERROR] LogOutputStream:75 - [STDERR_REDIRECT] 
2026-09-13 10:17:42,278 [ERROR] LogOutputStream:75 - [STDERR_REDIRECT] [Fatal Error] :1:1: Premature end of file.
2026-09-13 10:17:42,278 [ERROR] LogOutputStream:75 - [STDERR_REDIRECT] 
2026-09-13 10:17:43,282 [ERROR] LogOutputStream:75 - [STDERR_REDIRECT] [Fatal Error] :1:1: Premature end of file.
2026-09-13 10:17:43,282 [ERROR] LogOutputStream:75 - [STDERR_REDIRECT] 
2026-09-13 10:17:44,284 [ERROR] LogOutputStream:75 - [STDERR_REDIRECT] [Fatal Error] :1:1: Premature end of file.
2026-09-13 10:17:44,284 [ERROR] LogOutputStream:75 - [STDERR_REDIRECT] 
2026-09-13 10:17:45,284 [ERROR] LogOutputStream:75 - [STDERR_REDIRECT] [Fatal Error] :1:1: Premature end of file.
2026-09-13 10:17:45,284 [ERROR] LogOutputStream:75 - [STDERR_REDIRECT] 
2026-09-13 10:17:46,284 [ERROR] LogOutputStream:75 - [STDERR_REDIRECT] [Fatal Error] :1:1: Premature end of file.
2026-09-13 10:17:46,284 [ERROR] LogOutputStream:75 - [STDERR_REDIRECT] 
2026-09-13 10:17:47,284 [ERROR] LogOutputStream:75 - [STDERR_REDIRECT] [Fatal Error] :1:1: Premature end of file.
2026-09-13 10:17:47,284 [ERROR] LogOutputStream:75 - [STDERR_REDIRECT] 
2026-09-13 10:17:48,286 [ERROR] LogOutputStream:75 - [STDERR_REDIRECT] [Fatal Error] :1:1: Premature end of file.
2026-09-13 10:17:48,286 [ERROR] LogOutputStream:75 - [STDERR_REDIRECT] 
2026-09-13 10:17:49,282 [ERROR] LogOutputStream:75 - [STDERR_REDIRECT] [Fatal Error] :1:1: Premature end of file.
2026-09-13 10:17:49,282 [ERROR] LogOutputStream:75 - [STDERR_REDIRECT] 
2026-09-13 10:17:50,279 [ERROR] LogOutputStream:75 - [STDERR_REDIRECT] [Fatal Error] :1:1: Premature end of file.
2026-09-13 10:17:50,281 [ERROR] LogOutputStream:75 - [STDERR_REDIRECT] 
2026-09-13 10:17:51,281 [ERROR] LogOutputStream:75 - [STDERR_REDIRECT] [Fatal Error] :1:1: Premature end of file.
2026-09-13 10:17:51,281 [ERROR] LogOutputStream:75 - [STDERR_REDIRECT] 
2026-09-13 10:17:52,281 [ERROR] LogOutputStream:75 - [STDERR_REDIRECT] [Fatal Error] :1:1: Premature end of file.
2026-09-13 10:17:52,281 [ERROR] LogOutputStream:75 - [STDERR_REDIRECT] 
2026-09-13 10:17:53,282 [ERROR] LogOutputStream:75 - [STDERR_REDIRECT] [Fatal Error] :1:1: Premature end of file.
2026-09-13 10:17:53,282 [ERROR] LogOutputStream:75 - [STDERR_REDIRECT] 
2026-09-13 10:17:54,286 [ERROR] LogOutputStream:75 - [STDERR_REDIRECT] [Fatal Error] :1:1: Premature end of file.
2026-09-13 10:17:54,287 [ERROR] LogOutputStream:75 - [STDERR_REDIRECT] 
2026-09-13 10:17:55,282 [ERROR] LogOutputStream:75 - [STDERR_REDIRECT] [Fatal Error] :1:1: Premature end of file.
2026-09-13 10:17:55,282 [ERROR] LogOutputStream:75 - [STDERR_REDIRECT] 
2026-09-13 10:17:56,281 [ERROR] LogOutputStream:75 - [STDERR_REDIRECT] [Fatal Error] :1:1: Premature end of file.
2026-09-13 10:17:56,282 [ERROR] LogOutputStream:75 - [STDERR_REDIRECT] 
2026-09-13 10:17:57,289 [ERROR] LogOutputStream:75 - [STDERR_REDIRECT] [Fatal Error] :1:1: Premature end of file.
2026-09-13 10:17:57,289 [ERROR] LogOutputStream:75 - [STDERR_REDIRECT] 
2026-09-13 10:17:58,286 [ERROR] LogOutputStream:75 - [STDERR_REDIRECT] [Fatal Error] :1:1: Premature end of file.
2026-09-13 10:17:58,286 [ERROR] LogOutputStream:75 - [STDERR_REDIRECT] 
2026-09-13 10:17:59,281 [ERROR] LogOutputStream:75 - [STDERR_REDIRECT] [Fatal Error] :1:1: Premature end of file.
2026-09-13 10:17:59,281 [ERROR] LogOutputStream:75 - [STDERR_REDIRECT] 
2026-09-13 10:18:00,280 [ERROR] LogOutputStream:75 - [STDERR_REDIRECT] [Fatal Error] :1:1: Premature end of file.
2026-09-13 10:18:00,281 [ERROR] LogOutputStream:75 - [STDERR_REDIRECT] 
2026-09-13 10:18:01,283 [ERROR] LogOutputStream:75 - [STDERR_REDIRECT] [Fatal Error] :1:1: Premature end of file.
2026-09-13 10:18:01,283 [ERROR] LogOutputStream:75 - [STDERR_REDIRECT] 
2026-09-13 10:18:02,281 [ERROR] LogOutputStream:75 - [STDERR_REDIRECT] [Fatal Error] :1:1: Premature end of file.
2026-09-13 10:18:02,282 [ERROR] LogOutputStream:75 - [STDERR_REDIRECT] 
2026-09-13 10:18:03,282 [ERROR] LogOutputStream:75 - [STDERR_REDIRECT] [Fatal Error] :1:1: Premature end of file.
2026-09-13 10:18:03,282 [ERROR] LogOutputStream:75 - [STDERR_REDIRECT] 
2026-09-13 10:18:04,281 [ERROR] LogOutputStream:75 - [STDERR_REDIRECT] [Fatal Error] :1:1: Premature end of file.
2026-09-13 10:18:04,281 [ERROR] LogOutputStream:75 - [STDERR_REDIRECT] 
2026-09-13 10:18:05,281 [ERROR] LogOutputStream:75 - [STDERR_REDIRECT] [Fatal Error] :1:1: Premature end of file.
2026-09-13 10:18:05,281 [ERROR] LogOutputStream:75 - [STDERR_REDIRECT] 
2026-09-13 10:18:06,284 [ERROR] LogOutputStream:75 - [STDERR_REDIRECT] [Fatal Error] :1:1: Premature end of file.
2026-09-13 10:18:06,284 [ERROR] LogOutputStream:75 - [STDERR_REDIRECT] 
2026-09-13 10:18:07,283 [ERROR] LogOutputStream:75 - [STDERR_REDIRECT] [Fatal Error] :1:1: Premature end of file.
2026-09-13 10:18:07,283 [ERROR] LogOutputStream:75 - [STDERR_REDIRECT] 
2026-09-13 10:18:08,289 [ERROR] LogOutputStream:75 - [STDERR_REDIRECT] [Fatal Error] :1:1: Premature end of file.
2026-09-13 10:18:08,289 [ERROR] LogOutputStream:75 - [STDERR_REDIRECT] 
2026-09-13 10:18:09,280 [ERROR] LogOutputStream:75 - [STDERR_REDIRECT] [Fatal Error] :1:1: Premature end of file.
2026-09-13 10:18:09,280 [ERROR] LogOutputStream:75 - [STDERR_REDIRECT] 
2026-09-13 10:18:10,282 [ERROR] LogOutputStream:75 - [STDERR_REDIRECT] [Fatal Error] :1:1: Premature end of file.
2026-09-13 10:18:10,282 [ERROR] LogOutputStream:75 - [STDERR_REDIRECT] 
2026-09-13 10:18:11,285 [ERROR] LogOutputStream:75 - [STDERR_REDIRECT] [Fatal Error] :1:1: Premature end of file.
2026-09-13 10:18:11,286 [ERROR] LogOutputStream:75 - [STDERR_REDIRECT] 
2026-09-13 10:18:12,280 [ERROR] LogOutputStream:75 - [STDERR_REDIRECT] [Fatal Error] :1:1: Premature end of file.
2026-09-13 10:18:12,280 [ERROR] LogOutputStream:75 - [STDERR_REDIRECT] 
2026-09-13 10:18:13,281 [ERROR] LogOutputStream:75 - [STDERR_REDIRECT] [Fatal Error] :1:1: Premature end of file.
2026-09-13 10:18:13,281 [ERROR] LogOutputStream:75 - [STDERR_REDIRECT] 
2026-09-13 10:18:14,289 [ERROR] LogOutputStream:75 - [STDERR_REDIRECT] [Fatal Error] :1:1: Premature end of file.
2026-09-13 10:18:14,289 [ERROR] LogOutputStream:75 - [STDERR_REDIRECT] 
2026-09-13 10:18:15,283 [ERROR] LogOutputStream:75 - [STDERR_REDIRECT] [Fatal Error] :1:1: Premature end of file.
2026-09-13 10:18:15,283 [ERROR] LogOutputStream:75 - [STDERR_REDIRECT] 
2026-09-13 10:18:16,282 [ERROR] LogOutputStream:75 - [STDERR_REDIRECT] [Fatal Error] :1:1: Premature end of file.
2026-09-13 10:18:16,283 [ERROR] LogOutputStream:75 - [STDERR_REDIRECT] 
2026-09-13 10:18:17,279 [ERROR] LogOutputStream:75 - [STDERR_REDIRECT] [Fatal Error] :1:1: Premature end of file.
2026-09-13 10:18:17,279 [ERROR] LogOutputStream:75 - [STDERR_REDIRECT] 
2026-09-13 10:18:18,281 [ERROR] LogOutputStream:75 - [STDERR_REDIRECT] [Fatal Error] :1:1: Premature end of file.
2026-09-13 10:18:18,281 [ERROR] LogOutputStream:75 - [STDERR_REDIRECT] 
2026-09-13 10:18:19,282 [ERROR] LogOutputStream:75 - [STDERR_REDIRECT] [Fatal Error] :1:1: Premature end of file.
2026-09-13 10:18:19,282 [ERROR] LogOutputStream:75 - [STDERR_REDIRECT] 
2026-09-13 10:18:20,282 [ERROR] LogOutputStream:75 - [STDERR_REDIRECT] [Fatal Error] :1:1: Premature end of file.
2026-09-13 10:18:20,282 [ERROR] LogOutputStream:75 - [STDERR_REDIRECT] 
2026-09-13 10:18:21,279 [ERROR] LogOutputStream:75 - [STDERR_REDIRECT] [Fatal Error] :1:1: Premature end of file.
2026-09-13 10:18:21,279 [ERROR] LogOutputStream:75 - [STDERR_REDIRECT] 
2026-09-13 10:18:22,280 [ERROR] LogOutputStream:75 - [STDERR_REDIRECT] [Fatal Error] :1:1: Premature end of file.
2026-09-13 10:18:22,280 [ERROR] LogOutputStream:75 - [STDERR_REDIRECT] 
2026-09-13 10:18:23,281 [ERROR] LogOutputStream:75 - [STDERR_REDIRECT] [Fatal Error] :1:1: Premature end of file.
2026-09-13 10:18:23,281 [ERROR] LogOutputStream:75 - [STDERR_REDIRECT] 
2026-09-13 10:18:24,287 [ERROR] LogOutputStream:75 - [STDERR_REDIRECT] [Fatal Error] :1:1: Premature end of file.
2026-09-13 10:18:24,288 [ERROR] LogOutputStream:75 - [STDERR_REDIRECT] 
2026-09-13 10:18:25,283 [ERROR] LogOutputStream:75 - [STDERR_REDIRECT] [Fatal Error] :1:1: Premature end of file.
2026-09-13 10:18:25,283 [ERROR] LogOutputStream:75 - [STDERR_REDIRECT] 
2026-09-13 10:18:26,280 [ERROR] LogOutputStream:75 - [STDERR_REDIRECT] [Fatal Error] :1:1: Premature end of file.
2026-09-13 10:18:26,280 [ERROR] LogOutputStream:75 - [STDERR_REDIRECT] 
2026-09-13 10:18:27,279 [ERROR] LogOutputStream:75 - [STDERR_REDIRECT] [Fatal Error] :1:1: Premature end of file.
2026-09-13 10:18:27,280 [ERROR] LogOutputStream:75 - [STDERR_REDIRECT] 
2026-09-13 10:18:28,284 [ERROR] LogOutputStream:75 - [STDERR_REDIRECT] [Fatal Error] :1:1: Premature end of file.
2026-09-13 10:18:28,284 [ERROR] LogOutputStream:75 - [STDERR_REDIRECT] 
2026-09-13 10:18:29,284 [ERROR] LogOutputStream:75 - [STDERR_REDIRECT] [Fatal Error] :1:1: Premature end of file.
2026-09-13 10:18:29,285 [ERROR] LogOutputStream:75 - [STDERR_REDIRECT] 
2026-09-13 10:18:30,293 [ERROR] LogOutputStream:75 - [STDERR_REDIRECT] [Fatal Error] :1:1: Premature end of file.
2026-09-13 10:18:30,293 [ERROR] LogOutputStream:75 - [STDERR_REDIRECT] 
2026-09-13 10:18:31,286 [ERROR] LogOutputStream:75 - [STDERR_REDIRECT] [Fatal Error] :1:1: Premature end of file.
2026-09-13 10:18:31,287 [ERROR] LogOutputStream:75 - [STDERR_REDIRECT] 
2026-09-13 10:18:32,278 [ERROR] LogOutputStream:75 - [STDERR_REDIRECT] [Fatal Error] :1:1: Premature end of file.
2026-09-13 10:18:32,278 [ERROR] LogOutputStream:75 - [STDERR_REDIRECT] 
2026-09-13 10:18:33,286 [ERROR] LogOutputStream:75 - [STDERR_REDIRECT] [Fatal Error] :1:1: Premature end of file.
2026-09-13 10:18:33,287 [ERROR] LogOutputStream:75 - [STDERR_REDIRECT] 
2026-09-13 10:18:34,280 [ERROR] LogOutputStream:75 - [STDERR_REDIRECT] [Fatal Error] :1:1: Premature end of file.
2026-09-13 10:18:34,280 [ERROR] LogOutputStream:75 - [STDERR_REDIRECT] 
2026-09-13 10:18:35,278 [ERROR] LogOutputStream:75 - [STDERR_REDIRECT] [Fatal Error] :1:1: Premature end of file.
2026-09-13 10:18:35,278 [ERROR] LogOutputStream:75 - [STDERR_REDIRECT] 
2026-09-13 10:18:36,300 [ERROR] LogOutputStream:75 - [STDERR_REDIRECT] [Fatal Error] :1:1: Premature end of file.
2026-09-13 10:18:36,300 [ERROR] LogOutputStream:75 - [STDERR_REDIRECT] 
2026-09-13 10:18:37,283 [ERROR] LogOutputStream:75 - [STDERR_REDIRECT] [Fatal Error] :1:1: Premature end of file.
2026-09-13 10:18:37,283 [ERROR] LogOutputStream:75 - [STDERR_REDIRECT] 
2026-09-13 10:18:38,273 [ERROR] LogOutputStream:75 - [STDERR_REDIRECT] [Fatal Error] :1:1: Premature end of file.
2026-09-13 10:18:38,273 [ERROR] LogOutputStream:75 - [STDERR_REDIRECT] 
2026-09-13 10:18:39,283 [ERROR] LogOutputStream:75 - [STDERR_REDIRECT] [Fatal Error] :1:1: Premature end of file.
2026-09-13 10:18:39,283 [ERROR] LogOutputStream:75 - [STDERR_REDIRECT] 
2026-09-13 10:18:40,279 [ERROR] LogOutputStream:75 - [STDERR_REDIRECT] [Fatal Error] :1:1: Premature end of file.
2026-09-13 10:18:40,280 [ERROR] LogOutputStream:75 - [STDERR_REDIRECT] 
2026-09-13 10:18:41,285 [ERROR] LogOutputStream:75 - [STDERR_REDIRECT] [Fatal Error] :1:1: Premature end of file.
2026-09-13 10:18:41,286 [ERROR] LogOutputStream:75 - [STDERR_REDIRECT] 
2026-09-13 10:18:42,281 [ERROR] LogOutputStream:75 - [STDERR_REDIRECT] [Fatal Error] :1:1: Premature end of file.
2026-09-13 10:18:42,281 [ERROR] LogOutputStream:75 - [STDERR_REDIRECT] 
2026-09-13 10:18:43,280 [ERROR] LogOutputStream:75 - [STDERR_REDIRECT] [Fatal Error] :1:1: Premature end of file.
2026-09-13 10:18:43,281 [ERROR] LogOutputStream:75 - [STDERR_REDIRECT] 
2026-09-13 10:18:44,279 [ERROR] LogOutputStream:75 - [STDERR_REDIRECT] [Fatal Error] :1:1: Premature end of file.
2026-09-13 10:18:44,281 [ERROR] LogOutputStream:75 - [STDERR_REDIRECT] 
2026-09-13 10:18:45,282 [ERROR] LogOutputStream:75 - [STDERR_REDIRECT] [Fatal Error] :1:1: Premature end of file.
2026-09-13 10:18:45,282 [ERROR] LogOutputStream:75 - [STDERR_REDIRECT] 
2026-09-13 10:18:46,283 [ERROR] LogOutputStream:75 - [STDERR_REDIRECT] [Fatal Error] :1:1: Premature end of file.
2026-09-13 10:18:46,283 [ERROR] LogOutputStream:75 - [STDERR_REDIRECT] 
2026-09-13 10:18:47,289 [ERROR] LogOutputStream:75 - [STDERR_REDIRECT] [Fatal Error] :1:1: Premature end of file.
2026-09-13 10:18:47,289 [ERROR] LogOutputStream:75 - [STDERR_REDIRECT] 
2026-09-13 10:18:48,282 [ERROR] LogOutputStream:75 - [STDERR_REDIRECT] [Fatal Error] :1:1: Premature end of file.
2026-09-13 10:18:48,282 [ERROR] LogOutputStream:75 - [STDERR_REDIRECT] 
2026-09-13 10:18:49,285 [ERROR] LogOutputStream:75 - [STDERR_REDIRECT] [Fatal Error] :1:1: Premature end of file.
2026-09-13 10:18:49,285 [ERROR] LogOutputStream:75 - [STDERR_REDIRECT] 
2026-09-13 10:18:50,283 [ERROR] LogOutputStream:75 - [STDERR_REDIRECT] [Fatal Error] :1:1: Premature end of file.
2026-09-13 10:18:50,283 [ERROR] LogOutputStream:75 - [STDERR_REDIRECT] 
2026-09-13 10:18:51,281 [ERROR] LogOutputStream:75 - [STDERR_REDIRECT] [Fatal Error] :1:1: Premature end of file.
2026-09-13 10:18:51,281 [ERROR] LogOutputStream:75 - [STDERR_REDIRECT] 
2026-09-13 10:18:52,282 [ERROR] LogOutputStream:75 - [STDERR_REDIRECT] [Fatal Error] :1:1: Premature end of file.
2026-09-13 10:18:52,282 [ERROR] LogOutputStream:75 - [STDERR_REDIRECT] 
2026-09-13 10:18:53,287 [ERROR] LogOutputStream:75 - [STDERR_REDIRECT] [Fatal Error] :1:1: Premature end of file.
2026-09-13 10:18:53,287 [ERROR] LogOutputStream:75 - [STDERR_REDIRECT] 
2026-09-13 10:18:54,288 [ERROR] LogOutputStream:75 - [STDERR_REDIRECT] [Fatal Error] :1:1: Premature end of file.
2026-09-13 10:18:54,288 [ERROR] LogOutputStream:75 - [STDERR_REDIRECT] 
2026-09-13 10:18:55,283 [ERROR] LogOutputStream:75 - [STDERR_REDIRECT] [Fatal Error] :1:1: Premature end of file.
2026-09-13 10:18:55,283 [ERROR] LogOutputStream:75 - [STDERR_REDIRECT] 
2026-09-13 10:18:56,284 [ERROR] LogOutputStream:75 - [STDERR_REDIRECT] [Fatal Error] :1:1: Premature end of file.
2026-09-13 10:18:56,284 [ERROR] LogOutputStream:75 - [STDERR_REDIRECT] 
2026-09-13 10:18:57,286 [ERROR] LogOutputStream:75 - [STDERR_REDIRECT] [Fatal Error] :1:1: Premature end of file.
2026-09-13 10:18:57,286 [ERROR] LogOutputStream:75 - [STDERR_REDIRECT] 
2026-09-13 10:18:58,282 [ERROR] LogOutputStream:75 - [STDERR_REDIRECT] [Fatal Error] :1:1: Premature end of file.
2026-09-13 10:18:58,282 [ERROR] LogOutputStream:75 - [STDERR_REDIRECT] 
2026-09-13 10:18:59,285 [ERROR] LogOutputStream:75 - [STDERR_REDIRECT] [Fatal Error] :1:1: Premature end of file.
2026-09-13 10:18:59,285 [ERROR] LogOutputStream:75 - [STDERR_REDIRECT] 
2026-09-13 10:19:00,280 [ERROR] LogOutputStream:75 - [STDERR_REDIRECT] [Fatal Error] :1:1: Premature end of file.
2026-09-13 10:19:00,280 [ERROR] LogOutputStream:75 - [STDERR_REDIRECT] 
2026-09-13 10:19:01,279 [ERROR] LogOutputStream:75 - [STDERR_REDIRECT] [Fatal Error] :1:1: Premature end of file.
2026-09-13 10:19:01,280 [ERROR] LogOutputStream:75 - [STDERR_REDIRECT] 
2026-09-13 10:19:02,280 [ERROR] LogOutputStream:75 - [STDERR_REDIRECT] [Fatal Error] :1:1: Premature end of file.
2026-09-13 10:19:02,280 [ERROR] LogOutputStream:75 - [STDERR_REDIRECT] 
2026-09-13 10:19:03,280 [ERROR] LogOutputStream:75 - [STDERR_REDIRECT] [Fatal Error] :1:1: Premature end of file.
2026-09-13 10:19:03,280 [ERROR] LogOutputStream:75 - [STDERR_REDIRECT] 
2026-09-13 10:19:04,278 [ERROR] LogOutputStream:75 - [STDERR_REDIRECT] [Fatal Error] :1:1: Premature end of file.
2026-09-13 10:19:04,278 [ERROR] LogOutputStream:75 - [STDERR_REDIRECT] 
2026-09-13 10:19:05,279 [ERROR] LogOutputStream:75 - [STDERR_REDIRECT] [Fatal Error] :1:1: Premature end of file.
2026-09-13 10:19:05,280 [ERROR] LogOutputStream:75 - [STDERR_REDIRECT] 
2026-09-13 10:19:06,291 [ERROR] LogOutputStream:75 - [STDERR_REDIRECT] [Fatal Error] :1:1: Premature end of file.
2026-09-13 10:19:06,291 [ERROR] LogOutputStream:75 - [STDERR_REDIRECT] 
2026-09-13 10:19:07,285 [ERROR] LogOutputStream:75 - [STDERR_REDIRECT] [Fatal Error] :1:1: Premature end of file.
2026-09-13 10:19:07,285 [ERROR] LogOutputStream:75 - [STDERR_REDIRECT] 
2026-09-13 10:19:08,286 [ERROR] LogOutputStream:75 - [STDERR_REDIRECT] [Fatal Error] :1:1: Premature end of file.
2026-09-13 10:19:08,287 [ERROR] LogOutputStream:75 - [STDERR_REDIRECT] 
2026-09-13 10:19:09,290 [ERROR] LogOutputStream:75 - [STDERR_REDIRECT] [Fatal Error] :1:1: Premature end of file.
2026-09-13 10:19:09,290 [ERROR] LogOutputStream:75 - [STDERR_REDIRECT] 
2026-09-13 10:19:10,280 [ERROR] LogOutputStream:75 - [STDERR_REDIRECT] [Fatal Error] :1:1: Premature end of file.
2026-09-13 10:19:10,280 [ERROR] LogOutputStream:75 - [STDERR_REDIRECT] 
2026-09-13 10:19:11,280 [ERROR] LogOutputStream:75 - [STDERR_REDIRECT] [Fatal Error] :1:1: Premature end of file.
2026-09-13 10:19:11,281 [ERROR] LogOutputStream:75 - [STDERR_REDIRECT] 
2026-09-13 10:19:12,279 [ERROR] LogOutputStream:75 - [STDERR_REDIRECT] [Fatal Error] :1:1: Premature end of file.
2026-09-13 10:19:12,280 [ERROR] LogOutputStream:75 - [STDERR_REDIRECT] 
2026-09-13 10:19:13,279 [ERROR] LogOutputStream:75 - [STDERR_REDIRECT] [Fatal Error] :1:1: Premature end of file.
2026-09-13 10:19:13,279 [ERROR] LogOutputStream:75 - [STDERR_REDIRECT] 
2026-09-13 10:19:14,280 [ERROR] LogOutputStream:75 - [STDERR_REDIRECT] [Fatal Error] :1:1: Premature end of file.
2026-09-13 10:19:14,280 [ERROR] LogOutputStream:75 - [STDERR_REDIRECT] 
2026-09-13 10:19:15,280 [ERROR] LogOutputStream:75 - [STDERR_REDIRECT] [Fatal Error] :1:1: Premature end of file.
2026-09-13 10:19:15,280 [ERROR] LogOutputStream:75 - [STDERR_REDIRECT] 
2026-09-13 10:19:16,279 [ERROR] LogOutputStream:75 - [STDERR_REDIRECT] [Fatal Error] :1:1: Premature end of file.
2026-09-13 10:19:16,279 [ERROR] LogOutputStream:75 - [STDERR_REDIRECT] 
2026-09-13 10:19:17,283 [ERROR] LogOutputStream:75 - [STDERR_REDIRECT] [Fatal Error] :1:1: Premature end of file.
2026-09-13 10:19:17,284 [ERROR] LogOutputStream:75 - [STDERR_REDIRECT] 
2026-09-13 10:19:18,281 [ERROR] LogOutputStream:75 - [STDERR_REDIRECT] [Fatal Error] :1:1: Premature end of file.
2026-09-13 10:19:18,282 [ERROR] LogOutputStream:75 - [STDERR_REDIRECT] 
2026-09-13 10:19:19,284 [ERROR] LogOutputStream:75 - [STDERR_REDIRECT] [Fatal Error] :1:1: Premature end of file.
2026-09-13 10:19:19,284 [ERROR] LogOutputStream:75 - [STDERR_REDIRECT] 
2026-09-13 10:19:20,285 [ERROR] LogOutputStream:75 - [STDERR_REDIRECT] [Fatal Error] :1:1: Premature end of file.
2026-09-13 10:19:20,285 [ERROR] LogOutputStream:75 - [STDERR_REDIRECT] 
2026-09-13 10:19:21,290 [ERROR] LogOutputStream:75 - [STDERR_REDIRECT] [Fatal Error] :1:1: Premature end of file.
2026-09-13 10:19:21,290 [ERROR] LogOutputStream:75 - [STDERR_REDIRECT] 
2026-09-13 10:19:22,283 [ERROR] LogOutputStream:75 - [STDERR_REDIRECT] [Fatal Error] :1:1: Premature end of file.
2026-09-13 10:19:22,283 [ERROR] LogOutputStream:75 - [STDERR_REDIRECT] 
2026-09-13 10:19:23,283 [ERROR] LogOutputStream:75 - [STDERR_REDIRECT] [Fatal Error] :1:1: Premature end of file.
2026-09-13 10:19:23,283 [ERROR] LogOutputStream:75 - [STDERR_REDIRECT] 
2026-09-13 10:19:24,290 [ERROR] LogOutputStream:75 - [STDERR_REDIRECT] [Fatal Error] :1:1: Premature end of file.
2026-09-13 10:19:24,291 [ERROR] LogOutputStream:75 - [STDERR_REDIRECT] 
2026-09-13 10:19:25,282 [ERROR] LogOutputStream:75 - [STDERR_REDIRECT] [Fatal Error] :1:1: Premature end of file.
2026-09-13 10:19:25,282 [ERROR] LogOutputStream:75 - [STDERR_REDIRECT] 
2026-09-13 10:19:26,284 [ERROR] LogOutputStream:75 - [STDERR_REDIRECT] [Fatal Error] :1:1: Premature end of file.
2026-09-13 10:19:26,285 [ERROR] LogOutputStream:75 - [STDERR_REDIRECT] 
2026-09-13 10:19:27,282 [ERROR] LogOutputStream:75 - [STDERR_REDIRECT] [Fatal Error] :1:1: Premature end of file.
2026-09-13 10:19:27,282 [ERROR] LogOutputStream:75 - [STDERR_REDIRECT] 
2026-09-13 10:19:28,283 [ERROR] LogOutputStream:75 - [STDERR_REDIRECT] [Fatal Error] :1:1: Premature end of file.
2026-09-13 10:19:28,284 [ERROR] LogOutputStream:75 - [STDERR_REDIRECT] 
2026-09-13 10:19:29,283 [ERROR] LogOutputStream:75 - [STDERR_REDIRECT] [Fatal Error] :1:1: Premature end of file.
2026-09-13 10:19:29,283 [ERROR] LogOutputStream:75 - [STDERR_REDIRECT] 
2026-09-13 10:19:30,284 [ERROR] LogOutputStream:75 - [STDERR_REDIRECT] [Fatal Error] :1:1: Premature end of file.
2026-09-13 10:19:30,284 [ERROR] LogOutputStream:75 - [STDERR_REDIRECT] 
2026-09-13 10:19:31,282 [ERROR] LogOutputStream:75 - [STDERR_REDIRECT] [Fatal Error] :1:1: Premature end of file.
2026-09-13 10:19:31,282 [ERROR] LogOutputStream:75 - [STDERR_REDIRECT] 
2026-09-13 10:19:32,285 [ERROR] LogOutputStream:75 - [STDERR_REDIRECT] [Fatal Error] :1:1: Premature end of file.
2026-09-13 10:19:32,286 [ERROR] LogOutputStream:75 - [STDERR_REDIRECT] 
2026-09-13 10:19:33,283 [ERROR] LogOutputStream:75 - [STDERR_REDIRECT] [Fatal Error] :1:1: Premature end of file.
2026-09-13 10:19:33,283 [ERROR] LogOutputStream:75 - [STDERR_REDIRECT] 
2026-09-13 10:19:34,287 [ERROR] LogOutputStream:75 - [STDERR_REDIRECT] [Fatal Error] :1:1: Premature end of file.
2026-09-13 10:19:34,287 [ERROR] LogOutputStream:75 - [STDERR_REDIRECT] 
2026-09-13 10:19:35,281 [ERROR] LogOutputStream:75 - [STDERR_REDIRECT] [Fatal Error] :1:1: Premature end of file.
2026-09-13 10:19:35,282 [ERROR] LogOutputStream:75 - [STDERR_REDIRECT] 
2026-09-13 10:19:36,286 [ERROR] LogOutputStream:75 - [STDERR_REDIRECT] [Fatal Error] :1:1: Premature end of file.
2026-09-13 10:19:36,286 [ERROR] LogOutputStream:75 - [STDERR_REDIRECT] 
2026-09-13 10:19:37,286 [ERROR] LogOutputStream:75 - [STDERR_REDIRECT] [Fatal Error] :1:1: Premature end of file.
2026-09-13 10:19:37,286 [ERROR] LogOutputStream:75 - [STDERR_REDIRECT] 
2026-09-13 10:19:38,281 [ERROR] LogOutputStream:75 - [STDERR_REDIRECT] [Fatal Error] :1:1: Premature end of file.
2026-09-13 10:19:38,281 [ERROR] LogOutputStream:75 - [STDERR_REDIRECT] 
2026-09-13 10:19:39,280 [ERROR] LogOutputStream:75 - [STDERR_REDIRECT] [Fatal Error] :1:1: Premature end of file.
2026-09-13 10:19:39,280 [ERROR] LogOutputStream:75 - [STDERR_REDIRECT] 
2026-09-13 10:19:40,282 [ERROR] LogOutputStream:75 - [STDERR_REDIRECT] [Fatal Error] :1:1: Premature end of file.
2026-09-13 10:19:40,282 [ERROR] LogOutputStream:75 - [STDERR_REDIRECT] 
2026-09-13 10:19:41,292 [ERROR] LogOutputStream:75 - [STDERR_REDIRECT] [Fatal Error] :1:1: Premature end of file.
2026-09-13 10:19:41,292 [ERROR] LogOutputStream:75 - [STDERR_REDIRECT] 
2026-09-13 10:19:42,281 [ERROR] LogOutputStream:75 - [STDERR_REDIRECT] [Fatal Error] :1:1: Premature end of file.
2026-09-13 10:19:42,281 [ERROR] LogOutputStream:75 - [STDERR_REDIRECT] 
2026-09-13 10:19:43,284 [ERROR] LogOutputStream:75 - [STDERR_REDIRECT] [Fatal Error] :1:1: Premature end of file.
2026-09-13 10:19:43,285 [ERROR] LogOutputStream:75 - [STDERR_REDIRECT] 
2026-09-13 10:19:44,285 [ERROR] LogOutputStream:75 - [STDERR_REDIRECT] [Fatal Error] :1:1: Premature end of file.
2026-09-13 10:19:44,285 [ERROR] LogOutputStream:75 - [STDERR_REDIRECT] 
2026-09-13 10:19:45,282 [ERROR] LogOutputStream:75 - [STDERR_REDIRECT] [Fatal Error] :1:1: Premature end of file.
2026-09-13 10:19:45,282 [ERROR] LogOutputStream:75 - [STDERR_REDIRECT] 
2026-09-13 10:19:46,281 [ERROR] LogOutputStream:75 - [STDERR_REDIRECT] [Fatal Error] :1:1: Premature end of file.
2026-09-13 10:19:46,281 [ERROR] LogOutputStream:75 - [STDERR_REDIRECT] 
2026-09-13 10:19:47,287 [ERROR] LogOutputStream:75 - [STDERR_REDIRECT] [Fatal Error] :1:1: Premature end of file.
2026-09-13 10:19:47,287 [ERROR] LogOutputStream:75 - [STDERR_REDIRECT] 
2026-09-13 10:19:48,284 [ERROR] LogOutputStream:75 - [STDERR_REDIRECT] [Fatal Error] :1:1: Premature end of file.
2026-09-13 10:19:48,284 [ERROR] LogOutputStream:75 - [STDERR_REDIRECT] 
2026-09-13 10:19:49,280 [ERROR] LogOutputStream:75 - [STDERR_REDIRECT] [Fatal Error] :1:1: Premature end of file.
2026-09-13 10:19:49,280 [ERROR] LogOutputStream:75 - [STDERR_REDIRECT] 
2026-09-13 10:19:50,288 [ERROR] LogOutputStream:75 - [STDERR_REDIRECT] [Fatal Error] :1:1: Premature end of file.
2026-09-13 10:19:50,288 [ERROR] LogOutputStream:75 - [STDERR_REDIRECT] 
2026-09-13 10:19:51,287 [ERROR] LogOutputStream:75 - [STDERR_REDIRECT] [Fatal Error] :1:1: Premature end of file.
2026-09-13 10:19:51,287 [ERROR] LogOutputStream:75 - [STDERR_REDIRECT] 
2026-09-13 10:19:52,284 [ERROR] LogOutputStream:75 - [STDERR_REDIRECT] [Fatal Error] :1:1: Premature end of file.
2026-09-13 10:19:52,284 [ERROR] LogOutputStream:75 - [STDERR_REDIRECT] 
2026-09-13 10:19:53,284 [ERROR] LogOutputStream:75 - [STDERR_REDIRECT] [Fatal Error] :1:1: Premature end of file.
2026-09-13 10:19:53,284 [ERROR] LogOutputStream:75 - [STDERR_REDIRECT] 
2026-09-13 10:19:54,295 [ERROR] LogOutputStream:75 - [STDERR_REDIRECT] [Fatal Error] :1:1: Premature end of file.
2026-09-13 10:19:54,295 [ERROR] LogOutputStream:75 - [STDERR_REDIRECT] 
2026-09-13 10:19:55,283 [ERROR] LogOutputStream:75 - [STDERR_REDIRECT] [Fatal Error] :1:1: Premature end of file.
2026-09-13 10:19:55,283 [ERROR] LogOutputStream:75 - [STDERR_REDIRECT] 
2026-09-13 10:19:56,284 [ERROR] LogOutputStream:75 - [STDERR_REDIRECT] [Fatal Error] :1:1: Premature end of file.
2026-09-13 10:19:56,285 [ERROR] LogOutputStream:75 - [STDERR_REDIRECT] 
2026-09-13 10:19:57,292 [ERROR] LogOutputStream:75 - [STDERR_REDIRECT] [Fatal Error] :1:1: Premature end of file.
2026-09-13 10:19:57,292 [ERROR] LogOutputStream:75 - [STDERR_REDIRECT] 
2026-09-13 10:19:58,286 [ERROR] LogOutputStream:75 - [STDERR_REDIRECT] [Fatal Error] :1:1: Premature end of file.
2026-09-13 10:19:58,287 [ERROR] LogOutputStream:75 - [STDERR_REDIRECT] 
2026-09-13 10:19:59,284 [ERROR] LogOutputStream:75 - [STDERR_REDIRECT] [Fatal Error] :1:1: Premature end of file.
2026-09-13 10:19:59,284 [ERROR] LogOutputStream:75 - [STDERR_REDIRECT] 
2026-09-13 10:20:00,283 [ERROR] LogOutputStream:75 - [STDERR_REDIRECT] [Fatal Error] :1:1: Premature end of file.
2026-09-13 10:20:00,283 [ERROR] LogOutputStream:75 - [STDERR_REDIRECT] 
2026-09-13 10:20:01,285 [ERROR] LogOutputStream:75 - [STDERR_REDIRECT] [Fatal Error] :1:1: Premature end of file.
2026-09-13 10:20:01,285 [ERROR] LogOutputStream:75 - [STDERR_REDIRECT] 
2026-09-13 10:20:02,288 [ERROR] LogOutputStream:75 - [STDERR_REDIRECT] [Fatal Error] :1:1: Premature end of file.
2026-09-13 10:20:02,289 [ERROR] LogOutputStream:75 - [STDERR_REDIRECT] 
2026-09-13 10:20:03,282 [ERROR] LogOutputStream:75 - [STDERR_REDIRECT] [Fatal Error] :1:1: Premature end of file.
2026-09-13 10:20:03,282 [ERROR] LogOutputStream:75 - [STDERR_REDIRECT] 
2026-09-13 10:20:04,289 [ERROR] LogOutputStream:75 - [STDERR_REDIRECT] [Fatal Error] :1:1: Premature end of file.
2026-09-13 10:20:04,290 [ERROR] LogOutputStream:75 - [STDERR_REDIRECT] 
2026-09-13 10:20:05,283 [ERROR] LogOutputStream:75 - [STDERR_REDIRECT] [Fatal Error] :1:1: Premature end of file.
2026-09-13 10:20:05,284 [ERROR] LogOutputStream:75 - [STDERR_REDIRECT] 
2026-09-13 10:20:06,280 [ERROR] LogOutputStream:75 - [STDERR_REDIRECT] [Fatal Error] :1:1: Premature end of file.
2026-09-13 10:20:06,280 [ERROR] LogOutputStream:75 - [STDERR_REDIRECT] 
2026-09-13 10:20:07,283 [ERROR] LogOutputStream:75 - [STDERR_REDIRECT] [Fatal Error] :1:1: Premature end of file.
2026-09-13 10:20:07,284 [ERROR] LogOutputStream:75 - [STDERR_REDIRECT] 
2026-09-13 10:20:08,358 [ERROR] LogOutputStream:75 - [STDERR_REDIRECT] [Fatal Error] :1:1: Premature end of file.
2026-09-13 10:20:08,358 [ERROR] LogOutputStream:75 - [STDERR_REDIRECT] 
2026-09-13 10:20:09,280 [ERROR] LogOutputStream:75 - [STDERR_REDIRECT] [Fatal Error] :1:1: Premature end of file.
2026-09-13 10:20:09,280 [ERROR] LogOutputStream:75 - [STDERR_REDIRECT] 
2026-09-13 10:20:10,283 [ERROR] LogOutputStream:75 - [STDERR_REDIRECT] [Fatal Error] :1:1: Premature end of file.
2026-09-13 10:20:10,283 [ERROR] LogOutputStream:75 - [STDERR_REDIRECT] 
2026-09-13 10:20:11,280 [ERROR] LogOutputStream:75 - [STDERR_REDIRECT] [Fatal Error] :1:1: Premature end of file.
2026-09-13 10:20:11,280 [ERROR] LogOutputStream:75 - [STDERR_REDIRECT] 
2026-09-13 10:20:12,278 [ERROR] LogOutputStream:75 - [STDERR_REDIRECT] [Fatal Error] :1:1: Premature end of file.
2026-09-13 10:20:12,278 [ERROR] LogOutputStream:75 - [STDERR_REDIRECT] 
2026-09-13 10:20:13,280 [ERROR] LogOutputStream:75 - [STDERR_REDIRECT] [Fatal Error] :1:1: Premature end of file.
2026-09-13 10:20:13,280 [ERROR] LogOutputStream:75 - [STDERR_REDIRECT] 
2026-09-13 10:20:14,279 [ERROR] LogOutputStream:75 - [STDERR_REDIRECT] [Fatal Error] :1:1: Premature end of file.
2026-09-13 10:20:14,279 [ERROR] LogOutputStream:75 - [STDERR_REDIRECT] 
2026-09-13 10:20:15,284 [ERROR] LogOutputStream:75 - [STDERR_REDIRECT] [Fatal Error] :1:1: Premature end of file.
2026-09-13 10:20:15,284 [ERROR] LogOutputStream:75 - [STDERR_REDIRECT] 
2026-09-13 10:20:16,281 [ERROR] LogOutputStream:75 - [STDERR_REDIRECT] [Fatal Error] :1:1: Premature end of file.
2026-09-13 10:20:16,281 [ERROR] LogOutputStream:75 - [STDERR_REDIRECT] 
2026-09-13 10:20:17,286 [ERROR] LogOutputStream:75 - [STDERR_REDIRECT] [Fatal Error] :1:1: Premature end of file.
2026-09-13 10:20:17,286 [ERROR] LogOutputStream:75 - [STDERR_REDIRECT] 
2026-09-13 10:20:18,280 [ERROR] LogOutputStream:75 - [STDERR_REDIRECT] [Fatal Error] :1:1: Premature end of file.
2026-09-13 10:20:18,281 [ERROR] LogOutputStream:75 - [STDERR_REDIRECT] 
2026-09-13 10:20:19,283 [ERROR] LogOutputStream:75 - [STDERR_REDIRECT] [Fatal Error] :1:1: Premature end of file.
2026-09-13 10:20:19,283 [ERROR] LogOutputStream:75 - [STDERR_REDIRECT] 
2026-09-13 10:20:20,281 [ERROR] LogOutputStream:75 - [STDERR_REDIRECT] [Fatal Error] :1:1: Premature end of file.
2026-09-13 10:20:20,281 [ERROR] LogOutputStream:75 - [STDERR_REDIRECT] 
2026-09-13 10:20:21,279 [ERROR] LogOutputStream:75 - [STDERR_REDIRECT] [Fatal Error] :1:1: Premature end of file.
2026-09-13 10:20:21,279 [ERROR] LogOutputStream:75 - [STDERR_REDIRECT] 
2026-09-13 10:20:22,285 [ERROR] LogOutputStream:75 - [STDERR_REDIRECT] [Fatal Error] :1:1: Premature end of file.
2026-09-13 10:20:22,286 [ERROR] LogOutputStream:75 - [STDERR_REDIRECT] 
2026-09-13 10:20:23,278 [ERROR] LogOutputStream:75 - [STDERR_REDIRECT] [Fatal Error] :1:1: Premature end of file.
2026-09-13 10:20:23,278 [ERROR] LogOutputStream:75 - [STDERR_REDIRECT] 
2026-09-13 10:20:24,287 [ERROR] LogOutputStream:75 - [STDERR_REDIRECT] [Fatal Error] :1:1: Premature end of file.
2026-09-13 10:20:24,287 [ERROR] LogOutputStream:75 - [STDERR_REDIRECT] 
2026-09-13 10:20:25,282 [ERROR] LogOutputStream:75 - [STDERR_REDIRECT] [Fatal Error] :1:1: Premature end of file.
2026-09-13 10:20:25,282 [ERROR] LogOutputStream:75 - [STDERR_REDIRECT] 
2026-09-13 10:20:26,281 [ERROR] LogOutputStream:75 - [STDERR_REDIRECT] [Fatal Error] :1:1: Premature end of file.
2026-09-13 10:20:26,281 [ERROR] LogOutputStream:75 - [STDERR_REDIRECT] 
2026-09-13 10:20:27,281 [ERROR] LogOutputStream:75 - [STDERR_REDIRECT] [Fatal Error] :1:1: Premature end of file.
2026-09-13 10:20:27,281 [ERROR] LogOutputStream:75 - [STDERR_REDIRECT] 
2026-09-13 10:20:28,279 [ERROR] LogOutputStream:75 - [STDERR_REDIRECT] [Fatal Error] :1:1: Premature end of file.
2026-09-13 10:20:28,279 [ERROR] LogOutputStream:75 - [STDERR_REDIRECT] 
2026-09-13 10:20:29,282 [ERROR] LogOutputStream:75 - [STDERR_REDIRECT] [Fatal Error] :1:1: Premature end of file.
2026-09-13 10:20:29,282 [ERROR] LogOutputStream:75 - [STDERR_REDIRECT] 
2026-09-13 10:20:30,280 [ERROR] LogOutputStream:75 - [STDERR_REDIRECT] [Fatal Error] :1:1: Premature end of file.
2026-09-13 10:20:30,280 [ERROR] LogOutputStream:75 - [STDERR_REDIRECT] 
2026-09-13 10:20:31,284 [ERROR] LogOutputStream:75 - [STDERR_REDIRECT] [Fatal Error] :1:1: Premature end of file.
2026-09-13 10:20:31,284 [ERROR] LogOutputStream:75 - [STDERR_REDIRECT] 
2026-09-13 10:20:32,282 [ERROR] LogOutputStream:75 - [STDERR_REDIRECT] [Fatal Error] :1:1: Premature end of file.
2026-09-13 10:20:32,283 [ERROR] LogOutputStream:75 - [STDERR_REDIRECT] 
2026-09-13 10:20:33,285 [ERROR] LogOutputStream:75 - [STDERR_REDIRECT] [Fatal Error] :1:1: Premature end of file.
2026-09-13 10:20:33,285 [ERROR] LogOutputStream:75 - [STDERR_REDIRECT] 
2026-09-13 10:20:34,288 [ERROR] LogOutputStream:75 - [STDERR_REDIRECT] [Fatal Error] :1:1: Premature end of file.
2026-09-13 10:20:34,288 [ERROR] LogOutputStream:75 - [STDERR_REDIRECT] 
2026-09-13 10:20:35,281 [ERROR] LogOutputStream:75 - [STDERR_REDIRECT] [Fatal Error] :1:1: Premature end of file.
2026-09-13 10:20:35,281 [ERROR] LogOutputStream:75 - [STDERR_REDIRECT] 
2026-09-13 10:20:36,285 [ERROR] LogOutputStream:75 - [STDERR_REDIRECT] [Fatal Error] :1:1: Premature end of file.
2026-09-13 10:20:36,286 [ERROR] LogOutputStream:75 - [STDERR_REDIRECT] 
2026-09-13 10:20:37,279 [ERROR] LogOutputStream:75 - [STDERR_REDIRECT] [Fatal Error] :1:1: Premature end of file.
2026-09-13 10:20:37,279 [ERROR] LogOutputStream:75 - [STDERR_REDIRECT] 
2026-09-13 10:20:38,279 [ERROR] LogOutputStream:75 - [STDERR_REDIRECT] [Fatal Error] :1:1: Premature end of file.
2026-09-13 10:20:38,279 [ERROR] LogOutputStream:75 - [STDERR_REDIRECT] 
2026-09-13 10:20:39,274 [ERROR] LogOutputStream:75 - [STDERR_REDIRECT] [Fatal Error] :1:1: Premature end of file.
2026-09-13 10:20:39,274 [ERROR] LogOutputStream:75 - [STDERR_REDIRECT] 
2026-09-13 10:20:40,286 [ERROR] LogOutputStream:75 - [STDERR_REDIRECT] [Fatal Error] :1:1: Premature end of file.
2026-09-13 10:20:40,286 [ERROR] LogOutputStream:75 - [STDERR_REDIRECT] 
2026-09-13 10:20:41,282 [ERROR] LogOutputStream:75 - [STDERR_REDIRECT] [Fatal Error] :1:1: Premature end of file.
2026-09-13 10:20:41,282 [ERROR] LogOutputStream:75 - [STDERR_REDIRECT] 
2026-09-13 10:20:42,286 [ERROR] LogOutputStream:75 - [STDERR_REDIRECT] [Fatal Error] :1:1: Premature end of file.
2026-09-13 10:20:42,286 [ERROR] LogOutputStream:75 - [STDERR_REDIRECT] 
2026-09-13 10:20:43,281 [ERROR] LogOutputStream:75 - [STDERR_REDIRECT] [Fatal Error] :1:1: Premature end of file.
2026-09-13 10:20:43,281 [ERROR] LogOutputStream:75 - [STDERR_REDIRECT] 
2026-09-13 10:20:44,286 [ERROR] LogOutputStream:75 - [STDERR_REDIRECT] [Fatal Error] :1:1: Premature end of file.
2026-09-13 10:20:44,286 [ERROR] LogOutputStream:75 - [STDERR_REDIRECT] 
2026-09-13 10:20:45,283 [ERROR] LogOutputStream:75 - [STDERR_REDIRECT] [Fatal Error] :1:1: Premature end of file.
2026-09-13 10:20:45,283 [ERROR] LogOutputStream:75 - [STDERR_REDIRECT] 
2026-09-13 10:20:46,282 [ERROR] LogOutputStream:75 - [STDERR_REDIRECT] [Fatal Error] :1:1: Premature end of file.
2026-09-13 10:20:46,282 [ERROR] LogOutputStream:75 - [STDERR_REDIRECT] 
2026-09-13 10:20:47,283 [ERROR] LogOutputStream:75 - [STDERR_REDIRECT] [Fatal Error] :1:1: Premature end of file.
2026-09-13 10:20:47,283 [ERROR] LogOutputStream:75 - [STDERR_REDIRECT] 
2026-09-13 10:20:48,283 [ERROR] LogOutputStream:75 - [STDERR_REDIRECT] [Fatal Error] :1:1: Premature end of file.
2026-09-13 10:20:48,284 [ERROR] LogOutputStream:75 - [STDERR_REDIRECT] 
2026-09-13 10:20:49,279 [ERROR] LogOutputStream:75 - [STDERR_REDIRECT] [Fatal Error] :1:1: Premature end of file.
2026-09-13 10:20:49,279 [ERROR] LogOutputStream:75 - [STDERR_REDIRECT] 
2026-09-13 10:20:50,279 [ERROR] LogOutputStream:75 - [STDERR_REDIRECT] [Fatal Error] :1:1: Premature end of file.
2026-09-13 10:20:50,280 [ERROR] LogOutputStream:75 - [STDERR_REDIRECT] 
2026-09-13 10:20:51,282 [ERROR] LogOutputStream:75 - [STDERR_REDIRECT] [Fatal Error] :1:1: Premature end of file.
2026-09-13 10:20:51,282 [ERROR] LogOutputStream:75 - [STDERR_REDIRECT] 
2026-09-13 10:20:52,282 [ERROR] LogOutputStream:75 - [STDERR_REDIRECT] [Fatal Error] :1:1: Premature end of file.
2026-09-13 10:20:52,282 [ERROR] LogOutputStream:75 - [STDERR_REDIRECT] 
2026-09-13 10:20:53,277 [ERROR] LogOutputStream:75 - [STDERR_REDIRECT] [Fatal Error] :1:1: Premature end of file.
2026-09-13 10:20:53,277 [ERROR] LogOutputStream:75 - [STDERR_REDIRECT] 
2026-09-13 10:20:54,295 [ERROR] LogOutputStream:75 - [STDERR_REDIRECT] [Fatal Error] :1:1: Premature end of file.
2026-09-13 10:20:54,295 [ERROR] LogOutputStream:75 - [STDERR_REDIRECT] 
2026-09-13 10:20:55,282 [ERROR] LogOutputStream:75 - [STDERR_REDIRECT] [Fatal Error] :1:1: Premature end of file.
2026-09-13 10:20:55,282 [ERROR] LogOutputStream:75 - [STDERR_REDIRECT] 
2026-09-13 10:20:56,281 [ERROR] LogOutputStream:75 - [STDERR_REDIRECT] [Fatal Error] :1:1: Premature end of file.
2026-09-13 10:20:56,281 [ERROR] LogOutputStream:75 - [STDERR_REDIRECT] 
2026-09-13 10:20:57,283 [ERROR] LogOutputStream:75 - [STDERR_REDIRECT] [Fatal Error] :1:1: Premature end of file.
2026-09-13 10:20:57,283 [ERROR] LogOutputStream:75 - [STDERR_REDIRECT] 
2026-09-13 10:20:58,279 [ERROR] LogOutputStream:75 - [STDERR_REDIRECT] [Fatal Error] :1:1: Premature end of file.
2026-09-13 10:20:58,279 [ERROR] LogOutputStream:75 - [STDERR_REDIRECT] 
2026-09-13 10:20:59,283 [ERROR] LogOutputStream:75 - [STDERR_REDIRECT] [Fatal Error] :1:1: Premature end of file.
2026-09-13 10:20:59,283 [ERROR] LogOutputStream:75 - [STDERR_REDIRECT] 
2026-09-13 10:21:00,280 [ERROR] LogOutputStream:75 - [STDERR_REDIRECT] [Fatal Error] :1:1: Premature end of file.
2026-09-13 10:21:00,280 [ERROR] LogOutputStream:75 - [STDERR_REDIRECT] 
2026-09-13 10:21:01,281 [ERROR] LogOutputStream:75 - [STDERR_REDIRECT] [Fatal Error] :1:1: Premature end of file.
2026-09-13 10:21:01,281 [ERROR] LogOutputStream:75 - [STDERR_REDIRECT] 
2026-09-13 10:21:02,285 [ERROR] LogOutputStream:75 - [STDERR_REDIRECT] [Fatal Error] :1:1: Premature end of file.
2026-09-13 10:21:02,285 [ERROR] LogOutputStream:75 - [STDERR_REDIRECT] 
2026-09-13 10:21:03,281 [ERROR] LogOutputStream:75 - [STDERR_REDIRECT] [Fatal Error] :1:1: Premature end of file.
2026-09-13 10:21:03,281 [ERROR] LogOutputStream:75 - [STDERR_REDIRECT] 
2026-09-13 10:21:04,281 [ERROR] LogOutputStream:75 - [STDERR_REDIRECT] [Fatal Error] :1:1: Premature end of file.
2026-09-13 10:21:04,281 [ERROR] LogOutputStream:75 - [STDERR_REDIRECT] 
2026-09-13 10:21:05,281 [ERROR] LogOutputStream:75 - [STDERR_REDIRECT] [Fatal Error] :1:1: Premature end of file.
2026-09-13 10:21:05,281 [ERROR] LogOutputStream:75 - [STDERR_REDIRECT] 
2026-09-13 10:21:06,280 [ERROR] LogOutputStream:75 - [STDERR_REDIRECT] [Fatal Error] :1:1: Premature end of file.
2026-09-13 10:21:06,280 [ERROR] LogOutputStream:75 - [STDERR_REDIRECT] 
2026-09-13 10:21:07,281 [ERROR] LogOutputStream:75 - [STDERR_REDIRECT] [Fatal Error] :1:1: Premature end of file.
2026-09-13 10:21:07,282 [ERROR] LogOutputStream:75 - [STDERR_REDIRECT] 
2026-09-13 10:21:08,281 [ERROR] LogOutputStream:75 - [STDERR_REDIRECT] [Fatal Error] :1:1: Premature end of file.
2026-09-13 10:21:08,281 [ERROR] LogOutputStream:75 - [STDERR_REDIRECT] 
2026-09-13 10:21:09,285 [ERROR] LogOutputStream:75 - [STDERR_REDIRECT] [Fatal Error] :1:1: Premature end of file.
2026-09-13 10:21:09,285 [ERROR] LogOutputStream:75 - [STDERR_REDIRECT] 
2026-09-13 10:21:10,304 [ERROR] LogOutputStream:75 - [STDERR_REDIRECT] [Fatal Error] :1:1: Premature end of file.
2026-09-13 10:21:10,304 [ERROR] LogOutputStream:75 - [STDERR_REDIRECT] 
2026-09-13 10:21:11,282 [ERROR] LogOutputStream:75 - [STDERR_REDIRECT] [Fatal Error] :1:1: Premature end of file.
2026-09-13 10:21:11,282 [ERROR] LogOutputStream:75 - [STDERR_REDIRECT] 
2026-09-13 10:21:12,281 [ERROR] LogOutputStream:75 - [STDERR_REDIRECT] [Fatal Error] :1:1: Premature end of file.
2026-09-13 10:21:12,281 [ERROR] LogOutputStream:75 - [STDERR_REDIRECT] 
2026-09-13 10:21:13,281 [ERROR] LogOutputStream:75 - [STDERR_REDIRECT] [Fatal Error] :1:1: Premature end of file.
2026-09-13 10:21:13,281 [ERROR] LogOutputStream:75 - [STDERR_REDIRECT] 
2026-09-13 10:21:14,278 [ERROR] LogOutputStream:75 - [STDERR_REDIRECT] [Fatal Error] :1:1: Premature end of file.
2026-09-13 10:21:14,278 [ERROR] LogOutputStream:75 - [STDERR_REDIRECT] 
2026-09-13 10:21:15,281 [ERROR] LogOutputStream:75 - [STDERR_REDIRECT] [Fatal Error] :1:1: Premature end of file.
2026-09-13 10:21:15,281 [ERROR] LogOutputStream:75 - [STDERR_REDIRECT] 
2026-09-13 10:21:16,294 [ERROR] LogOutputStream:75 - [STDERR_REDIRECT] [Fatal Error] :1:1: Premature end of file.
2026-09-13 10:21:16,294 [ERROR] LogOutputStream:75 - [STDERR_REDIRECT] 
2026-09-13 10:21:17,281 [ERROR] LogOutputStream:75 - [STDERR_REDIRECT] [Fatal Error] :1:1: Premature end of file.
2026-09-13 10:21:17,281 [ERROR] LogOutputStream:75 - [STDERR_REDIRECT] 
2026-09-13 10:21:18,278 [ERROR] LogOutputStream:75 - [STDERR_REDIRECT] [Fatal Error] :1:1: Premature end of file.
2026-09-13 10:21:18,278 [ERROR] LogOutputStream:75 - [STDERR_REDIRECT] 
2026-09-13 10:21:19,282 [ERROR] LogOutputStream:75 - [STDERR_REDIRECT] [Fatal Error] :1:1: Premature end of file.
2026-09-13 10:21:19,282 [ERROR] LogOutputStream:75 - [STDERR_REDIRECT] 
2026-09-13 10:21:20,280 [ERROR] LogOutputStream:75 - [STDERR_REDIRECT] [Fatal Error] :1:1: Premature end of file.
2026-09-13 10:21:20,280 [ERROR] LogOutputStream:75 - [STDERR_REDIRECT] 
2026-09-13 10:21:21,282 [ERROR] LogOutputStream:75 - [STDERR_REDIRECT] [Fatal Error] :1:1: Premature end of file.
2026-09-13 10:21:21,282 [ERROR] LogOutputStream:75 - [STDERR_REDIRECT] 
2026-09-13 10:21:22,285 [ERROR] LogOutputStream:75 - [STDERR_REDIRECT] [Fatal Error] :1:1: Premature end of file.
2026-09-13 10:21:22,285 [ERROR] LogOutputStream:75 - [STDERR_REDIRECT] 
2026-09-13 10:21:23,285 [ERROR] LogOutputStream:75 - [STDERR_REDIRECT] [Fatal Error] :1:1: Premature end of file.
2026-09-13 10:21:23,285 [ERROR] LogOutputStream:75 - [STDERR_REDIRECT] 
2026-09-13 10:21:24,281 [ERROR] LogOutputStream:75 - [STDERR_REDIRECT] [Fatal Error] :1:1: Premature end of file.
2026-09-13 10:21:24,281 [ERROR] LogOutputStream:75 - [STDERR_REDIRECT] 
2026-09-13 10:21:25,287 [ERROR] LogOutputStream:75 - [STDERR_REDIRECT] [Fatal Error] :1:1: Premature end of file.
2026-09-13 10:21:25,287 [ERROR] LogOutputStream:75 - [STDERR_REDIRECT] 
2026-09-13 10:21:26,284 [ERROR] LogOutputStream:75 - [STDERR_REDIRECT] [Fatal Error] :1:1: Premature end of file.
2026-09-13 10:21:26,284 [ERROR] LogOutputStream:75 - [STDERR_REDIRECT] 
2026-09-13 10:21:27,282 [ERROR] LogOutputStream:75 - [STDERR_REDIRECT] [Fatal Error] :1:1: Premature end of file.
2026-09-13 10:21:27,282 [ERROR] LogOutputStream:75 - [STDERR_REDIRECT] 
2026-09-13 10:21:28,282 [ERROR] LogOutputStream:75 - [STDERR_REDIRECT] [Fatal Error] :1:1: Premature end of file.
2026-09-13 10:21:28,282 [ERROR] LogOutputStream:75 - [STDERR_REDIRECT] 
2026-09-13 10:21:29,283 [ERROR] LogOutputStream:75 - [STDERR_REDIRECT] [Fatal Error] :1:1: Premature end of file.
2026-09-13 10:21:29,283 [ERROR] LogOutputStream:75 - [STDERR_REDIRECT] 
2026-09-13 10:21:30,281 [ERROR] LogOutputStream:75 - [STDERR_REDIRECT] [Fatal Error] :1:1: Premature end of file.
2026-09-13 10:21:30,281 [ERROR] LogOutputStream:75 - [STDERR_REDIRECT] 
2026-09-13 10:21:31,280 [ERROR] LogOutputStream:75 - [STDERR_REDIRECT] [Fatal Error] :1:1: Premature end of file.
2026-09-13 10:21:31,280 [ERROR] LogOutputStream:75 - [STDERR_REDIRECT] 
2026-09-13 10:21:32,285 [ERROR] LogOutputStream:75 - [STDERR_REDIRECT] [Fatal Error] :1:1: Premature end of file.
2026-09-13 10:21:32,285 [ERROR] LogOutputStream:75 - [STDERR_REDIRECT] 
2026-09-13 10:21:33,285 [ERROR] LogOutputStream:75 - [STDERR_REDIRECT] [Fatal Error] :1:1: Premature end of file.
2026-09-13 10:21:33,285 [ERROR] LogOutputStream:75 - [STDERR_REDIRECT] 
2026-09-13 10:21:34,282 [ERROR] LogOutputStream:75 - [STDERR_REDIRECT] [Fatal Error] :1:1: Premature end of file.
2026-09-13 10:21:34,282 [ERROR] LogOutputStream:75 - [STDERR_REDIRECT] 
2026-09-13 10:21:35,280 [ERROR] LogOutputStream:75 - [STDERR_REDIRECT] [Fatal Error] :1:1: Premature end of file.
2026-09-13 10:21:35,280 [ERROR] LogOutputStream:75 - [STDERR_REDIRECT] 
2026-09-13 10:21:36,282 [ERROR] LogOutputStream:75 - [STDERR_REDIRECT] [Fatal Error] :1:1: Premature end of file.
2026-09-13 10:21:36,282 [ERROR] LogOutputStream:75 - [STDERR_REDIRECT] 
2026-09-13 10:21:37,288 [ERROR] LogOutputStream:75 - [STDERR_REDIRECT] [Fatal Error] :1:1: Premature end of file.
2026-09-13 10:21:37,288 [ERROR] LogOutputStream:75 - [STDERR_REDIRECT] 
2026-09-13 10:21:38,279 [ERROR] LogOutputStream:75 - [STDERR_REDIRECT] [Fatal Error] :1:1: Premature end of file.
2026-09-13 10:21:38,279 [ERROR] LogOutputStream:75 - [STDERR_REDIRECT] 
2026-09-13 10:21:39,283 [ERROR] LogOutputStream:75 - [STDERR_REDIRECT] [Fatal Error] :1:1: Premature end of file.
2026-09-13 10:21:39,284 [ERROR] LogOutputStream:75 - [STDERR_REDIRECT] 
2026-09-13 10:21:40,281 [ERROR] LogOutputStream:75 - [STDERR_REDIRECT] [Fatal Error] :1:1: Premature end of file.
2026-09-13 10:21:40,282 [ERROR] LogOutputStream:75 - [STDERR_REDIRECT] 
2026-09-13 10:21:41,282 [ERROR] LogOutputStream:75 - [STDERR_REDIRECT] [Fatal Error] :1:1: Premature end of file.
2026-09-13 10:21:41,282 [ERROR] LogOutputStream:75 - [STDERR_REDIRECT] 
2026-09-13 10:21:42,280 [ERROR] LogOutputStream:75 - [STDERR_REDIRECT] [Fatal Error] :1:1: Premature end of file.
2026-09-13 10:21:42,280 [ERROR] LogOutputStream:75 - [STDERR_REDIRECT] 
2026-09-13 10:21:43,291 [ERROR] LogOutputStream:75 - [STDERR_REDIRECT] [Fatal Error] :1:1: Premature end of file.
2026-09-13 10:21:43,292 [ERROR] LogOutputStream:75 - [STDERR_REDIRECT] 
2026-09-13 10:21:44,277 [ERROR] LogOutputStream:75 - [STDERR_REDIRECT] [Fatal Error] :1:1: Premature end of file.
2026-09-13 10:21:44,277 [ERROR] LogOutputStream:75 - [STDERR_REDIRECT] 
2026-09-13 10:21:45,280 [ERROR] LogOutputStream:75 - [STDERR_REDIRECT] [Fatal Error] :1:1: Premature end of file.
2026-09-13 10:21:45,281 [ERROR] LogOutputStream:75 - [STDERR_REDIRECT] 
2026-09-13 10:21:46,288 [ERROR] LogOutputStream:75 - [STDERR_REDIRECT] [Fatal Error] :1:1: Premature end of file.
2026-09-13 10:21:46,290 [ERROR] LogOutputStream:75 - [STDERR_REDIRECT] 
2026-09-13 10:21:47,279 [ERROR] LogOutputStream:75 - [STDERR_REDIRECT] [Fatal Error] :1:1: Premature end of file.
2026-09-13 10:21:47,279 [ERROR] LogOutputStream:75 - [STDERR_REDIRECT] 
2026-09-13 10:21:48,286 [ERROR] LogOutputStream:75 - [STDERR_REDIRECT] [Fatal Error] :1:1: Premature end of file.
2026-09-13 10:21:48,286 [ERROR] LogOutputStream:75 - [STDERR_REDIRECT] 
2026-09-13 10:21:49,278 [ERROR] LogOutputStream:75 - [STDERR_REDIRECT] [Fatal Error] :1:1: Premature end of file.
2026-09-13 10:21:49,279 [ERROR] LogOutputStream:75 - [STDERR_REDIRECT] 
2026-09-13 10:21:50,281 [ERROR] LogOutputStream:75 - [STDERR_REDIRECT] [Fatal Error] :1:1: Premature end of file.
2026-09-13 10:21:50,281 [ERROR] LogOutputStream:75 - [STDERR_REDIRECT] 
2026-09-13 10:21:51,281 [ERROR] LogOutputStream:75 - [STDERR_REDIRECT] [Fatal Error] :1:1: Premature end of file.
2026-09-13 10:21:51,281 [ERROR] LogOutputStream:75 - [STDERR_REDIRECT] 
2026-09-13 10:21:52,281 [ERROR] LogOutputStream:75 - [STDERR_REDIRECT] [Fatal Error] :1:1: Premature end of file.
2026-09-13 10:21:52,281 [ERROR] LogOutputStream:75 - [STDERR_REDIRECT] 
2026-09-13 10:21:53,281 [ERROR] LogOutputStream:75 - [STDERR_REDIRECT] [Fatal Error] :1:1: Premature end of file.
2026-09-13 10:21:53,281 [ERROR] LogOutputStream:75 - [STDERR_REDIRECT] 
2026-09-13 10:21:54,280 [ERROR] LogOutputStream:75 - [STDERR_REDIRECT] [Fatal Error] :1:1: Premature end of file.
2026-09-13 10:21:54,280 [ERROR] LogOutputStream:75 - [STDERR_REDIRECT] 
2026-09-13 10:21:55,285 [ERROR] LogOutputStream:75 - [STDERR_REDIRECT] [Fatal Error] :1:1: Premature end of file.
2026-09-13 10:21:55,285 [ERROR] LogOutputStream:75 - [STDERR_REDIRECT] 
2026-09-13 10:21:56,283 [ERROR] LogOutputStream:75 - [STDERR_REDIRECT] [Fatal Error] :1:1: Premature end of file.
2026-09-13 10:21:56,283 [ERROR] LogOutputStream:75 - [STDERR_REDIRECT] 
2026-09-13 10:21:57,288 [ERROR] LogOutputStream:75 - [STDERR_REDIRECT] [Fatal Error] :1:1: Premature end of file.
2026-09-13 10:21:57,288 [ERROR] LogOutputStream:75 - [STDERR_REDIRECT] 
2026-09-13 10:21:58,280 [ERROR] LogOutputStream:75 - [STDERR_REDIRECT] [Fatal Error] :1:1: Premature end of file.
2026-09-13 10:21:58,280 [ERROR] LogOutputStream:75 - [STDERR_REDIRECT] 
2026-09-13 10:21:59,279 [ERROR] LogOutputStream:75 - [STDERR_REDIRECT] [Fatal Error] :1:1: Premature end of file.
2026-09-13 10:21:59,280 [ERROR] LogOutputStream:75 - [STDERR_REDIRECT] 
2026-09-13 10:22:00,282 [ERROR] LogOutputStream:75 - [STDERR_REDIRECT] [Fatal Error] :1:1: Premature end of file.
2026-09-13 10:22:00,282 [ERROR] LogOutputStream:75 - [STDERR_REDIRECT] 
2026-09-13 10:22:01,280 [ERROR] LogOutputStream:75 - [STDERR_REDIRECT] [Fatal Error] :1:1: Premature end of file.
2026-09-13 10:22:01,281 [ERROR] LogOutputStream:75 - [STDERR_REDIRECT] 
2026-09-13 10:22:02,277 [ERROR] LogOutputStream:75 - [STDERR_REDIRECT] [Fatal Error] :1:1: Premature end of file.
2026-09-13 10:22:02,278 [ERROR] LogOutputStream:75 - [STDERR_REDIRECT] 
2026-09-13 10:22:03,279 [ERROR] LogOutputStream:75 - [STDERR_REDIRECT] [Fatal Error] :1:1: Premature end of file.
2026-09-13 10:22:03,279 [ERROR] LogOutputStream:75 - [STDERR_REDIRECT] 
2026-09-13 10:22:04,280 [ERROR] LogOutputStream:75 - [STDERR_REDIRECT] [Fatal Error] :1:1: Premature end of file.
2026-09-13 10:22:04,281 [ERROR] LogOutputStream:75 - [STDERR_REDIRECT] 
2026-09-13 10:22:05,280 [ERROR] LogOutputStream:75 - [STDERR_REDIRECT] [Fatal Error] :1:1: Premature end of file.
2026-09-13 10:22:05,281 [ERROR] LogOutputStream:75 - [STDERR_REDIRECT] 
2026-09-13 10:22:06,281 [ERROR] LogOutputStream:75 - [STDERR_REDIRECT] [Fatal Error] :1:1: Premature end of file.
2026-09-13 10:22:06,281 [ERROR] LogOutputStream:75 - [STDERR_REDIRECT] 
2026-09-13 10:22:07,285 [ERROR] LogOutputStream:75 - [STDERR_REDIRECT] [Fatal Error] :1:1: Premature end of file.
2026-09-13 10:22:07,285 [ERROR] LogOutputStream:75 - [STDERR_REDIRECT] 
2026-09-13 10:22:08,285 [ERROR] LogOutputStream:75 - [STDERR_REDIRECT] [Fatal Error] :1:1: Premature end of file.
2026-09-13 10:22:08,285 [ERROR] LogOutputStream:75 - [STDERR_REDIRECT] 
2026-09-13 10:22:09,279 [ERROR] LogOutputStream:75 - [STDERR_REDIRECT] [Fatal Error] :1:1: Premature end of file.
2026-09-13 10:22:09,280 [ERROR] LogOutputStream:75 - [STDERR_REDIRECT] 
2026-09-13 10:22:10,279 [ERROR] LogOutputStream:75 - [STDERR_REDIRECT] [Fatal Error] :1:1: Premature end of file.
2026-09-13 10:22:10,279 [ERROR] LogOutputStream:75 - [STDERR_REDIRECT] 
2026-09-13 10:22:11,279 [ERROR] LogOutputStream:75 - [STDERR_REDIRECT] [Fatal Error] :1:1: Premature end of file.
2026-09-13 10:22:11,279 [ERROR] LogOutputStream:75 - [STDERR_REDIRECT] 
2026-09-13 10:22:12,283 [ERROR] LogOutputStream:75 - [STDERR_REDIRECT] [Fatal Error] :1:1: Premature end of file.
2026-09-13 10:22:12,283 [ERROR] LogOutputStream:75 - [STDERR_REDIRECT] 
2026-09-13 10:22:13,280 [ERROR] LogOutputStream:75 - [STDERR_REDIRECT] [Fatal Error] :1:1: Premature end of file.
2026-09-13 10:22:13,281 [ERROR] LogOutputStream:75 - [STDERR_REDIRECT] 
2026-09-13 10:22:14,279 [ERROR] LogOutputStream:75 - [STDERR_REDIRECT] [Fatal Error] :1:1: Premature end of file.
2026-09-13 10:22:14,280 [ERROR] LogOutputStream:75 - [STDERR_REDIRECT] 
2026-09-13 10:22:15,279 [ERROR] LogOutputStream:75 - [STDERR_REDIRECT] [Fatal Error] :1:1: Premature end of file.
2026-09-13 10:22:15,279 [ERROR] LogOutputStream:75 - [STDERR_REDIRECT] 
2026-09-13 10:22:16,281 [ERROR] LogOutputStream:75 - [STDERR_REDIRECT] [Fatal Error] :1:1: Premature end of file.
2026-09-13 10:22:16,281 [ERROR] LogOutputStream:75 - [STDERR_REDIRECT] 
2026-09-13 10:22:17,287 [ERROR] LogOutputStream:75 - [STDERR_REDIRECT] [Fatal Error] :1:1: Premature end of file.
2026-09-13 10:22:17,287 [ERROR] LogOutputStream:75 - [STDERR_REDIRECT] 
2026-09-13 10:22:18,288 [ERROR] LogOutputStream:75 - [STDERR_REDIRECT] [Fatal Error] :1:1: Premature end of file.
2026-09-13 10:22:18,288 [ERROR] LogOutputStream:75 - [STDERR_REDIRECT] 
2026-09-13 10:22:19,279 [ERROR] LogOutputStream:75 - [STDERR_REDIRECT] [Fatal Error] :1:1: Premature end of file.
2026-09-13 10:22:19,279 [ERROR] LogOutputStream:75 - [STDERR_REDIRECT] 
2026-09-13 10:22:20,283 [ERROR] LogOutputStream:75 - [STDERR_REDIRECT] [Fatal Error] :1:1: Premature end of file.
2026-09-13 10:22:20,283 [ERROR] LogOutputStream:75 - [STDERR_REDIRECT] 
2026-09-13 10:22:21,288 [ERROR] LogOutputStream:75 - [STDERR_REDIRECT] [Fatal Error] :1:1: Premature end of file.
2026-09-13 10:22:21,288 [ERROR] LogOutputStream:75 - [STDERR_REDIRECT] 
2026-09-13 10:22:22,286 [ERROR] LogOutputStream:75 - [STDERR_REDIRECT] [Fatal Error] :1:1: Premature end of file.
2026-09-13 10:22:22,288 [ERROR] LogOutputStream:75 - [STDERR_REDIRECT] 
2026-09-13 10:22:23,281 [ERROR] LogOutputStream:75 - [STDERR_REDIRECT] [Fatal Error] :1:1: Premature end of file.
2026-09-13 10:22:23,281 [ERROR] LogOutputStream:75 - [STDERR_REDIRECT] 
2026-09-13 10:22:24,278 [ERROR] LogOutputStream:75 - [STDERR_REDIRECT] [Fatal Error] :1:1: Premature end of file.
2026-09-13 10:22:24,278 [ERROR] LogOutputStream:75 - [STDERR_REDIRECT] 
2026-09-13 10:22:25,282 [ERROR] LogOutputStream:75 - [STDERR_REDIRECT] [Fatal Error] :1:1: Premature end of file.
2026-09-13 10:22:25,282 [ERROR] LogOutputStream:75 - [STDERR_REDIRECT] 
2026-09-13 10:22:26,280 [ERROR] LogOutputStream:75 - [STDERR_REDIRECT] [Fatal Error] :1:1: Premature end of file.
2026-09-13 10:22:26,280 [ERROR] LogOutputStream:75 - [STDERR_REDIRECT] 
2026-09-13 10:22:27,278 [ERROR] LogOutputStream:75 - [STDERR_REDIRECT] [Fatal Error] :1:1: Premature end of file.
2026-09-13 10:22:27,278 [ERROR] LogOutputStream:75 - [STDERR_REDIRECT] 
2026-09-13 10:22:28,281 [ERROR] LogOutputStream:75 - [STDERR_REDIRECT] [Fatal Error] :1:1: Premature end of file.
2026-09-13 10:22:28,282 [ERROR] LogOutputStream:75 - [STDERR_REDIRECT] 
2026-09-13 10:22:29,284 [ERROR] LogOutputStream:75 - [STDERR_REDIRECT] [Fatal Error] :1:1: Premature end of file.
2026-09-13 10:22:29,284 [ERROR] LogOutputStream:75 - [STDERR_REDIRECT] 
2026-09-13 10:22:30,281 [ERROR] LogOutputStream:75 - [STDERR_REDIRECT] [Fatal Error] :1:1: Premature end of file.
2026-09-13 10:22:30,281 [ERROR] LogOutputStream:75 - [STDERR_REDIRECT] 
2026-09-13 10:22:31,282 [ERROR] LogOutputStream:75 - [STDERR_REDIRECT] [Fatal Error] :1:1: Premature end of file.
2026-09-13 10:22:31,283 [ERROR] LogOutputStream:75 - [STDERR_REDIRECT] 
2026-09-13 10:22:32,281 [ERROR] LogOutputStream:75 - [STDERR_REDIRECT] [Fatal Error] :1:1: Premature end of file.
2026-09-13 10:22:32,281 [ERROR] LogOutputStream:75 - [STDERR_REDIRECT] 
2026-09-13 10:22:33,281 [ERROR] LogOutputStream:75 - [STDERR_REDIRECT] [Fatal Error] :1:1: Premature end of file.
2026-09-13 10:22:33,282 [ERROR] LogOutputStream:75 - [STDERR_REDIRECT] 
2026-09-13 10:22:34,280 [ERROR] LogOutputStream:75 - [STDERR_REDIRECT] [Fatal Error] :1:1: Premature end of file.
2026-09-13 10:22:34,281 [ERROR] LogOutputStream:75 - [STDERR_REDIRECT] 
2026-09-13 10:22:35,283 [ERROR] LogOutputStream:75 - [STDERR_REDIRECT] [Fatal Error] :1:1: Premature end of file.
2026-09-13 10:22:35,283 [ERROR] LogOutputStream:75 - [STDERR_REDIRECT] 
2026-09-13 10:22:36,280 [ERROR] LogOutputStream:75 - [STDERR_REDIRECT] [Fatal Error] :1:1: Premature end of file.
2026-09-13 10:22:36,280 [ERROR] LogOutputStream:75 - [STDERR_REDIRECT] 
2026-09-13 10:22:37,280 [ERROR] LogOutputStream:75 - [STDERR_REDIRECT] [Fatal Error] :1:1: Premature end of file.
2026-09-13 10:22:37,280 [ERROR] LogOutputStream:75 - [STDERR_REDIRECT] 
2026-09-13 10:22:38,278 [ERROR] LogOutputStream:75 - [STDERR_REDIRECT] [Fatal Error] :1:1: Premature end of file.
2026-09-13 10:22:38,278 [ERROR] LogOutputStream:75 - [STDERR_REDIRECT] 
2026-09-13 10:22:39,282 [ERROR] LogOutputStream:75 - [STDERR_REDIRECT] [Fatal Error] :1:1: Premature end of file.
2026-09-13 10:22:39,282 [ERROR] LogOutputStream:75 - [STDERR_REDIRECT] 
2026-09-13 10:22:40,279 [ERROR] LogOutputStream:75 - [STDERR_REDIRECT] [Fatal Error] :1:1: Premature end of file.
2026-09-13 10:22:40,279 [ERROR] LogOutputStream:75 - [STDERR_REDIRECT] 
2026-09-13 10:22:41,281 [ERROR] LogOutputStream:75 - [STDERR_REDIRECT] [Fatal Error] :1:1: Premature end of file.
2026-09-13 10:22:41,281 [ERROR] LogOutputStream:75 - [STDERR_REDIRECT] 
2026-09-13 10:22:42,279 [ERROR] LogOutputStream:75 - [STDERR_REDIRECT] [Fatal Error] :1:1: Premature end of file.
2026-09-13 10:22:42,280 [ERROR] LogOutputStream:75 - [STDERR_REDIRECT] 
2026-09-13 10:22:43,295 [ERROR] LogOutputStream:75 - [STDERR_REDIRECT] [Fatal Error] :1:1: Premature end of file.
2026-09-13 10:22:43,295 [ERROR] LogOutputStream:75 - [STDERR_REDIRECT] 
2026-09-13 10:22:44,284 [ERROR] LogOutputStream:75 - [STDERR_REDIRECT] [Fatal Error] :1:1: Premature end of file.
2026-09-13 10:22:44,284 [ERROR] LogOutputStream:75 - [STDERR_REDIRECT] 
2026-09-13 10:22:45,290 [ERROR] LogOutputStream:75 - [STDERR_REDIRECT] [Fatal Error] :1:1: Premature end of file.
2026-09-13 10:22:45,290 [ERROR] LogOutputStream:75 - [STDERR_REDIRECT] 
2026-09-13 10:22:46,290 [ERROR] LogOutputStream:75 - [STDERR_REDIRECT] [Fatal Error] :1:1: Premature end of file.
2026-09-13 10:22:46,290 [ERROR] LogOutputStream:75 - [STDERR_REDIRECT] 
2026-09-13 10:22:47,285 [ERROR] LogOutputStream:75 - [STDERR_REDIRECT] [Fatal Error] :1:1: Premature end of file.
2026-09-13 10:22:47,285 [ERROR] LogOutputStream:75 - [STDERR_REDIRECT] 
2026-09-13 10:22:48,281 [ERROR] LogOutputStream:75 - [STDERR_REDIRECT] [Fatal Error] :1:1: Premature end of file.
2026-09-13 10:22:48,282 [ERROR] LogOutputStream:75 - [STDERR_REDIRECT] 
2026-09-13 10:22:49,284 [ERROR] LogOutputStream:75 - [STDERR_REDIRECT] [Fatal Error] :1:1: Premature end of file.
2026-09-13 10:22:49,284 [ERROR] LogOutputStream:75 - [STDERR_REDIRECT] 
2026-09-13 10:22:50,282 [ERROR] LogOutputStream:75 - [STDERR_REDIRECT] [Fatal Error] :1:1: Premature end of file.
2026-09-13 10:22:50,282 [ERROR] LogOutputStream:75 - [STDERR_REDIRECT] 
2026-09-13 10:22:51,290 [ERROR] LogOutputStream:75 - [STDERR_REDIRECT] [Fatal Error] :1:1: Premature end of file.
2026-09-13 10:22:51,290 [ERROR] LogOutputStream:75 - [STDERR_REDIRECT] 
2026-09-13 10:22:52,284 [ERROR] LogOutputStream:75 - [STDERR_REDIRECT] [Fatal Error] :1:1: Premature end of file.
2026-09-13 10:22:52,284 [ERROR] LogOutputStream:75 - [STDERR_REDIRECT] 
2026-09-13 10:22:53,289 [ERROR] LogOutputStream:75 - [STDERR_REDIRECT] [Fatal Error] :1:1: Premature end of file.
2026-09-13 10:22:53,289 [ERROR] LogOutputStream:75 - [STDERR_REDIRECT] 
2026-09-13 10:22:54,286 [ERROR] LogOutputStream:75 - [STDERR_REDIRECT] [Fatal Error] :1:1: Premature end of file.
2026-09-13 10:22:54,286 [ERROR] LogOutputStream:75 - [STDERR_REDIRECT] 
2026-09-13 10:22:55,288 [ERROR] LogOutputStream:75 - [STDERR_REDIRECT] [Fatal Error] :1:1: Premature end of file.
2026-09-13 10:22:55,288 [ERROR] LogOutputStream:75 - [STDERR_REDIRECT] 
2026-09-13 10:22:56,286 [ERROR] LogOutputStream:75 - [STDERR_REDIRECT] [Fatal Error] :1:1: Premature end of file.
2026-09-13 10:22:56,286 [ERROR] LogOutputStream:75 - [STDERR_REDIRECT] 
2026-09-13 10:22:57,281 [ERROR] LogOutputStream:75 - [STDERR_REDIRECT] [Fatal Error] :1:1: Premature end of file.
2026-09-13 10:22:57,282 [ERROR] LogOutputStream:75 - [STDERR_REDIRECT] 
2026-09-13 10:22:58,284 [ERROR] LogOutputStream:75 - [STDERR_REDIRECT] [Fatal Error] :1:1: Premature end of file.
2026-09-13 10:22:58,285 [ERROR] LogOutputStream:75 - [STDERR_REDIRECT] 
2026-09-13 10:22:59,287 [ERROR] LogOutputStream:75 - [STDERR_REDIRECT] [Fatal Error] :1:1: Premature end of file.
2026-09-13 10:22:59,287 [ERROR] LogOutputStream:75 - [STDERR_REDIRECT] 
2026-09-13 10:23:00,284 [ERROR] LogOutputStream:75 - [STDERR_REDIRECT] [Fatal Error] :1:1: Premature end of file.
2026-09-13 10:23:00,284 [ERROR] LogOutputStream:75 - [STDERR_REDIRECT] 
2026-09-13 10:23:01,284 [ERROR] LogOutputStream:75 - [STDERR_REDIRECT] [Fatal Error] :1:1: Premature end of file.
2026-09-13 10:23:01,284 [ERROR] LogOutputStream:75 - [STDERR_REDIRECT] 
2026-09-13 10:23:02,281 [ERROR] LogOutputStream:75 - [STDERR_REDIRECT] [Fatal Error] :1:1: Premature end of file.
2026-09-13 10:23:02,282 [ERROR] LogOutputStream:75 - [STDERR_REDIRECT] 
2026-09-13 10:23:03,287 [ERROR] LogOutputStream:75 - [STDERR_REDIRECT] [Fatal Error] :1:1: Premature end of file.
2026-09-13 10:23:03,287 [ERROR] LogOutputStream:75 - [STDERR_REDIRECT] 
2026-09-13 10:23:04,285 [ERROR] LogOutputStream:75 - [STDERR_REDIRECT] [Fatal Error] :1:1: Premature end of file.
2026-09-13 10:23:04,285 [ERROR] LogOutputStream:75 - [STDERR_REDIRECT] 
2026-09-13 10:23:05,286 [ERROR] LogOutputStream:75 - [STDERR_REDIRECT] [Fatal Error] :1:1: Premature end of file.
2026-09-13 10:23:05,286 [ERROR] LogOutputStream:75 - [STDERR_REDIRECT] 
2026-09-13 10:23:06,287 [ERROR] LogOutputStream:75 - [STDERR_REDIRECT] [Fatal Error] :1:1: Premature end of file.
2026-09-13 10:23:06,287 [ERROR] LogOutputStream:75 - [STDERR_REDIRECT] 
2026-09-13 10:23:07,281 [ERROR] LogOutputStream:75 - [STDERR_REDIRECT] [Fatal Error] :1:1: Premature end of file.
2026-09-13 10:23:07,281 [ERROR] LogOutputStream:75 - [STDERR_REDIRECT] 
2026-09-13 10:23:08,282 [ERROR] LogOutputStream:75 - [STDERR_REDIRECT] [Fatal Error] :1:1: Premature end of file.
2026-09-13 10:23:08,282 [ERROR] LogOutputStream:75 - [STDERR_REDIRECT] 
2026-09-13 10:23:09,286 [ERROR] LogOutputStream:75 - [STDERR_REDIRECT] [Fatal Error] :1:1: Premature end of file.
2026-09-13 10:23:09,286 [ERROR] LogOutputStream:75 - [STDERR_REDIRECT] 
2026-09-13 10:23:10,285 [ERROR] LogOutputStream:75 - [STDERR_REDIRECT] [Fatal Error] :1:1: Premature end of file.
2026-09-13 10:23:10,285 [ERROR] LogOutputStream:75 - [STDERR_REDIRECT] 
2026-09-13 10:23:11,280 [ERROR] LogOutputStream:75 - [STDERR_REDIRECT] [Fatal Error] :1:1: Premature end of file.
2026-09-13 10:23:11,280 [ERROR] LogOutputStream:75 - [STDERR_REDIRECT] 
2026-09-13 10:23:12,285 [ERROR] LogOutputStream:75 - [STDERR_REDIRECT] [Fatal Error] :1:1: Premature end of file.
2026-09-13 10:23:12,285 [ERROR] LogOutputStream:75 - [STDERR_REDIRECT] 
2026-09-13 10:23:13,282 [ERROR] LogOutputStream:75 - [STDERR_REDIRECT] [Fatal Error] :1:1: Premature end of file.
2026-09-13 10:23:13,282 [ERROR] LogOutputStream:75 - [STDERR_REDIRECT] 
2026-09-13 10:23:14,282 [ERROR] LogOutputStream:75 - [STDERR_REDIRECT] [Fatal Error] :1:1: Premature end of file.
2026-09-13 10:23:14,282 [ERROR] LogOutputStream:75 - [STDERR_REDIRECT] 
2026-09-13 10:23:15,281 [ERROR] LogOutputStream:75 - [STDERR_REDIRECT] [Fatal Error] :1:1: Premature end of file.
2026-09-13 10:23:15,281 [ERROR] LogOutputStream:75 - [STDERR_REDIRECT] 
2026-09-13 10:23:16,282 [ERROR] LogOutputStream:75 - [STDERR_REDIRECT] [Fatal Error] :1:1: Premature end of file.
2026-09-13 10:23:16,282 [ERROR] LogOutputStream:75 - [STDERR_REDIRECT] 
2026-09-13 10:23:17,279 [ERROR] LogOutputStream:75 - [STDERR_REDIRECT] [Fatal Error] :1:1: Premature end of file.
2026-09-13 10:23:17,279 [ERROR] LogOutputStream:75 - [STDERR_REDIRECT] 
2026-09-13 10:23:18,281 [ERROR] LogOutputStream:75 - [STDERR_REDIRECT] [Fatal Error] :1:1: Premature end of file.
2026-09-13 10:23:18,281 [ERROR] LogOutputStream:75 - [STDERR_REDIRECT] 
2026-09-13 10:23:19,286 [ERROR] LogOutputStream:75 - [STDERR_REDIRECT] [Fatal Error] :1:1: Premature end of file.
2026-09-13 10:23:19,286 [ERROR] LogOutputStream:75 - [STDERR_REDIRECT] 
2026-09-13 10:23:20,281 [ERROR] LogOutputStream:75 - [STDERR_REDIRECT] [Fatal Error] :1:1: Premature end of file.
2026-09-13 10:23:20,281 [ERROR] LogOutputStream:75 - [STDERR_REDIRECT] 
2026-09-13 10:23:21,283 [ERROR] LogOutputStream:75 - [STDERR_REDIRECT] [Fatal Error] :1:1: Premature end of file.
2026-09-13 10:23:21,283 [ERROR] LogOutputStream:75 - [STDERR_REDIRECT] 
2026-09-13 10:23:22,283 [ERROR] LogOutputStream:75 - [STDERR_REDIRECT] [Fatal Error] :1:1: Premature end of file.
2026-09-13 10:23:22,283 [ERROR] LogOutputStream:75 - [STDERR_REDIRECT] 
2026-09-13 10:23:23,281 [ERROR] LogOutputStream:75 - [STDERR_REDIRECT] [Fatal Error] :1:1: Premature end of file.
2026-09-13 10:23:23,281 [ERROR] LogOutputStream:75 - [STDERR_REDIRECT] 
2026-09-13 10:23:24,284 [ERROR] LogOutputStream:75 - [STDERR_REDIRECT] [Fatal Error] :1:1: Premature end of file.
2026-09-13 10:23:24,284 [ERROR] LogOutputStream:75 - [STDERR_REDIRECT] 
2026-09-13 10:23:25,283 [ERROR] LogOutputStream:75 - [STDERR_REDIRECT] [Fatal Error] :1:1: Premature end of file.
2026-09-13 10:23:25,283 [ERROR] LogOutputStream:75 - [STDERR_REDIRECT] 
2026-09-13 10:23:26,281 [ERROR] LogOutputStream:75 - [STDERR_REDIRECT] [Fatal Error] :1:1: Premature end of file.
2026-09-13 10:23:26,281 [ERROR] LogOutputStream:75 - [STDERR_REDIRECT] 
2026-09-13 10:23:27,281 [ERROR] LogOutputStream:75 - [STDERR_REDIRECT] [Fatal Error] :1:1: Premature end of file.
2026-09-13 10:23:27,281 [ERROR] LogOutputStream:75 - [STDERR_REDIRECT] 
2026-09-13 10:23:28,288 [ERROR] LogOutputStream:75 - [STDERR_REDIRECT] [Fatal Error] :1:1: Premature end of file.
2026-09-13 10:23:28,289 [ERROR] LogOutputStream:75 - [STDERR_REDIRECT] 
2026-09-13 10:23:29,282 [ERROR] LogOutputStream:75 - [STDERR_REDIRECT] [Fatal Error] :1:1: Premature end of file.
2026-09-13 10:23:29,282 [ERROR] LogOutputStream:75 - [STDERR_REDIRECT] 
2026-09-13 10:23:30,284 [ERROR] LogOutputStream:75 - [STDERR_REDIRECT] [Fatal Error] :1:1: Premature end of file.
2026-09-13 10:23:30,284 [ERROR] LogOutputStream:75 - [STDERR_REDIRECT] 
2026-09-13 10:23:31,281 [ERROR] LogOutputStream:75 - [STDERR_REDIRECT] [Fatal Error] :1:1: Premature end of file.
2026-09-13 10:23:31,281 [ERROR] LogOutputStream:75 - [STDERR_REDIRECT] 
2026-09-13 10:23:32,282 [ERROR] LogOutputStream:75 - [STDERR_REDIRECT] [Fatal Error] :1:1: Premature end of file.
2026-09-13 10:23:32,282 [ERROR] LogOutputStream:75 - [STDERR_REDIRECT] 
2026-09-13 10:23:33,283 [ERROR] LogOutputStream:75 - [STDERR_REDIRECT] [Fatal Error] :1:1: Premature end of file.
2026-09-13 10:23:33,283 [ERROR] LogOutputStream:75 - [STDERR_REDIRECT] 
2026-09-13 10:23:34,282 [ERROR] LogOutputStream:75 - [STDERR_REDIRECT] [Fatal Error] :1:1: Premature end of file.
2026-09-13 10:23:34,283 [ERROR] LogOutputStream:75 - [STDERR_REDIRECT] 
2026-09-13 10:23:35,282 [ERROR] LogOutputStream:75 - [STDERR_REDIRECT] [Fatal Error] :1:1: Premature end of file.
2026-09-13 10:23:35,283 [ERROR] LogOutputStream:75 - [STDERR_REDIRECT] 
2026-09-13 10:23:36,284 [ERROR] LogOutputStream:75 - [STDERR_REDIRECT] [Fatal Error] :1:1: Premature end of file.
2026-09-13 10:23:36,284 [ERROR] LogOutputStream:75 - [STDERR_REDIRECT] 
2026-09-13 10:23:37,283 [ERROR] LogOutputStream:75 - [STDERR_REDIRECT] [Fatal Error] :1:1: Premature end of file.
2026-09-13 10:23:37,283 [ERROR] LogOutputStream:75 - [STDERR_REDIRECT] 
2026-09-13 10:23:38,283 [ERROR] LogOutputStream:75 - [STDERR_REDIRECT] [Fatal Error] :1:1: Premature end of file.
2026-09-13 10:23:38,283 [ERROR] LogOutputStream:75 - [STDERR_REDIRECT] 
2026-09-13 10:23:39,283 [ERROR] LogOutputStream:75 - [STDERR_REDIRECT] [Fatal Error] :1:1: Premature end of file.
2026-09-13 10:23:39,283 [ERROR] LogOutputStream:75 - [STDERR_REDIRECT] 
2026-09-13 10:23:40,281 [ERROR] LogOutputStream:75 - [STDERR_REDIRECT] [Fatal Error] :1:1: Premature end of file.
2026-09-13 10:23:40,281 [ERROR] LogOutputStream:75 - [STDERR_REDIRECT] 
2026-09-13 10:23:41,283 [ERROR] LogOutputStream:75 - [STDERR_REDIRECT] [Fatal Error] :1:1: Premature end of file.
2026-09-13 10:23:41,288 [ERROR] LogOutputStream:75 - [STDERR_REDIRECT] 
2026-09-13 10:23:42,285 [ERROR] LogOutputStream:75 - [STDERR_REDIRECT] [Fatal Error] :1:1: Premature end of file.
2026-09-13 10:23:42,285 [ERROR] LogOutputStream:75 - [STDERR_REDIRECT] 
2026-09-13 10:23:43,284 [ERROR] LogOutputStream:75 - [STDERR_REDIRECT] [Fatal Error] :1:1: Premature end of file.
2026-09-13 10:23:43,284 [ERROR] LogOutputStream:75 - [STDERR_REDIRECT] 
2026-09-13 10:23:44,287 [ERROR] LogOutputStream:75 - [STDERR_REDIRECT] [Fatal Error] :1:1: Premature end of file.
2026-09-13 10:23:44,287 [ERROR] LogOutputStream:75 - [STDERR_REDIRECT] 
2026-09-13 10:23:45,288 [ERROR] LogOutputStream:75 - [STDERR_REDIRECT] [Fatal Error] :1:1: Premature end of file.
2026-09-13 10:23:45,288 [ERROR] LogOutputStream:75 - [STDERR_REDIRECT] 
2026-09-13 10:23:46,286 [ERROR] LogOutputStream:75 - [STDERR_REDIRECT] [Fatal Error] :1:1: Premature end of file.
2026-09-13 10:23:46,287 [ERROR] LogOutputStream:75 - [STDERR_REDIRECT] 
2026-09-13 10:23:47,286 [ERROR] LogOutputStream:75 - [STDERR_REDIRECT] [Fatal Error] :1:1: Premature end of file.
2026-09-13 10:23:47,286 [ERROR] LogOutputStream:75 - [STDERR_REDIRECT] 
2026-09-13 10:23:48,285 [ERROR] LogOutputStream:75 - [STDERR_REDIRECT] [Fatal Error] :1:1: Premature end of file.
2026-09-13 10:23:48,285 [ERROR] LogOutputStream:75 - [STDERR_REDIRECT] 
2026-09-13 10:23:49,288 [ERROR] LogOutputStream:75 - [STDERR_REDIRECT] [Fatal Error] :1:1: Premature end of file.
2026-09-13 10:23:49,288 [ERROR] LogOutputStream:75 - [STDERR_REDIRECT] 
2026-09-13 10:23:50,287 [ERROR] LogOutputStream:75 - [STDERR_REDIRECT] [Fatal Error] :1:1: Premature end of file.
2026-09-13 10:23:50,287 [ERROR] LogOutputStream:75 - [STDERR_REDIRECT] 
2026-09-13 10:23:51,285 [ERROR] LogOutputStream:75 - [STDERR_REDIRECT] [Fatal Error] :1:1: Premature end of file.
2026-09-13 10:23:51,285 [ERROR] LogOutputStream:75 - [STDERR_REDIRECT] 
2026-09-13 10:23:52,286 [ERROR] LogOutputStream:75 - [STDERR_REDIRECT] [Fatal Error] :1:1: Premature end of file.
2026-09-13 10:23:52,286 [ERROR] LogOutputStream:75 - [STDERR_REDIRECT] 
2026-09-13 10:23:53,284 [ERROR] LogOutputStream:75 - [STDERR_REDIRECT] [Fatal Error] :1:1: Premature end of file.
2026-09-13 10:23:53,284 [ERROR] LogOutputStream:75 - [STDERR_REDIRECT] 
2026-09-13 10:23:54,284 [ERROR] LogOutputStream:75 - [STDERR_REDIRECT] [Fatal Error] :1:1: Premature end of file.
2026-09-13 10:23:54,284 [ERROR] LogOutputStream:75 - [STDERR_REDIRECT] 
2026-09-13 10:23:55,282 [ERROR] LogOutputStream:75 - [STDERR_REDIRECT] [Fatal Error] :1:1: Premature end of file.
2026-09-13 10:23:55,282 [ERROR] LogOutputStream:75 - [STDERR_REDIRECT] 
2026-09-13 10:23:56,289 [ERROR] LogOutputStream:75 - [STDERR_REDIRECT] [Fatal Error] :1:1: Premature end of file.
2026-09-13 10:23:56,290 [ERROR] LogOutputStream:75 - [STDERR_REDIRECT] 
2026-09-13 10:23:57,282 [ERROR] LogOutputStream:75 - [STDERR_REDIRECT] [Fatal Error] :1:1: Premature end of file.
2026-09-13 10:23:57,282 [ERROR] LogOutputStream:75 - [STDERR_REDIRECT] 
2026-09-13 10:23:58,283 [ERROR] LogOutputStream:75 - [STDERR_REDIRECT] [Fatal Error] :1:1: Premature end of file.
2026-09-13 10:23:58,283 [ERROR] LogOutputStream:75 - [STDERR_REDIRECT] 
2026-09-13 10:23:59,285 [ERROR] LogOutputStream:75 - [STDERR_REDIRECT] [Fatal Error] :1:1: Premature end of file.
2026-09-13 10:23:59,285 [ERROR] LogOutputStream:75 - [STDERR_REDIRECT] 
2026-09-13 10:24:00,284 [ERROR] LogOutputStream:75 - [STDERR_REDIRECT] [Fatal Error] :1:1: Premature end of file.
2026-09-13 10:24:00,284 [ERROR] LogOutputStream:75 - [STDERR_REDIRECT] 
2026-09-13 10:24:01,286 [ERROR] LogOutputStream:75 - [STDERR_REDIRECT] [Fatal Error] :1:1: Premature end of file.
2026-09-13 10:24:01,286 [ERROR] LogOutputStream:75 - [STDERR_REDIRECT] 
2026-09-13 10:24:02,281 [ERROR] LogOutputStream:75 - [STDERR_REDIRECT] [Fatal Error] :1:1: Premature end of file.
2026-09-13 10:24:02,282 [ERROR] LogOutputStream:75 - [STDERR_REDIRECT] 
2026-09-13 10:24:03,283 [ERROR] LogOutputStream:75 - [STDERR_REDIRECT] [Fatal Error] :1:1: Premature end of file.
2026-09-13 10:24:03,283 [ERROR] LogOutputStream:75 - [STDERR_REDIRECT] 
2026-09-13 10:24:04,285 [ERROR] LogOutputStream:75 - [STDERR_REDIRECT] [Fatal Error] :1:1: Premature end of file.
2026-09-13 10:24:04,285 [ERROR] LogOutputStream:75 - [STDERR_REDIRECT] 
2026-09-13 10:24:05,285 [ERROR] LogOutputStream:75 - [STDERR_REDIRECT] [Fatal Error] :1:1: Premature end of file.
2026-09-13 10:24:05,285 [ERROR] LogOutputStream:75 - [STDERR_REDIRECT] 
2026-09-13 10:24:06,288 [ERROR] LogOutputStream:75 - [STDERR_REDIRECT] [Fatal Error] :1:1: Premature end of file.
2026-09-13 10:24:06,288 [ERROR] LogOutputStream:75 - [STDERR_REDIRECT] 
2026-09-13 10:24:07,279 [ERROR] LogOutputStream:75 - [STDERR_REDIRECT] [Fatal Error] :1:1: Premature end of file.
2026-09-13 10:24:07,280 [ERROR] LogOutputStream:75 - [STDERR_REDIRECT] 
2026-09-13 10:24:08,280 [ERROR] LogOutputStream:75 - [STDERR_REDIRECT] [Fatal Error] :1:1: Premature end of file.
2026-09-13 10:24:08,280 [ERROR] LogOutputStream:75 - [STDERR_REDIRECT] 
2026-09-13 10:24:09,282 [ERROR] LogOutputStream:75 - [STDERR_REDIRECT] [Fatal Error] :1:1: Premature end of file.
2026-09-13 10:24:09,282 [ERROR] LogOutputStream:75 - [STDERR_REDIRECT] 
2026-09-13 10:24:10,285 [ERROR] LogOutputStream:75 - [STDERR_REDIRECT] [Fatal Error] :1:1: Premature end of file.
2026-09-13 10:24:10,285 [ERROR] LogOutputStream:75 - [STDERR_REDIRECT] 
2026-09-13 10:24:11,286 [ERROR] LogOutputStream:75 - [STDERR_REDIRECT] [Fatal Error] :1:1: Premature end of file.
2026-09-13 10:24:11,286 [ERROR] LogOutputStream:75 - [STDERR_REDIRECT] 
2026-09-13 10:24:12,280 [ERROR] LogOutputStream:75 - [STDERR_REDIRECT] [Fatal Error] :1:1: Premature end of file.
2026-09-13 10:24:12,280 [ERROR] LogOutputStream:75 - [STDERR_REDIRECT] 
2026-09-13 10:24:13,281 [ERROR] LogOutputStream:75 - [STDERR_REDIRECT] [Fatal Error] :1:1: Premature end of file.
2026-09-13 10:24:13,281 [ERROR] LogOutputStream:75 - [STDERR_REDIRECT] 
2026-09-13 10:24:14,283 [ERROR] LogOutputStream:75 - [STDERR_REDIRECT] [Fatal Error] :1:1: Premature end of file.
2026-09-13 10:24:14,283 [ERROR] LogOutputStream:75 - [STDERR_REDIRECT] 
2026-09-13 10:24:15,281 [ERROR] LogOutputStream:75 - [STDERR_REDIRECT] [Fatal Error] :1:1: Premature end of file.
2026-09-13 10:24:15,281 [ERROR] LogOutputStream:75 - [STDERR_REDIRECT] 
2026-09-13 10:24:16,282 [ERROR] LogOutputStream:75 - [STDERR_REDIRECT] [Fatal Error] :1:1: Premature end of file.
2026-09-13 10:24:16,282 [ERROR] LogOutputStream:75 - [STDERR_REDIRECT] 
2026-09-13 10:24:17,283 [ERROR] LogOutputStream:75 - [STDERR_REDIRECT] [Fatal Error] :1:1: Premature end of file.
2026-09-13 10:24:17,283 [ERROR] LogOutputStream:75 - [STDERR_REDIRECT] 
2026-09-13 10:24:18,286 [ERROR] LogOutputStream:75 - [STDERR_REDIRECT] [Fatal Error] :1:1: Premature end of file.
2026-09-13 10:24:18,286 [ERROR] LogOutputStream:75 - [STDERR_REDIRECT] 
2026-09-13 10:24:19,281 [ERROR] LogOutputStream:75 - [STDERR_REDIRECT] [Fatal Error] :1:1: Premature end of file.
2026-09-13 10:24:19,281 [ERROR] LogOutputStream:75 - [STDERR_REDIRECT] 
2026-09-13 10:24:20,280 [ERROR] LogOutputStream:75 - [STDERR_REDIRECT] [Fatal Error] :1:1: Premature end of file.
2026-09-13 10:24:20,281 [ERROR] LogOutputStream:75 - [STDERR_REDIRECT] 
2026-09-13 10:24:21,284 [ERROR] LogOutputStream:75 - [STDERR_REDIRECT] [Fatal Error] :1:1: Premature end of file.
2026-09-13 10:24:21,284 [ERROR] LogOutputStream:75 - [STDERR_REDIRECT] 
2026-09-13 10:24:22,281 [ERROR] LogOutputStream:75 - [STDERR_REDIRECT] [Fatal Error] :1:1: Premature end of file.
2026-09-13 10:24:22,281 [ERROR] LogOutputStream:75 - [STDERR_REDIRECT] 
2026-09-13 10:24:23,283 [ERROR] LogOutputStream:75 - [STDERR_REDIRECT] [Fatal Error] :1:1: Premature end of file.
2026-09-13 10:24:23,283 [ERROR] LogOutputStream:75 - [STDERR_REDIRECT] 
2026-09-13 10:24:24,280 [ERROR] LogOutputStream:75 - [STDERR_REDIRECT] [Fatal Error] :1:1: Premature end of file.
2026-09-13 10:24:24,281 [ERROR] LogOutputStream:75 - [STDERR_REDIRECT] 
2026-09-13 10:24:25,281 [ERROR] LogOutputStream:75 - [STDERR_REDIRECT] [Fatal Error] :1:1: Premature end of file.
2026-09-13 10:24:25,281 [ERROR] LogOutputStream:75 - [STDERR_REDIRECT] 
2026-09-13 10:24:26,281 [ERROR] LogOutputStream:75 - [STDERR_REDIRECT] [Fatal Error] :1:1: Premature end of file.
2026-09-13 10:24:26,281 [ERROR] LogOutputStream:75 - [STDERR_REDIRECT] 
2026-09-13 10:24:27,286 [ERROR] LogOutputStream:75 - [STDERR_REDIRECT] [Fatal Error] :1:1: Premature end of file.
2026-09-13 10:24:27,286 [ERROR] LogOutputStream:75 - [STDERR_REDIRECT] 
2026-09-13 10:24:28,285 [ERROR] LogOutputStream:75 - [STDERR_REDIRECT] [Fatal Error] :1:1: Premature end of file.
2026-09-13 10:24:28,285 [ERROR] LogOutputStream:75 - [STDERR_REDIRECT] 
2026-09-13 10:24:29,283 [ERROR] LogOutputStream:75 - [STDERR_REDIRECT] [Fatal Error] :1:1: Premature end of file.
2026-09-13 10:24:29,283 [ERROR] LogOutputStream:75 - [STDERR_REDIRECT] 
2026-09-13 10:24:30,283 [ERROR] LogOutputStream:75 - [STDERR_REDIRECT] [Fatal Error] :1:1: Premature end of file.
2026-09-13 10:24:30,283 [ERROR] LogOutputStream:75 - [STDERR_REDIRECT] 
2026-09-13 10:24:31,279 [ERROR] LogOutputStream:75 - [STDERR_REDIRECT] [Fatal Error] :1:1: Premature end of file.
2026-09-13 10:24:31,279 [ERROR] LogOutputStream:75 - [STDERR_REDIRECT] 
2026-09-13 10:24:32,283 [ERROR] LogOutputStream:75 - [STDERR_REDIRECT] [Fatal Error] :1:1: Premature end of file.
2026-09-13 10:24:32,283 [ERROR] LogOutputStream:75 - [STDERR_REDIRECT] 
2026-09-13 10:24:33,281 [ERROR] LogOutputStream:75 - [STDERR_REDIRECT] [Fatal Error] :1:1: Premature end of file.
2026-09-13 10:24:33,281 [ERROR] LogOutputStream:75 - [STDERR_REDIRECT] 
2026-09-13 10:24:34,284 [ERROR] LogOutputStream:75 - [STDERR_REDIRECT] [Fatal Error] :1:1: Premature end of file.
2026-09-13 10:24:34,284 [ERROR] LogOutputStream:75 - [STDERR_REDIRECT] 
2026-09-13 10:24:35,281 [ERROR] LogOutputStream:75 - [STDERR_REDIRECT] [Fatal Error] :1:1: Premature end of file.
2026-09-13 10:24:35,281 [ERROR] LogOutputStream:75 - [STDERR_REDIRECT] 
2026-09-13 10:24:36,282 [ERROR] LogOutputStream:75 - [STDERR_REDIRECT] [Fatal Error] :1:1: Premature end of file.
2026-09-13 10:24:36,282 [ERROR] LogOutputStream:75 - [STDERR_REDIRECT] 
2026-09-13 10:24:37,285 [ERROR] LogOutputStream:75 - [STDERR_REDIRECT] [Fatal Error] :1:1: Premature end of file.
2026-09-13 10:24:37,285 [ERROR] LogOutputStream:75 - [STDERR_REDIRECT] 
2026-09-13 10:24:38,285 [ERROR] LogOutputStream:75 - [STDERR_REDIRECT] [Fatal Error] :1:1: Premature end of file.
2026-09-13 10:24:38,285 [ERROR] LogOutputStream:75 - [STDERR_REDIRECT] 
2026-09-13 10:24:39,281 [ERROR] LogOutputStream:75 - [STDERR_REDIRECT] [Fatal Error] :1:1: Premature end of file.
2026-09-13 10:24:39,281 [ERROR] LogOutputStream:75 - [STDERR_REDIRECT] 
2026-09-13 10:24:40,279 [ERROR] LogOutputStream:75 - [STDERR_REDIRECT] [Fatal Error] :1:1: Premature end of file.
2026-09-13 10:24:40,279 [ERROR] LogOutputStream:75 - [STDERR_REDIRECT] 
2026-09-13 10:24:41,288 [ERROR] LogOutputStream:75 - [STDERR_REDIRECT] [Fatal Error] :1:1: Premature end of file.
2026-09-13 10:24:41,288 [ERROR] LogOutputStream:75 - [STDERR_REDIRECT] 
2026-09-13 10:24:42,284 [ERROR] LogOutputStream:75 - [STDERR_REDIRECT] [Fatal Error] :1:1: Premature end of file.
2026-09-13 10:24:42,284 [ERROR] LogOutputStream:75 - [STDERR_REDIRECT] 
2026-09-13 10:24:43,287 [ERROR] LogOutputStream:75 - [STDERR_REDIRECT] [Fatal Error] :1:1: Premature end of file.
2026-09-13 10:24:43,287 [ERROR] LogOutputStream:75 - [STDERR_REDIRECT] 
2026-09-13 10:24:44,282 [ERROR] LogOutputStream:75 - [STDERR_REDIRECT] [Fatal Error] :1:1: Premature end of file.
2026-09-13 10:24:44,282 [ERROR] LogOutputStream:75 - [STDERR_REDIRECT] 
2026-09-13 10:24:45,281 [ERROR] LogOutputStream:75 - [STDERR_REDIRECT] [Fatal Error] :1:1: Premature end of file.
2026-09-13 10:24:45,281 [ERROR] LogOutputStream:75 - [STDERR_REDIRECT] 
2026-09-13 10:24:46,281 [ERROR] LogOutputStream:75 - [STDERR_REDIRECT] [Fatal Error] :1:1: Premature end of file.
2026-09-13 10:24:46,281 [ERROR] LogOutputStream:75 - [STDERR_REDIRECT] 
2026-09-13 10:24:47,281 [ERROR] LogOutputStream:75 - [STDERR_REDIRECT] [Fatal Error] :1:1: Premature end of file.
2026-09-13 10:24:47,281 [ERROR] LogOutputStream:75 - [STDERR_REDIRECT] 
2026-09-13 10:24:48,282 [ERROR] LogOutputStream:75 - [STDERR_REDIRECT] [Fatal Error] :1:1: Premature end of file.
2026-09-13 10:24:48,283 [ERROR] LogOutputStream:75 - [STDERR_REDIRECT] 
2026-09-13 10:24:49,281 [ERROR] LogOutputStream:75 - [STDERR_REDIRECT] [Fatal Error] :1:1: Premature end of file.
2026-09-13 10:24:49,281 [ERROR] LogOutputStream:75 - [STDERR_REDIRECT] 
2026-09-13 10:24:50,279 [ERROR] LogOutputStream:75 - [STDERR_REDIRECT] [Fatal Error] :1:1: Premature end of file.
2026-09-13 10:24:50,279 [ERROR] LogOutputStream:75 - [STDERR_REDIRECT] 
2026-09-13 10:24:51,279 [ERROR] LogOutputStream:75 - [STDERR_REDIRECT] [Fatal Error] :1:1: Premature end of file.
2026-09-13 10:24:51,279 [ERROR] LogOutputStream:75 - [STDERR_REDIRECT] 
2026-09-13 10:24:52,281 [ERROR] LogOutputStream:75 - [STDERR_REDIRECT] [Fatal Error] :1:1: Premature end of file.
2026-09-13 10:24:52,281 [ERROR] LogOutputStream:75 - [STDERR_REDIRECT] 
2026-09-13 10:24:53,280 [ERROR] LogOutputStream:75 - [STDERR_REDIRECT] [Fatal Error] :1:1: Premature end of file.
2026-09-13 10:24:53,280 [ERROR] LogOutputStream:75 - [STDERR_REDIRECT] 
2026-09-13 10:24:54,284 [ERROR] LogOutputStream:75 - [STDERR_REDIRECT] [Fatal Error] :1:1: Premature end of file.
2026-09-13 10:24:54,284 [ERROR] LogOutputStream:75 - [STDERR_REDIRECT] 
2026-09-13 10:24:55,290 [ERROR] LogOutputStream:75 - [STDERR_REDIRECT] [Fatal Error] :1:1: Premature end of file.
2026-09-13 10:24:55,290 [ERROR] LogOutputStream:75 - [STDERR_REDIRECT] 
2026-09-13 10:24:56,281 [ERROR] LogOutputStream:75 - [STDERR_REDIRECT] [Fatal Error] :1:1: Premature end of file.
2026-09-13 10:24:56,282 [ERROR] LogOutputStream:75 - [STDERR_REDIRECT] 
2026-09-13 10:24:57,283 [ERROR] LogOutputStream:75 - [STDERR_REDIRECT] [Fatal Error] :1:1: Premature end of file.
2026-09-13 10:24:57,283 [ERROR] LogOutputStream:75 - [STDERR_REDIRECT] 
2026-09-13 10:24:58,282 [ERROR] LogOutputStream:75 - [STDERR_REDIRECT] [Fatal Error] :1:1: Premature end of file.
2026-09-13 10:24:58,282 [ERROR] LogOutputStream:75 - [STDERR_REDIRECT] 
2026-09-13 10:24:59,282 [ERROR] LogOutputStream:75 - [STDERR_REDIRECT] [Fatal Error] :1:1: Premature end of file.
2026-09-13 10:24:59,282 [ERROR] LogOutputStream:75 - [STDERR_REDIRECT] 
2026-09-13 10:25:00,285 [ERROR] LogOutputStream:75 - [STDERR_REDIRECT] [Fatal Error] :1:1: Premature end of file.
2026-09-13 10:25:00,285 [ERROR] LogOutputStream:75 - [STDERR_REDIRECT] 
2026-09-13 10:25:01,280 [ERROR] LogOutputStream:75 - [STDERR_REDIRECT] [Fatal Error] :1:1: Premature end of file.
2026-09-13 10:25:01,281 [ERROR] LogOutputStream:75 - [STDERR_REDIRECT] 
2026-09-13 10:25:02,293 [ERROR] LogOutputStream:75 - [STDERR_REDIRECT] [Fatal Error] :1:1: Premature end of file.
2026-09-13 10:25:02,293 [ERROR] LogOutputStream:75 - [STDERR_REDIRECT] 
2026-09-13 10:25:03,281 [ERROR] LogOutputStream:75 - [STDERR_REDIRECT] [Fatal Error] :1:1: Premature end of file.
2026-09-13 10:25:03,281 [ERROR] LogOutputStream:75 - [STDERR_REDIRECT] 
2026-09-13 10:25:04,281 [ERROR] LogOutputStream:75 - [STDERR_REDIRECT] [Fatal Error] :1:1: Premature end of file.
2026-09-13 10:25:04,281 [ERROR] LogOutputStream:75 - [STDERR_REDIRECT] 
2026-09-13 10:25:05,283 [ERROR] LogOutputStream:75 - [STDERR_REDIRECT] [Fatal Error] :1:1: Premature end of file.
2026-09-13 10:25:05,283 [ERROR] LogOutputStream:75 - [STDERR_REDIRECT] 
2026-09-13 10:25:06,285 [ERROR] LogOutputStream:75 - [STDERR_REDIRECT] [Fatal Error] :1:1: Premature end of file.
2026-09-13 10:25:06,285 [ERROR] LogOutputStream:75 - [STDERR_REDIRECT] 
2026-09-13 10:25:07,280 [ERROR] LogOutputStream:75 - [STDERR_REDIRECT] [Fatal Error] :1:1: Premature end of file.
2026-09-13 10:25:07,280 [ERROR] LogOutputStream:75 - [STDERR_REDIRECT] 
2026-09-13 10:25:08,281 [ERROR] LogOutputStream:75 - [STDERR_REDIRECT] [Fatal Error] :1:1: Premature end of file.
2026-09-13 10:25:08,282 [ERROR] LogOutputStream:75 - [STDERR_REDIRECT] 
2026-09-13 10:25:09,280 [ERROR] LogOutputStream:75 - [STDERR_REDIRECT] [Fatal Error] :1:1: Premature end of file.
2026-09-13 10:25:09,281 [ERROR] LogOutputStream:75 - [STDERR_REDIRECT] 
2026-09-13 10:25:10,286 [ERROR] LogOutputStream:75 - [STDERR_REDIRECT] [Fatal Error] :1:1: Premature end of file.
2026-09-13 10:25:10,286 [ERROR] LogOutputStream:75 - [STDERR_REDIRECT] 
2026-09-13 10:25:11,284 [ERROR] LogOutputStream:75 - [STDERR_REDIRECT] [Fatal Error] :1:1: Premature end of file.
2026-09-13 10:25:11,284 [ERROR] LogOutputStream:75 - [STDERR_REDIRECT] 
2026-09-13 10:25:12,281 [ERROR] LogOutputStream:75 - [STDERR_REDIRECT] [Fatal Error] :1:1: Premature end of file.
2026-09-13 10:25:12,281 [ERROR] LogOutputStream:75 - [STDERR_REDIRECT] 
2026-09-13 10:25:13,282 [ERROR] LogOutputStream:75 - [STDERR_REDIRECT] [Fatal Error] :1:1: Premature end of file.
2026-09-13 10:25:13,282 [ERROR] LogOutputStream:75 - [STDERR_REDIRECT] 
2026-09-13 10:25:14,281 [ERROR] LogOutputStream:75 - [STDERR_REDIRECT] [Fatal Error] :1:1: Premature end of file.
2026-09-13 10:25:14,281 [ERROR] LogOutputStream:75 - [STDERR_REDIRECT] 
2026-09-13 10:25:15,280 [ERROR] LogOutputStream:75 - [STDERR_REDIRECT] [Fatal Error] :1:1: Premature end of file.
2026-09-13 10:25:15,281 [ERROR] LogOutputStream:75 - [STDERR_REDIRECT] 
2026-09-13 10:25:16,283 [ERROR] LogOutputStream:75 - [STDERR_REDIRECT] [Fatal Error] :1:1: Premature end of file.
2026-09-13 10:25:16,284 [ERROR] LogOutputStream:75 - [STDERR_REDIRECT] 
2026-09-13 10:25:17,281 [ERROR] LogOutputStream:75 - [STDERR_REDIRECT] [Fatal Error] :1:1: Premature end of file.
2026-09-13 10:25:17,282 [ERROR] LogOutputStream:75 - [STDERR_REDIRECT] 
2026-09-13 10:25:18,282 [ERROR] LogOutputStream:75 - [STDERR_REDIRECT] [Fatal Error] :1:1: Premature end of file.
2026-09-13 10:25:18,282 [ERROR] LogOutputStream:75 - [STDERR_REDIRECT] 
2026-09-13 10:25:19,280 [ERROR] LogOutputStream:75 - [STDERR_REDIRECT] [Fatal Error] :1:1: Premature end of file.
2026-09-13 10:25:19,280 [ERROR] LogOutputStream:75 - [STDERR_REDIRECT] 
2026-09-13 10:25:20,281 [ERROR] LogOutputStream:75 - [STDERR_REDIRECT] [Fatal Error] :1:1: Premature end of file.
2026-09-13 10:25:20,281 [ERROR] LogOutputStream:75 - [STDERR_REDIRECT] 
2026-09-13 10:25:21,281 [ERROR] LogOutputStream:75 - [STDERR_REDIRECT] [Fatal Error] :1:1: Premature end of file.
2026-09-13 10:25:21,281 [ERROR] LogOutputStream:75 - [STDERR_REDIRECT] 
2026-09-13 10:25:22,284 [ERROR] LogOutputStream:75 - [STDERR_REDIRECT] [Fatal Error] :1:1: Premature end of file.
2026-09-13 10:25:22,284 [ERROR] LogOutputStream:75 - [STDERR_REDIRECT] 
2026-09-13 10:25:23,280 [ERROR] LogOutputStream:75 - [STDERR_REDIRECT] [Fatal Error] :1:1: Premature end of file.
2026-09-13 10:25:23,280 [ERROR] LogOutputStream:75 - [STDERR_REDIRECT] 
2026-09-13 10:25:24,280 [ERROR] LogOutputStream:75 - [STDERR_REDIRECT] [Fatal Error] :1:1: Premature end of file.
2026-09-13 10:25:24,280 [ERROR] LogOutputStream:75 - [STDERR_REDIRECT] 
2026-09-13 10:25:25,279 [ERROR] LogOutputStream:75 - [STDERR_REDIRECT] [Fatal Error] :1:1: Premature end of file.
2026-09-13 10:25:25,279 [ERROR] LogOutputStream:75 - [STDERR_REDIRECT] 
2026-09-13 10:25:26,282 [ERROR] LogOutputStream:75 - [STDERR_REDIRECT] [Fatal Error] :1:1: Premature end of file.
2026-09-13 10:25:26,282 [ERROR] LogOutputStream:75 - [STDERR_REDIRECT] 
2026-09-13 10:25:27,279 [ERROR] LogOutputStream:75 - [STDERR_REDIRECT] [Fatal Error] :1:1: Premature end of file.
2026-09-13 10:25:27,280 [ERROR] LogOutputStream:75 - [STDERR_REDIRECT] 
2026-09-13 10:25:28,283 [ERROR] LogOutputStream:75 - [STDERR_REDIRECT] [Fatal Error] :1:1: Premature end of file.
2026-09-13 10:25:28,283 [ERROR] LogOutputStream:75 - [STDERR_REDIRECT] 
2026-09-13 10:25:29,286 [ERROR] LogOutputStream:75 - [STDERR_REDIRECT] [Fatal Error] :1:1: Premature end of file.
2026-09-13 10:25:29,286 [ERROR] LogOutputStream:75 - [STDERR_REDIRECT] 
2026-09-13 10:25:30,279 [ERROR] LogOutputStream:75 - [STDERR_REDIRECT] [Fatal Error] :1:1: Premature end of file.
2026-09-13 10:25:30,279 [ERROR] LogOutputStream:75 - [STDERR_REDIRECT] 
2026-09-13 10:25:31,281 [ERROR] LogOutputStream:75 - [STDERR_REDIRECT] [Fatal Error] :1:1: Premature end of file.
2026-09-13 10:25:31,282 [ERROR] LogOutputStream:75 - [STDERR_REDIRECT] 
2026-09-13 10:25:32,282 [ERROR] LogOutputStream:75 - [STDERR_REDIRECT] [Fatal Error] :1:1: Premature end of file.
2026-09-13 10:25:32,282 [ERROR] LogOutputStream:75 - [STDERR_REDIRECT] 
2026-09-13 10:25:33,281 [ERROR] LogOutputStream:75 - [STDERR_REDIRECT] [Fatal Error] :1:1: Premature end of file.
2026-09-13 10:25:33,281 [ERROR] LogOutputStream:75 - [STDERR_REDIRECT] 
2026-09-13 10:25:34,282 [ERROR] LogOutputStream:75 - [STDERR_REDIRECT] [Fatal Error] :1:1: Premature end of file.
2026-09-13 10:25:34,282 [ERROR] LogOutputStream:75 - [STDERR_REDIRECT] 
2026-09-13 10:25:35,282 [ERROR] LogOutputStream:75 - [STDERR_REDIRECT] [Fatal Error] :1:1: Premature end of file.
2026-09-13 10:25:35,282 [ERROR] LogOutputStream:75 - [STDERR_REDIRECT] 
2026-09-13 10:25:36,280 [ERROR] LogOutputStream:75 - [STDERR_REDIRECT] [Fatal Error] :1:1: Premature end of file.
2026-09-13 10:25:36,280 [ERROR] LogOutputStream:75 - [STDERR_REDIRECT] 
2026-09-13 10:25:37,279 [ERROR] LogOutputStream:75 - [STDERR_REDIRECT] [Fatal Error] :1:1: Premature end of file.
2026-09-13 10:25:37,279 [ERROR] LogOutputStream:75 - [STDERR_REDIRECT] 
2026-09-13 10:25:38,282 [ERROR] LogOutputStream:75 - [STDERR_REDIRECT] [Fatal Error] :1:1: Premature end of file.
2026-09-13 10:25:38,282 [ERROR] LogOutputStream:75 - [STDERR_REDIRECT] 
2026-09-13 10:25:39,282 [ERROR] LogOutputStream:75 - [STDERR_REDIRECT] [Fatal Error] :1:1: Premature end of file.
2026-09-13 10:25:39,282 [ERROR] LogOutputStream:75 - [STDERR_REDIRECT] 
2026-09-13 10:25:40,279 [ERROR] LogOutputStream:75 - [STDERR_REDIRECT] [Fatal Error] :1:1: Premature end of file.
2026-09-13 10:25:40,280 [ERROR] LogOutputStream:75 - [STDERR_REDIRECT] 
2026-09-13 10:25:41,283 [ERROR] LogOutputStream:75 - [STDERR_REDIRECT] [Fatal Error] :1:1: Premature end of file.
2026-09-13 10:25:41,283 [ERROR] LogOutputStream:75 - [STDERR_REDIRECT] 
2026-09-13 10:25:42,281 [ERROR] LogOutputStream:75 - [STDERR_REDIRECT] [Fatal Error] :1:1: Premature end of file.
2026-09-13 10:25:42,281 [ERROR] LogOutputStream:75 - [STDERR_REDIRECT] 
2026-09-13 10:25:43,280 [ERROR] LogOutputStream:75 - [STDERR_REDIRECT] [Fatal Error] :1:1: Premature end of file.
2026-09-13 10:25:43,280 [ERROR] LogOutputStream:75 - [STDERR_REDIRECT] 
2026-09-13 10:25:44,284 [ERROR] LogOutputStream:75 - [STDERR_REDIRECT] [Fatal Error] :1:1: Premature end of file.
2026-09-13 10:25:44,284 [ERROR] LogOutputStream:75 - [STDERR_REDIRECT] 
2026-09-13 10:25:45,282 [ERROR] LogOutputStream:75 - [STDERR_REDIRECT] [Fatal Error] :1:1: Premature end of file.
2026-09-13 10:25:45,282 [ERROR] LogOutputStream:75 - [STDERR_REDIRECT] 
2026-09-13 10:25:46,280 [ERROR] LogOutputStream:75 - [STDERR_REDIRECT] [Fatal Error] :1:1: Premature end of file.
2026-09-13 10:25:46,280 [ERROR] LogOutputStream:75 - [STDERR_REDIRECT] 
2026-09-13 10:25:47,280 [ERROR] LogOutputStream:75 - [STDERR_REDIRECT] [Fatal Error] :1:1: Premature end of file.
2026-09-13 10:25:47,280 [ERROR] LogOutputStream:75 - [STDERR_REDIRECT] 
2026-09-13 10:25:48,283 [ERROR] LogOutputStream:75 - [STDERR_REDIRECT] [Fatal Error] :1:1: Premature end of file.
2026-09-13 10:25:48,283 [ERROR] LogOutputStream:75 - [STDERR_REDIRECT] 
2026-09-13 10:25:49,282 [ERROR] LogOutputStream:75 - [STDERR_REDIRECT] [Fatal Error] :1:1: Premature end of file.
2026-09-13 10:25:49,282 [ERROR] LogOutputStream:75 - [STDERR_REDIRECT] 
2026-09-13 10:25:50,283 [ERROR] LogOutputStream:75 - [STDERR_REDIRECT] [Fatal Error] :1:1: Premature end of file.
2026-09-13 10:25:50,283 [ERROR] LogOutputStream:75 - [STDERR_REDIRECT] 
2026-09-13 10:25:51,280 [ERROR] LogOutputStream:75 - [STDERR_REDIRECT] [Fatal Error] :1:1: Premature end of file.
2026-09-13 10:25:51,280 [ERROR] LogOutputStream:75 - [STDERR_REDIRECT] 
2026-09-13 10:25:52,280 [ERROR] LogOutputStream:75 - [STDERR_REDIRECT] [Fatal Error] :1:1: Premature end of file.
2026-09-13 10:25:52,280 [ERROR] LogOutputStream:75 - [STDERR_REDIRECT] 
2026-09-13 10:25:53,289 [ERROR] LogOutputStream:75 - [STDERR_REDIRECT] [Fatal Error] :1:1: Premature end of file.
2026-09-13 10:25:53,289 [ERROR] LogOutputStream:75 - [STDERR_REDIRECT] 
2026-09-13 10:25:54,288 [ERROR] LogOutputStream:75 - [STDERR_REDIRECT] [Fatal Error] :1:1: Premature end of file.
2026-09-13 10:25:54,288 [ERROR] LogOutputStream:75 - [STDERR_REDIRECT] 
2026-09-13 10:25:55,287 [ERROR] LogOutputStream:75 - [STDERR_REDIRECT] [Fatal Error] :1:1: Premature end of file.
2026-09-13 10:25:55,287 [ERROR] LogOutputStream:75 - [STDERR_REDIRECT] 
2026-09-13 10:25:56,289 [ERROR] LogOutputStream:75 - [STDERR_REDIRECT] [Fatal Error] :1:1: Premature end of file.
2026-09-13 10:25:56,289 [ERROR] LogOutputStream:75 - [STDERR_REDIRECT] 
2026-09-13 10:25:57,285 [ERROR] LogOutputStream:75 - [STDERR_REDIRECT] [Fatal Error] :1:1: Premature end of file.
2026-09-13 10:25:57,285 [ERROR] LogOutputStream:75 - [STDERR_REDIRECT] 
2026-09-13 10:25:58,283 [ERROR] LogOutputStream:75 - [STDERR_REDIRECT] [Fatal Error] :1:1: Premature end of file.
2026-09-13 10:25:58,283 [ERROR] LogOutputStream:75 - [STDERR_REDIRECT] 
2026-09-13 10:25:59,280 [ERROR] LogOutputStream:75 - [STDERR_REDIRECT] [Fatal Error] :1:1: Premature end of file.
2026-09-13 10:25:59,280 [ERROR] LogOutputStream:75 - [STDERR_REDIRECT] 
2026-09-13 10:26:00,283 [ERROR] LogOutputStream:75 - [STDERR_REDIRECT] [Fatal Error] :1:1: Premature end of file.
2026-09-13 10:26:00,283 [ERROR] LogOutputStream:75 - [STDERR_REDIRECT] 
2026-09-13 10:26:01,288 [ERROR] LogOutputStream:75 - [STDERR_REDIRECT] [Fatal Error] :1:1: Premature end of file.
2026-09-13 10:26:01,288 [ERROR] LogOutputStream:75 - [STDERR_REDIRECT] 
2026-09-13 10:26:02,283 [ERROR] LogOutputStream:75 - [STDERR_REDIRECT] [Fatal Error] :1:1: Premature end of file.
2026-09-13 10:26:02,283 [ERROR] LogOutputStream:75 - [STDERR_REDIRECT] 
2026-09-13 10:26:03,283 [ERROR] LogOutputStream:75 - [STDERR_REDIRECT] [Fatal Error] :1:1: Premature end of file.
2026-09-13 10:26:03,283 [ERROR] LogOutputStream:75 - [STDERR_REDIRECT] 
2026-09-13 10:26:04,282 [ERROR] LogOutputStream:75 - [STDERR_REDIRECT] [Fatal Error] :1:1: Premature end of file.
2026-09-13 10:26:04,282 [ERROR] LogOutputStream:75 - [STDERR_REDIRECT] 
2026-09-13 10:26:05,283 [ERROR] LogOutputStream:75 - [STDERR_REDIRECT] [Fatal Error] :1:1: Premature end of file.
2026-09-13 10:26:05,284 [ERROR] LogOutputStream:75 - [STDERR_REDIRECT] 
2026-09-13 10:26:06,285 [ERROR] LogOutputStream:75 - [STDERR_REDIRECT] [Fatal Error] :1:1: Premature end of file.
2026-09-13 10:26:06,285 [ERROR] LogOutputStream:75 - [STDERR_REDIRECT] 
2026-09-13 10:26:07,291 [ERROR] LogOutputStream:75 - [STDERR_REDIRECT] [Fatal Error] :1:1: Premature end of file.
2026-09-13 10:26:07,291 [ERROR] LogOutputStream:75 - [STDERR_REDIRECT] 
2026-09-13 10:26:08,294 [ERROR] LogOutputStream:75 - [STDERR_REDIRECT] [Fatal Error] :1:1: Premature end of file.
2026-09-13 10:26:08,294 [ERROR] LogOutputStream:75 - [STDERR_REDIRECT] 
2026-09-13 10:26:09,285 [ERROR] LogOutputStream:75 - [STDERR_REDIRECT] [Fatal Error] :1:1: Premature end of file.
2026-09-13 10:26:09,286 [ERROR] LogOutputStream:75 - [STDERR_REDIRECT] 
2026-09-13 10:26:10,288 [ERROR] LogOutputStream:75 - [STDERR_REDIRECT] [Fatal Error] :1:1: Premature end of file.
2026-09-13 10:26:10,288 [ERROR] LogOutputStream:75 - [STDERR_REDIRECT] 
2026-09-13 10:26:11,282 [ERROR] LogOutputStream:75 - [STDERR_REDIRECT] [Fatal Error] :1:1: Premature end of file.
2026-09-13 10:26:11,282 [ERROR] LogOutputStream:75 - [STDERR_REDIRECT] 
2026-09-13 10:26:12,283 [ERROR] LogOutputStream:75 - [STDERR_REDIRECT] [Fatal Error] :1:1: Premature end of file.
2026-09-13 10:26:12,283 [ERROR] LogOutputStream:75 - [STDERR_REDIRECT] 
2026-09-13 10:26:13,286 [ERROR] LogOutputStream:75 - [STDERR_REDIRECT] [Fatal Error] :1:1: Premature end of file.
2026-09-13 10:26:13,286 [ERROR] LogOutputStream:75 - [STDERR_REDIRECT] 
2026-09-13 10:26:14,282 [ERROR] LogOutputStream:75 - [STDERR_REDIRECT] [Fatal Error] :1:1: Premature end of file.
2026-09-13 10:26:14,282 [ERROR] LogOutputStream:75 - [STDERR_REDIRECT] 
2026-09-13 10:26:15,281 [ERROR] LogOutputStream:75 - [STDERR_REDIRECT] [Fatal Error] :1:1: Premature end of file.
2026-09-13 10:26:15,281 [ERROR] LogOutputStream:75 - [STDERR_REDIRECT] 
2026-09-13 10:26:16,280 [ERROR] LogOutputStream:75 - [STDERR_REDIRECT] [Fatal Error] :1:1: Premature end of file.
2026-09-13 10:26:16,280 [ERROR] LogOutputStream:75 - [STDERR_REDIRECT] 
2026-09-13 10:26:17,281 [ERROR] LogOutputStream:75 - [STDERR_REDIRECT] [Fatal Error] :1:1: Premature end of file.
2026-09-13 10:26:17,281 [ERROR] LogOutputStream:75 - [STDERR_REDIRECT] 
2026-09-13 10:26:18,279 [ERROR] LogOutputStream:75 - [STDERR_REDIRECT] [Fatal Error] :1:1: Premature end of file.
2026-09-13 10:26:18,279 [ERROR] LogOutputStream:75 - [STDERR_REDIRECT] 
2026-09-13 10:26:19,284 [ERROR] LogOutputStream:75 - [STDERR_REDIRECT] [Fatal Error] :1:1: Premature end of file.
2026-09-13 10:26:19,284 [ERROR] LogOutputStream:75 - [STDERR_REDIRECT] 
2026-09-13 10:26:20,284 [ERROR] LogOutputStream:75 - [STDERR_REDIRECT] [Fatal Error] :1:1: Premature end of file.
2026-09-13 10:26:20,284 [ERROR] LogOutputStream:75 - [STDERR_REDIRECT] 
2026-09-13 10:26:21,282 [ERROR] LogOutputStream:75 - [STDERR_REDIRECT] [Fatal Error] :1:1: Premature end of file.
2026-09-13 10:26:21,282 [ERROR] LogOutputStream:75 - [STDERR_REDIRECT] 
2026-09-13 10:26:22,281 [ERROR] LogOutputStream:75 - [STDERR_REDIRECT] [Fatal Error] :1:1: Premature end of file.
2026-09-13 10:26:22,281 [ERROR] LogOutputStream:75 - [STDERR_REDIRECT] 
2026-09-13 10:26:23,281 [ERROR] LogOutputStream:75 - [STDERR_REDIRECT] [Fatal Error] :1:1: Premature end of file.
2026-09-13 10:26:23,282 [ERROR] LogOutputStream:75 - [STDERR_REDIRECT] 
2026-09-13 10:26:24,285 [ERROR] LogOutputStream:75 - [STDERR_REDIRECT] [Fatal Error] :1:1: Premature end of file.
2026-09-13 10:26:24,285 [ERROR] LogOutputStream:75 - [STDERR_REDIRECT] 
2026-09-13 10:26:25,285 [ERROR] LogOutputStream:75 - [STDERR_REDIRECT] [Fatal Error] :1:1: Premature end of file.
2026-09-13 10:26:25,286 [ERROR] LogOutputStream:75 - [STDERR_REDIRECT] 
2026-09-13 10:26:26,286 [ERROR] LogOutputStream:75 - [STDERR_REDIRECT] [Fatal Error] :1:1: Premature end of file.
2026-09-13 10:26:26,286 [ERROR] LogOutputStream:75 - [STDERR_REDIRECT] 
2026-09-13 10:26:27,285 [ERROR] LogOutputStream:75 - [STDERR_REDIRECT] [Fatal Error] :1:1: Premature end of file.
2026-09-13 10:26:27,286 [ERROR] LogOutputStream:75 - [STDERR_REDIRECT] 
2026-09-13 10:26:28,280 [ERROR] LogOutputStream:75 - [STDERR_REDIRECT] [Fatal Error] :1:1: Premature end of file.
2026-09-13 10:26:28,280 [ERROR] LogOutputStream:75 - [STDERR_REDIRECT] 
2026-09-13 10:26:29,282 [ERROR] LogOutputStream:75 - [STDERR_REDIRECT] [Fatal Error] :1:1: Premature end of file.
2026-09-13 10:26:29,282 [ERROR] LogOutputStream:75 - [STDERR_REDIRECT] 
2026-09-13 10:26:30,287 [ERROR] LogOutputStream:75 - [STDERR_REDIRECT] [Fatal Error] :1:1: Premature end of file.
2026-09-13 10:26:30,287 [ERROR] LogOutputStream:75 - [STDERR_REDIRECT] 
2026-09-13 10:26:31,288 [ERROR] LogOutputStream:75 - [STDERR_REDIRECT] [Fatal Error] :1:1: Premature end of file.
2026-09-13 10:26:31,288 [ERROR] LogOutputStream:75 - [STDERR_REDIRECT] 
2026-09-13 10:26:32,286 [ERROR] LogOutputStream:75 - [STDERR_REDIRECT] [Fatal Error] :1:1: Premature end of file.
2026-09-13 10:26:32,287 [ERROR] LogOutputStream:75 - [STDERR_REDIRECT] 
2026-09-13 10:26:33,282 [ERROR] LogOutputStream:75 - [STDERR_REDIRECT] [Fatal Error] :1:1: Premature end of file.
2026-09-13 10:26:33,282 [ERROR] LogOutputStream:75 - [STDERR_REDIRECT] 
2026-09-13 10:26:34,284 [ERROR] LogOutputStream:75 - [STDERR_REDIRECT] [Fatal Error] :1:1: Premature end of file.
2026-09-13 10:26:34,284 [ERROR] LogOutputStream:75 - [STDERR_REDIRECT] 
2026-09-13 10:26:35,281 [ERROR] LogOutputStream:75 - [STDERR_REDIRECT] [Fatal Error] :1:1: Premature end of file.
2026-09-13 10:26:35,281 [ERROR] LogOutputStream:75 - [STDERR_REDIRECT] 
2026-09-13 10:26:36,285 [ERROR] LogOutputStream:75 - [STDERR_REDIRECT] [Fatal Error] :1:1: Premature end of file.
2026-09-13 10:26:36,285 [ERROR] LogOutputStream:75 - [STDERR_REDIRECT] 
2026-09-13 10:26:37,283 [ERROR] LogOutputStream:75 - [STDERR_REDIRECT] [Fatal Error] :1:1: Premature end of file.
2026-09-13 10:26:37,283 [ERROR] LogOutputStream:75 - [STDERR_REDIRECT] 
2026-09-13 10:26:38,285 [ERROR] LogOutputStream:75 - [STDERR_REDIRECT] [Fatal Error] :1:1: Premature end of file.
2026-09-13 10:26:38,285 [ERROR] LogOutputStream:75 - [STDERR_REDIRECT] 
2026-09-13 10:26:39,281 [ERROR] LogOutputStream:75 - [STDERR_REDIRECT] [Fatal Error] :1:1: Premature end of file.
2026-09-13 10:26:39,281 [ERROR] LogOutputStream:75 - [STDERR_REDIRECT] 
2026-09-13 10:26:40,282 [ERROR] LogOutputStream:75 - [STDERR_REDIRECT] [Fatal Error] :1:1: Premature end of file.
2026-09-13 10:26:40,282 [ERROR] LogOutputStream:75 - [STDERR_REDIRECT] 
2026-09-13 10:26:41,279 [ERROR] LogOutputStream:75 - [STDERR_REDIRECT] [Fatal Error] :1:1: Premature end of file.
2026-09-13 10:26:41,279 [ERROR] LogOutputStream:75 - [STDERR_REDIRECT] 
2026-09-13 10:26:42,285 [ERROR] LogOutputStream:75 - [STDERR_REDIRECT] [Fatal Error] :1:1: Premature end of file.
2026-09-13 10:26:42,285 [ERROR] LogOutputStream:75 - [STDERR_REDIRECT] 
2026-09-13 10:26:43,280 [ERROR] LogOutputStream:75 - [STDERR_REDIRECT] [Fatal Error] :1:1: Premature end of file.
2026-09-13 10:26:43,280 [ERROR] LogOutputStream:75 - [STDERR_REDIRECT] 
2026-09-13 10:26:44,282 [ERROR] LogOutputStream:75 - [STDERR_REDIRECT] [Fatal Error] :1:1: Premature end of file.
2026-09-13 10:26:44,282 [ERROR] LogOutputStream:75 - [STDERR_REDIRECT] 
2026-09-13 10:26:45,288 [ERROR] LogOutputStream:75 - [STDERR_REDIRECT] [Fatal Error] :1:1: Premature end of file.
2026-09-13 10:26:45,288 [ERROR] LogOutputStream:75 - [STDERR_REDIRECT] 
2026-09-13 10:26:46,280 [ERROR] LogOutputStream:75 - [STDERR_REDIRECT] [Fatal Error] :1:1: Premature end of file.
2026-09-13 10:26:46,281 [ERROR] LogOutputStream:75 - [STDERR_REDIRECT] 
2026-09-13 10:26:47,280 [ERROR] LogOutputStream:75 - [STDERR_REDIRECT] [Fatal Error] :1:1: Premature end of file.
2026-09-13 10:26:47,280 [ERROR] LogOutputStream:75 - [STDERR_REDIRECT] 
2026-09-13 10:26:48,287 [ERROR] LogOutputStream:75 - [STDERR_REDIRECT] [Fatal Error] :1:1: Premature end of file.
2026-09-13 10:26:48,287 [ERROR] LogOutputStream:75 - [STDERR_REDIRECT] 
2026-09-13 10:26:49,283 [ERROR] LogOutputStream:75 - [STDERR_REDIRECT] [Fatal Error] :1:1: Premature end of file.
2026-09-13 10:26:49,284 [ERROR] LogOutputStream:75 - [STDERR_REDIRECT] 
2026-09-13 10:26:50,281 [ERROR] LogOutputStream:75 - [STDERR_REDIRECT] [Fatal Error] :1:1: Premature end of file.
2026-09-13 10:26:50,281 [ERROR] LogOutputStream:75 - [STDERR_REDIRECT] 
2026-09-13 10:26:51,280 [ERROR] LogOutputStream:75 - [STDERR_REDIRECT] [Fatal Error] :1:1: Premature end of file.
2026-09-13 10:26:51,280 [ERROR] LogOutputStream:75 - [STDERR_REDIRECT] 
2026-09-13 10:26:52,280 [ERROR] LogOutputStream:75 - [STDERR_REDIRECT] [Fatal Error] :1:1: Premature end of file.
2026-09-13 10:26:52,280 [ERROR] LogOutputStream:75 - [STDERR_REDIRECT] 
2026-09-13 10:26:53,280 [ERROR] LogOutputStream:75 - [STDERR_REDIRECT] [Fatal Error] :1:1: Premature end of file.
2026-09-13 10:26:53,281 [ERROR] LogOutputStream:75 - [STDERR_REDIRECT] 
2026-09-13 10:26:54,279 [ERROR] LogOutputStream:75 - [STDERR_REDIRECT] [Fatal Error] :1:1: Premature end of file.
2026-09-13 10:26:54,280 [ERROR] LogOutputStream:75 - [STDERR_REDIRECT] 
2026-09-13 10:26:55,287 [ERROR] LogOutputStream:75 - [STDERR_REDIRECT] [Fatal Error] :1:1: Premature end of file.
2026-09-13 10:26:55,287 [ERROR] LogOutputStream:75 - [STDERR_REDIRECT] 
2026-09-13 10:26:56,281 [ERROR] LogOutputStream:75 - [STDERR_REDIRECT] [Fatal Error] :1:1: Premature end of file.
2026-09-13 10:26:56,281 [ERROR] LogOutputStream:75 - [STDERR_REDIRECT] 
2026-09-13 10:26:57,280 [ERROR] LogOutputStream:75 - [STDERR_REDIRECT] [Fatal Error] :1:1: Premature end of file.
2026-09-13 10:26:57,280 [ERROR] LogOutputStream:75 - [STDERR_REDIRECT] 
2026-09-13 10:26:58,279 [ERROR] LogOutputStream:75 - [STDERR_REDIRECT] [Fatal Error] :1:1: Premature end of file.
2026-09-13 10:26:58,279 [ERROR] LogOutputStream:75 - [STDERR_REDIRECT] 
2026-09-13 10:26:59,285 [ERROR] LogOutputStream:75 - [STDERR_REDIRECT] [Fatal Error] :1:1: Premature end of file.
2026-09-13 10:26:59,285 [ERROR] LogOutputStream:75 - [STDERR_REDIRECT] 
2026-09-13 10:27:00,283 [ERROR] LogOutputStream:75 - [STDERR_REDIRECT] [Fatal Error] :1:1: Premature end of file.
2026-09-13 10:27:00,283 [ERROR] LogOutputStream:75 - [STDERR_REDIRECT] 
2026-09-13 10:27:01,285 [ERROR] LogOutputStream:75 - [STDERR_REDIRECT] [Fatal Error] :1:1: Premature end of file.
2026-09-13 10:27:01,285 [ERROR] LogOutputStream:75 - [STDERR_REDIRECT] 
2026-09-13 10:27:02,282 [ERROR] LogOutputStream:75 - [STDERR_REDIRECT] [Fatal Error] :1:1: Premature end of file.
2026-09-13 10:27:02,282 [ERROR] LogOutputStream:75 - [STDERR_REDIRECT] 
2026-09-13 10:27:03,281 [ERROR] LogOutputStream:75 - [STDERR_REDIRECT] [Fatal Error] :1:1: Premature end of file.
2026-09-13 10:27:03,281 [ERROR] LogOutputStream:75 - [STDERR_REDIRECT] 
2026-09-13 10:27:04,280 [ERROR] LogOutputStream:75 - [STDERR_REDIRECT] [Fatal Error] :1:1: Premature end of file.
2026-09-13 10:27:04,280 [ERROR] LogOutputStream:75 - [STDERR_REDIRECT] 
2026-09-13 10:27:05,282 [ERROR] LogOutputStream:75 - [STDERR_REDIRECT] [Fatal Error] :1:1: Premature end of file.
2026-09-13 10:27:05,282 [ERROR] LogOutputStream:75 - [STDERR_REDIRECT] 
2026-09-13 10:27:06,292 [ERROR] LogOutputStream:75 - [STDERR_REDIRECT] [Fatal Error] :1:1: Premature end of file.
2026-09-13 10:27:06,293 [ERROR] LogOutputStream:75 - [STDERR_REDIRECT] 
2026-09-13 10:27:07,284 [ERROR] LogOutputStream:75 - [STDERR_REDIRECT] [Fatal Error] :1:1: Premature end of file.
2026-09-13 10:27:07,284 [ERROR] LogOutputStream:75 - [STDERR_REDIRECT] 
2026-09-13 10:27:08,284 [ERROR] LogOutputStream:75 - [STDERR_REDIRECT] [Fatal Error] :1:1: Premature end of file.
2026-09-13 10:27:08,285 [ERROR] LogOutputStream:75 - [STDERR_REDIRECT] 
2026-09-13 10:27:09,281 [ERROR] LogOutputStream:75 - [STDERR_REDIRECT] [Fatal Error] :1:1: Premature end of file.
2026-09-13 10:27:09,282 [ERROR] LogOutputStream:75 - [STDERR_REDIRECT] 
2026-09-13 10:27:10,288 [ERROR] LogOutputStream:75 - [STDERR_REDIRECT] [Fatal Error] :1:1: Premature end of file.
2026-09-13 10:27:10,288 [ERROR] LogOutputStream:75 - [STDERR_REDIRECT] 
2026-09-13 10:27:11,288 [ERROR] LogOutputStream:75 - [STDERR_REDIRECT] [Fatal Error] :1:1: Premature end of file.
2026-09-13 10:27:11,288 [ERROR] LogOutputStream:75 - [STDERR_REDIRECT] 
2026-09-13 10:27:12,282 [ERROR] LogOutputStream:75 - [STDERR_REDIRECT] [Fatal Error] :1:1: Premature end of file.
2026-09-13 10:27:12,282 [ERROR] LogOutputStream:75 - [STDERR_REDIRECT] 
2026-09-13 10:27:13,280 [ERROR] LogOutputStream:75 - [STDERR_REDIRECT] [Fatal Error] :1:1: Premature end of file.
2026-09-13 10:27:13,280 [ERROR] LogOutputStream:75 - [STDERR_REDIRECT] 
2026-09-13 10:27:14,282 [ERROR] LogOutputStream:75 - [STDERR_REDIRECT] [Fatal Error] :1:1: Premature end of file.
2026-09-13 10:27:14,282 [ERROR] LogOutputStream:75 - [STDERR_REDIRECT] 
2026-09-13 10:27:15,279 [ERROR] LogOutputStream:75 - [STDERR_REDIRECT] [Fatal Error] :1:1: Premature end of file.
2026-09-13 10:27:15,280 [ERROR] LogOutputStream:75 - [STDERR_REDIRECT] 
2026-09-13 10:27:16,280 [ERROR] LogOutputStream:75 - [STDERR_REDIRECT] [Fatal Error] :1:1: Premature end of file.
2026-09-13 10:27:16,280 [ERROR] LogOutputStream:75 - [STDERR_REDIRECT] 
2026-09-13 10:27:17,287 [ERROR] LogOutputStream:75 - [STDERR_REDIRECT] [Fatal Error] :1:1: Premature end of file.
2026-09-13 10:27:17,287 [ERROR] LogOutputStream:75 - [STDERR_REDIRECT] 
2026-09-13 10:27:18,284 [ERROR] LogOutputStream:75 - [STDERR_REDIRECT] [Fatal Error] :1:1: Premature end of file.
2026-09-13 10:27:18,285 [ERROR] LogOutputStream:75 - [STDERR_REDIRECT] 
2026-09-13 10:27:19,280 [ERROR] LogOutputStream:75 - [STDERR_REDIRECT] [Fatal Error] :1:1: Premature end of file.
2026-09-13 10:27:19,280 [ERROR] LogOutputStream:75 - [STDERR_REDIRECT] 
2026-09-13 10:27:20,282 [ERROR] LogOutputStream:75 - [STDERR_REDIRECT] [Fatal Error] :1:1: Premature end of file.
2026-09-13 10:27:20,282 [ERROR] LogOutputStream:75 - [STDERR_REDIRECT] 
2026-09-13 10:27:21,298 [ERROR] LogOutputStream:75 - [STDERR_REDIRECT] [Fatal Error] :1:1: Premature end of file.
2026-09-13 10:27:21,298 [ERROR] LogOutputStream:75 - [STDERR_REDIRECT] 
2026-09-13 10:27:22,282 [ERROR] LogOutputStream:75 - [STDERR_REDIRECT] [Fatal Error] :1:1: Premature end of file.
2026-09-13 10:27:22,282 [ERROR] LogOutputStream:75 - [STDERR_REDIRECT] 
2026-09-13 10:27:23,279 [ERROR] LogOutputStream:75 - [STDERR_REDIRECT] [Fatal Error] :1:1: Premature end of file.
2026-09-13 10:27:23,280 [ERROR] LogOutputStream:75 - [STDERR_REDIRECT] 
2026-09-13 10:27:24,282 [ERROR] LogOutputStream:75 - [STDERR_REDIRECT] [Fatal Error] :1:1: Premature end of file.
2026-09-13 10:27:24,282 [ERROR] LogOutputStream:75 - [STDERR_REDIRECT] 
2026-09-13 10:27:25,280 [ERROR] LogOutputStream:75 - [STDERR_REDIRECT] [Fatal Error] :1:1: Premature end of file.
2026-09-13 10:27:25,280 [ERROR] LogOutputStream:75 - [STDERR_REDIRECT] 
2026-09-13 10:27:26,278 [ERROR] LogOutputStream:75 - [STDERR_REDIRECT] [Fatal Error] :1:1: Premature end of file.
2026-09-13 10:27:26,278 [ERROR] LogOutputStream:75 - [STDERR_REDIRECT] 
2026-09-13 10:27:27,282 [ERROR] LogOutputStream:75 - [STDERR_REDIRECT] [Fatal Error] :1:1: Premature end of file.
2026-09-13 10:27:27,283 [ERROR] LogOutputStream:75 - [STDERR_REDIRECT] 
2026-09-13 10:27:28,278 [ERROR] LogOutputStream:75 - [STDERR_REDIRECT] [Fatal Error] :1:1: Premature end of file.
2026-09-13 10:27:28,278 [ERROR] LogOutputStream:75 - [STDERR_REDIRECT] 
2026-09-13 10:27:29,302 [ERROR] LogOutputStream:75 - [STDERR_REDIRECT] [Fatal Error] :1:1: Premature end of file.
2026-09-13 10:27:29,302 [ERROR] LogOutputStream:75 - [STDERR_REDIRECT] 
2026-09-13 10:27:30,032 [ERROR] LogOutputStream:75 - [STDERR_REDIRECT] 
2026-09-13 10:27:30,034 [ERROR] LogOutputStream:75 - [STDERR_REDIRECT] 
